v 0.0005985712050460279 -0.03224784508347511 0.11082381755113602
v 0.0005691824480891228 -0.031594835221767426 0.1087108626961708
v -0.002476714551448822 -0.031448353081941605 0.10844205319881439
v -0.0023229315411299467 -0.03201180323958397 0.11071443557739258
v -0.005556758027523756 -0.03180081397294998 0.11025615781545639
v -0.005593868903815746 -0.031227435916662216 0.10796458274126053
v -0.00866776518523693 -0.03169732540845871 0.10917997360229492
v -0.008933661505579948 -0.031027089804410934 0.10687442123889923
v -0.012051671743392944 -0.031766485422849655 0.10710008442401886
v -0.011995154432952404 -0.031037384644150734 0.10533716529607773
v -0.015172546729445457 -0.03207036107778549 0.10452179610729218
v -0.014894268475472927 -0.031148843467235565 0.10340443253517151
v -0.0185015220195055 -0.03215017914772034 0.10158354789018631
v -0.017659692093729973 -0.031125230714678764 0.10126695781946182
v -0.021616898477077484 -0.031781814992427826 0.09870725125074387
v -0.020239006727933884 -0.030903305858373642 0.09913341701030731
v -0.022135386243462563 -0.030767245218157768 0.09743553400039673
v -0.023478245362639427 -0.031286172568798065 0.09717962890863419
v -0.023135002702474594 -0.030635060742497444 0.09658966958522797
v -0.024054989218711853 -0.03100992739200592 0.09670022875070572
v -0.023431919515132904 -0.030543891713023186 0.09639725089073181
v -0.024300025776028633 -0.030905935913324356 0.09666311740875244
v -0.023339832201600075 -0.03041933663189411 0.09637846052646637
v -0.024318350479006767 -0.030768724158406258 0.0969003215432167
v -0.02272420935332775 -0.0303671732544899 0.09695237874984741
v -0.023915672674775124 -0.030568649992346764 0.09737611562013626
v -0.020774545148015022 -0.030647628009319305 0.0985879972577095
v -0.02215985395014286 -0.030548905953764915 0.09893535822629929
v -0.018043914809823036 -0.030671779066324234 0.10074843466281891
v -0.018583958968520164 -0.030771147459745407 0.10153451561927795
v -0.015156048350036144 -0.030564045533537865 0.10308649390935898
v -0.015542407520115376 -0.030791761353611946 0.10392975807189941
v -0.01192403957247734 -0.030477462336421013 0.10535545647144318
v -0.012158716097474098 -0.030610570684075356 0.10654866695404053
v -0.008457746356725693 -0.030771970748901367 0.10731794685125351
v -0.008734188042581081 -0.030746610835194588 0.10863646119832993
v -0.00496366061270237 -0.03084433637559414 0.10830353200435638
v -0.005535531789064407 -0.030741652473807335 0.10993808507919312
v -0.0015164018841460347 -0.030920937657356262 0.10908998548984528
v -0.0026396228931844234 -0.030835935845971107 0.11043686419725418
v 0.0005372120649553835 -0.030973684042692184 0.10914101451635361
v 0.0005664784694090486 -0.03097372129559517 0.11079155653715134
v 0.0005998472915962338 -0.029840592294931412 0.11316527426242828
v -0.0027337532956153154 -0.029746059328317642 0.11265421658754349
v -0.005743095651268959 -0.029646387323737144 0.11167174577713013
v -0.009100445546209812 -0.029672570526599884 0.11023816466331482
v 0.0005533223156817257 -0.028096945956349373 0.1147283986210823
v -0.0030087833292782307 -0.027882825583219528 0.11437907814979553
v 0.0005213978001847863 -0.025631088763475418 0.11500661820173264
v -0.003249466884881258 -0.024904679507017136 0.1146007552742958
v -0.006049663759768009 -0.02792578563094139 0.11328526586294174
v -0.00639773765578866 -0.025083182379603386 0.11376006156206131
v -0.009701290167868137 -0.02801358513534069 0.11152315139770508
v -0.01011156477034092 -0.025326862931251526 0.11222808063030243
v -0.012487874366343021 -0.029822003096342087 0.10799047350883484
v -0.013227833434939384 -0.028290769085288048 0.10939495265483856
v -0.014026801101863384 -0.02557554841041565 0.11019392311573029
v -0.0159282349050045 -0.030123727396130562 0.10531353950500488
v -0.017105406150221825 -0.028960714116692543 0.10654599219560623
v -0.01825871132314205 -0.026392659172415733 0.10732556134462357
v -0.019528763368725777 -0.03028203547000885 0.10220583528280258
v -0.020800555124878883 -0.029337670654058456 0.1032843291759491
v -0.021815160289406776 -0.02760779857635498 0.10391853004693985
v -0.02291550114750862 -0.030118627473711967 0.09928654134273529
v -0.02390250563621521 -0.02949591912329197 0.09984435141086578
v -0.024973919615149498 -0.02857036702334881 0.10043973475694656
v -0.02505892887711525 -0.030135884881019592 0.09733361750841141
v -0.026036078110337257 -0.030002379789948463 0.09783856570720673
v -0.02707049250602722 -0.02957266755402088 0.09822466224431992
v -0.025581318885087967 -0.030603375285863876 0.09667784720659256
v -0.02671518176794052 -0.030698299407958984 0.09688137471675873
v -0.027922803536057472 -0.030656693503260612 0.09700852632522583
v -0.02562413178384304 -0.031060414388775826 0.09664012491703033
v -0.026743363589048386 -0.031361352652311325 0.09656382352113724
v -0.027992039918899536 -0.03176887705922127 0.09647605568170547
v -0.028477966785430908 -0.028845231980085373 0.09841186553239822
v -0.026298144832253456 -0.027210701256990433 0.10079887509346008
v -0.02291489765048027 -0.02551339380443096 0.10395724326372147
v -0.018811073154211044 -0.02382909506559372 0.1072172075510025
v -0.014472910203039646 -0.02316048927605152 0.11015454679727554
v -0.010382051579654217 -0.02297898940742016 0.11228504776954651
v -0.006539113819599152 -0.022937964648008347 0.11369222402572632
v -0.0033453411888331175 -0.022678660228848457 0.11431818455457687
v 0.0005022216937504709 -0.023748226463794708 0.11474334448575974
v 0.0004946317058056593 -0.021416300907731056 0.11377698183059692
v -0.0021000546403229237 -0.020540298894047737 0.11375003308057785
v -0.0022431630641222 -0.017837505787611008 0.11314262449741364
v -0.003889309009537101 -0.017780885100364685 0.11320742964744568
v -0.007016850635409355 -0.01820979453623295 0.1127619817852974
v -0.010641842149198055 -0.0183047316968441 0.11135713756084442
v -0.014822720550000668 -0.01832222007215023 0.109006367623806
v -0.02004680223762989 -0.01814211905002594 0.10562040656805038
v 0.00045557317207567394 -0.01793709211051464 0.11271972954273224
v 0.00035764597123488784 -0.014344913884997368 0.11337236315011978
v -0.0023406287655234337 -0.01431221328675747 0.1133955791592598
v -0.004197555128484964 -0.014222124591469765 0.1132083609700203
v -0.007249808870255947 -0.01451814267784357 0.11221199482679367
v -0.010660677216947079 -0.014418568462133408 0.11068201065063477
v -0.014068725518882275 -0.013833149336278439 0.10836280137300491
v -0.017563484609127045 -0.012575372122228146 0.10568642616271973
v -0.020232683047652245 -0.009989234618842602 0.10345792770385742
v -0.023427899926900864 -0.014271547086536884 0.10264269262552261
v -0.024818865582346916 -0.021660229191184044 0.10307365655899048
v -0.028156857937574387 -0.024814095348119736 0.10050071030855179
v -0.030357206240296364 -0.02769489586353302 0.09826663881540298
v -0.031242158263921738 -0.030112404376268387 0.09686122834682465
v -0.02941039390861988 -0.030526701360940933 0.0970623567700386
v -0.029465027153491974 -0.03202338516712189 0.09636259078979492
v -0.03127903491258621 -0.03225413337349892 0.09604313224554062
v -0.02726062946021557 -0.01810048334300518 0.10123199224472046
v -0.030490869656205177 -0.02212035097181797 0.09944704174995422
v -0.032659925520420074 -0.02615261636674404 0.09755725413560867
v -0.03355354443192482 -0.029400566592812538 0.09610839188098907
v -0.03364412859082222 -0.032452329993247986 0.09504283964633942
v -0.02962956391274929 -0.01468686480075121 0.09944386780261993
v -0.02592235617339611 -0.010572842322289944 0.10074470937252045
v -0.02245572954416275 -0.006899463944137096 0.10180079191923141
v -0.0196596160531044 -0.004124011378735304 0.10295065492391586
v -0.01807834953069687 -0.006902623455971479 0.10397595912218094
v -0.016049278900027275 -0.008954102173447609 0.10550880432128906
v -0.015857692807912827 -0.006976993288844824 0.10647140443325043
v -0.013447289355099201 -0.007953176274895668 0.10785429924726486
v -0.01332054752856493 -0.010397086851298809 0.10764045268297195
v -0.010476645082235336 -0.008688909001648426 0.10970006883144379
v -0.010443867184221745 -0.011032501235604286 0.11032941937446594
v -0.007454403676092625 -0.0098037701100111 0.11239775270223618
v -0.007402786519378424 -0.011530092917382717 0.11228432506322861
v -0.004435832612216473 -0.011711213737726212 0.11357592791318893
v -0.0046097408048808575 -0.010007944889366627 0.1142231673002243
v -0.002454663859680295 -0.012277527712285519 0.11408631503582001
v -0.002552877413108945 -0.011070317588746548 0.11523183435201645
v 0.0003126106457784772 -0.012487800791859627 0.11438620090484619
v 0.0002907165326178074 -0.011770589277148247 0.11559217423200607
v -0.017382172867655754 -0.005251016933470964 0.10529422760009766
v 0.0002536768151912838 -0.01165304146707058 0.11813079565763474
v -0.0026009022258222103 -0.010854038409888744 0.1176416352391243
v 0.00014826693222858012 -0.011256121098995209 0.1205984428524971
v -0.0025513642467558384 -0.010646946728229523 0.12030285596847534
v -0.0042238361202180386 -0.008927440270781517 0.1193494200706482
v -0.004046347923576832 -0.009444893337786198 0.11700214445590973
v -0.007544334977865219 -0.008432133123278618 0.11230441927909851
v -0.005318489857017994 -0.008480344898998737 0.11436648666858673
v -0.004647914320230484 -0.008186008781194687 0.11637090146541595
v -0.009789330884814262 -0.007828504778444767 0.11017200350761414
v -0.004288057330995798 -0.007882138714194298 0.11881644278764725
v -0.012902332469820976 -0.006990235764533281 0.10950513184070587
v -0.012005479075014591 -0.006601561326533556 0.10951457172632217
v -0.014617432840168476 -0.00697947246953845 0.10898881405591965
v -0.016582222655415535 -0.006035640835762024 0.10780183970928192
v -0.004719724878668785 -0.007882330566644669 0.12158249318599701
v -0.004792963154613972 -0.006829228717833757 0.12101345509290695
v -0.006458521820604801 -0.006362456828355789 0.12332537025213242
v -0.006489646155387163 -0.005472282879054546 0.12234485149383545
v -0.00926447194069624 -0.004337638150900602 0.12197383493185043
v -0.009133515879511833 -0.004247365053743124 0.12140018492937088
v -0.011491488665342331 -0.003682335140183568 0.12007833272218704
v -0.011036286130547523 -0.0039165751077234745 0.11961878091096878
v -0.013159922324120998 -0.0036386277060955763 0.11788657307624817
v -0.012622488662600517 -0.003840309102088213 0.1175144761800766
v -0.01421475037932396 -0.004214296583086252 0.11549193412065506
v -0.013561222702264786 -0.004349736496806145 0.11528745293617249
v -0.014615846797823906 -0.005188497714698315 0.11322380602359772
v -0.013859104365110397 -0.005113540217280388 0.11309314519166946
v -0.014108410105109215 -0.006127506494522095 0.11117308586835861
v -0.013427583500742912 -0.0059020426124334335 0.11123668402433395
v -0.014090262353420258 -0.002354380674660206 0.11828543990850449
v -0.01219959370791912 -0.0023995027877390385 0.12082481384277344
v -0.01573927327990532 -0.0059849536046385765 0.11074464023113251
v -0.016088074073195457 -0.004657447803765535 0.11306168884038925
v -0.01549026183784008 -0.003234005067497492 0.11555541306734085
v -0.017235808074474335 -0.004616557154804468 0.1097181886434555
v -0.017238125205039978 -0.0028468186501413584 0.11214880645275116
v -0.0163617804646492 -0.0012279613874852657 0.11481372267007828
v -0.014361937530338764 -0.0001490477443439886 0.11791858077049255
v -0.012477162294089794 6.036313061485998e-05 0.12100367993116379
v -0.010251629166305065 -0.0033266039099544287 0.12301202118396759
v -0.007454532198607922 -0.004860731307417154 0.12573908269405365
v -0.0036091995425522327 -0.00839883740991354 0.125326469540596
v -0.0029740645550191402 -0.009741139598190784 0.12279260903596878
v -3.065816781600006e-05 -0.009050652384757996 0.1260548233985901
v 4.5667158701689914e-05 -0.010376621969044209 0.12332858145236969
v -0.00011831996380351484 -0.007100655697286129 0.12899641692638397
v -0.004196071997284889 -0.00630277581512928 0.12803098559379578
v -0.008402803912758827 -0.0019145983969792724 0.12714780867099762
v -0.00480209244415164 -0.002873294986784458 0.129787877202034
v -0.0001956537162186578 -0.0033394983038306236 0.13101094961166382
v -0.011017587967216969 -0.0008404924301430583 0.12376278638839722
v -0.012312869541347027 0.002687649102881551 0.12037582695484161
v -0.01106198038905859 0.0025885605718940496 0.12313523143529892
v -0.01212922390550375 0.0049057225696742535 0.11840146034955978
v -0.010860245674848557 0.005539361387491226 0.12087065726518631
v -0.011070260778069496 0.007719642017036676 0.11727503687143326
v -0.012040714733302593 0.0064302608370780945 0.11645238101482391
v -0.013349099084734917 0.006156446412205696 0.11378128826618195
v -0.012369164265692234 0.008135017938911915 0.11336908489465714
v -0.013919968158006668 0.004298970568925142 0.11517886072397232
v -0.014289678074419498 0.002126451348885894 0.11678095161914825
v -0.016327962279319763 0.001028416445478797 0.11359528452157974
v -0.01746765896677971 -0.0006328012095764279 0.11091523617506027
v -0.01783543825149536 -0.002495597815141082 0.1084534227848053
v -0.015803685411810875 0.0031255963258445263 0.1122777983546257
v -0.017796199768781662 -0.0041467659175395966 0.10661717504262924
v -0.018433015793561935 -0.0028498508036136627 0.10459522902965546
v -0.018142281100153923 -0.0019464152865111828 0.1058964654803276
v -0.01872740499675274 -0.0002287096722284332 0.10428039729595184
v -0.01815597154200077 -0.0002374019386479631 0.10558755695819855
v -0.01786232553422451 -0.00039633287815377116 0.10750838369131088
v -0.01706649735569954 0.0014894052874296904 0.10969303548336029
v -0.01777713932096958 0.002653381321579218 0.10550351440906525
v -0.01763228513300419 0.0013496698811650276 0.10672000795602798
v -0.016608640551567078 0.003334719454869628 0.10860981792211533
v -0.015090140514075756 0.00505564222112298 0.11102490872144699
v -0.014476739801466465 0.0070359050296247005 0.10988496989011765
v -0.016341321170330048 0.005088598933070898 0.10731559246778488
v -0.020588016137480736 0.00015911136870272458 0.10237233340740204
v -0.01839223876595497 0.004473751410841942 0.10374622046947479
v -0.01639583520591259 0.007482718676328659 0.10581334680318832
v -0.014073953963816166 0.009538954123854637 0.1086200401186943
v -0.011551819741725922 0.010777082294225693 0.11278076469898224
v -0.009293961338698864 0.010501835495233536 0.11878114193677902
v -0.008917467668652534 0.0066451262682676315 0.12357638031244278
v -0.008963539265096188 0.0023491026367992163 0.12656790018081665
v -0.005147125571966171 0.002212903229519725 0.12963004410266876
v -0.0002412693720543757 0.0022524534724652767 0.13078424334526062
v -0.005064160097390413 0.007472340017557144 0.12673750519752502
v -0.0002510882040951401 0.007808214984834194 0.1282767653465271
v -0.010987198911607265 0.014467604458332062 0.11062926054000854
v -0.008501177653670311 0.01546477247029543 0.11545948684215546
v -0.0107417032122612 0.017891477793455124 0.10794252157211304
v -0.008004419505596161 0.01965957134962082 0.11224500834941864
v -0.010657343082129955 0.021878063678741455 0.10492537915706635
v -0.007741284556686878 0.0237566027790308 0.1091434583067894
v -0.010063339956104755 0.026111561805009842 0.10110565274953842
v -0.0072227842174470425 0.027821090072393417 0.10611261427402496
v -0.008426145650446415 0.030943524092435837 0.0999777540564537
v -0.011689607053995132 0.027778973802924156 0.09738810360431671
v -0.01049111783504486 0.030997395515441895 0.09695682674646378
v -0.013103524222970009 0.028929494321346283 0.09565521776676178
v -0.01220687385648489 0.03125442937016487 0.09535688906908035
v -0.013567628338932991 0.031661611050367355 0.09434361755847931
v -0.01253864448517561 0.03396165743470192 0.09502080827951431
v -0.014220715500414371 0.033577535301446915 0.09388884156942368
v -0.014537541195750237 0.031988225877285004 0.09366807341575623
v -0.015423296019434929 0.03328239545226097 0.09318578988313675
v -0.01621590182185173 0.0332208126783371 0.09262656420469284
v -0.018099602311849594 0.034463994204998016 0.0927380621433258
v -0.01732919178903103 0.03492729365825653 0.09323015064001083
v -0.020978715270757675 0.036117300391197205 0.09358730912208557
v -0.020410943776369095 0.03655291721224785 0.09412979334592819
v -0.023596441373229027 0.037676963955163956 0.09538789093494415
v -0.024021202698349953 0.037153638899326324 0.09488551318645477
v -0.02760324627161026 0.037726085633039474 0.09595033526420593
v -0.027317659929394722 0.03820892050862312 0.09657016396522522
v -0.031095072627067566 0.03767924755811691 0.09605256468057632
v -0.031168585643172264 0.03816287964582443 0.09681171923875809
v -0.0349700003862381 0.037310052663087845 0.09510466456413269
v -0.03526633232831955 0.037787843495607376 0.09580998867750168
v -0.0382942371070385 0.03635476902127266 0.09309898316860199
v -0.03902788832783699 0.0367877371609211 0.09380635619163513
v -0.04088098928332329 0.035507868975400925 0.09094319492578506
v -0.04174742102622986 0.035908348858356476 0.09156039357185364
v -0.042543794959783554 0.03459665924310684 0.08881408721208572
v -0.04343677684664726 0.03495613485574722 0.0893324464559555
v -0.04314710199832916 0.03390679508447647 0.08729018270969391
v -0.04460245743393898 0.034064240753650665 0.08714473992586136
v -0.04354965314269066 0.03319719806313515 0.08605930209159851
v -0.045076675713062286 0.03325242921710014 0.08575884252786636
v -0.03129704296588898 0.040169473737478256 0.09758403152227402
v -0.026744665578007698 0.039994124323129654 0.09712701290845871
v -0.03571394458413124 0.03985216096043587 0.09675493091344833
v -0.04012724757194519 0.03882472589612007 0.09439412504434586
v -0.04329271987080574 0.037575747817754745 0.09182823449373245
v -0.04531054198741913 0.03632546588778496 0.08926602452993393
v -0.04656755179166794 0.03494175150990486 0.0870090201497078
v -0.04679550603032112 0.03326268494129181 0.08487489819526672
v -0.0434596911072731 0.033022694289684296 0.08584517240524292
v -0.04501263052225113 0.03229917585849762 0.08491316437721252
v -0.04648574814200401 0.03173317387700081 0.083660788834095
v -0.031181994825601578 0.0421900749206543 0.09783273190259933
v -0.026026463136076927 0.041728466749191284 0.09779583662748337
v -0.02246212586760521 0.03910288214683533 0.09566250443458557
v -0.019121631979942322 0.03771433234214783 0.09453032165765762
v -0.016091736033558846 0.03556004911661148 0.09364914894104004
v -0.021112579852342606 0.040566254407167435 0.09723964333534241
v -0.017347348853945732 0.03884831815958023 0.09601704776287079
v -0.014375025406479836 0.03659332916140556 0.09493056684732437
v -0.02023276686668396 0.04296696558594704 0.09976888447999954
v -0.015509063377976418 0.04058608040213585 0.09839537739753723
v -0.026197735220193863 0.04458797723054886 0.09958987683057785
v -0.03176693245768547 0.04544881731271744 0.09822964668273926
v -0.03713666647672653 0.04515970125794411 0.09654019773006439
v -0.036361776292324066 0.04187457263469696 0.09677339345216751
v -0.041085902601480484 0.04098720848560333 0.09431043267250061
v -0.044631022959947586 0.03964308649301529 0.09134853631258011
v -0.04692186415195465 0.03822454437613487 0.08845426142215729
v -0.048407334834337234 0.03643941879272461 0.08596217632293701
v -0.049059703946113586 0.03370385989546776 0.08311858028173447
v -0.04837076738476753 0.03109598346054554 0.081633061170578
v -0.04562750458717346 0.030099425464868546 0.08398015797138214
v -0.04414968192577362 0.031283676624298096 0.08528728783130646
v -0.04264967516064644 0.03262953832745552 0.08626098930835724
v -0.04110732302069664 0.03191787004470825 0.08789115399122238
v -0.04267964884638786 0.03026236779987812 0.08691968023777008
v -0.03943627327680588 0.03093627467751503 0.0898732990026474
v -0.040484972298145294 0.029065478593111038 0.08944014459848404
v -0.036724310368299484 0.029998626559972763 0.09211944043636322
v -0.03747854381799698 0.027891140431165695 0.09189417213201523
v -0.03390059992671013 0.029255686327815056 0.09390613436698914
v -0.03411472216248512 0.02717430330812931 0.0938228890299797
v -0.03049011155962944 0.027096852660179138 0.09507641941308975
v -0.030479565262794495 0.029179971665143967 0.09497503191232681
v -0.026955680921673775 0.029709769412875175 0.09524599462747574
v -0.026785966008901596 0.027493475005030632 0.0954001247882843
v -0.02354644052684307 0.03046524152159691 0.09462878108024597
v -0.023230791091918945 0.028374459594488144 0.09505563974380493
v -0.019775517284870148 0.03162362426519394 0.0929270088672638
v -0.01974642276763916 0.02959565632045269 0.094279944896698
v -0.01756400614976883 0.03126751258969307 0.09319683909416199
v -0.017672767862677574 0.02950400859117508 0.09421411901712418
v -0.01608758606016636 0.02991006150841713 0.09431514889001846
v -0.016561875119805336 0.03125670552253723 0.09341344982385635
v -0.015911512076854706 0.031676020473241806 0.09318900853395462
v -0.015053901821374893 0.030951257795095444 0.09423413872718811
v -0.015511035919189453 0.03225276619195938 0.0928250402212143
v -0.01426122896373272 0.03005167283117771 0.09482763707637787
v -0.015525223687291145 0.028620490804314613 0.09478557109832764
v -0.014837473630905151 0.02712629735469818 0.09554444998502731
v -0.017481977120041847 0.027517205104231834 0.09449142962694168
v -0.019894609227776527 0.02728806994855404 0.094426229596138
v -0.017023002728819847 0.025703435763716698 0.0949726477265358
v -0.0197772029787302 0.024608096107840538 0.09452921897172928
v -0.022984135895967484 0.026267757639288902 0.09466307610273361
v -0.026582874357700348 0.025385551154613495 0.09461062401533127
v -0.030416985973715782 0.02488717809319496 0.09419014304876328
v -0.034272611141204834 0.02481190115213394 0.09305115044116974
v -0.0380522795021534 0.02540571801364422 0.09124362468719482
v -0.04148256033658981 0.02667664922773838 0.08863953500986099
v -0.04406934231519699 0.028442924842238426 0.08570603281259537
v -0.030405588448047638 0.02219657599925995 0.09306423366069794
v -0.03454894572496414 0.021876880899071693 0.09186345338821411
v -0.026467150077223778 0.022918956354260445 0.09372150152921677
v -0.022925158962607384 0.023696569725871086 0.09412433952093124
v -0.03882315382361412 0.022145789116621017 0.09009416401386261
v -0.042903825640678406 0.02350473776459694 0.08728648722171783
v -0.045686591416597366 0.025859113782644272 0.08434592932462692
v -0.04743552207946777 0.02855609729886055 0.08225708454847336
v -0.05072513967752457 0.030206482857465744 0.07889753580093384
v -0.051321256905794144 0.03472387418150902 0.08009090274572372
v -0.05098573490977287 0.038645535707473755 0.08338392525911331
v -0.04938168451189995 0.04098057746887207 0.0871448963880539
v -0.046506475657224655 0.042469196021556854 0.0907602608203888
v -0.04206768795847893 0.04397541284561157 0.09414834529161453
v -0.04993469640612602 0.02595715969800949 0.0798516497015953
v -0.04819028824567795 0.02226102165877819 0.08277120441198349
v -0.05445600301027298 0.03568257391452789 0.07625121623277664
v -0.05402015894651413 0.028862562030553818 0.07506421208381653
v -0.04439353570342064 0.04953060299158096 0.09237486124038696
v -0.038931332528591156 0.05108895152807236 0.0957799106836319
v -0.03333275020122528 0.051531873643398285 0.09890270233154297
v -0.027186308056116104 0.050628840923309326 0.10205218940973282
v -0.019603291526436806 0.04869111254811287 0.10457108169794083
v -0.013513226062059402 0.04268285632133484 0.10161470621824265
v -0.012213923037052155 0.03776383772492409 0.09703909605741501
v -0.010640219785273075 0.034524623304605484 0.0966356098651886
v -0.00997789204120636 0.038957782089710236 0.09976194053888321
v -0.008445164188742638 0.035168204456567764 0.09934726357460022
v -0.006613829173147678 0.0359778068959713 0.10290572047233582
v -0.006509858183562756 0.03193877637386322 0.10404033213853836
v -0.0041864230297505856 0.0368155799806118 0.10584437102079391
v -0.004214148968458176 0.03327363356947899 0.10760843753814697
v -0.00035134071367792785 0.03726908937096596 0.10728488117456436
v -0.0003386703901924193 0.03394735977053642 0.10922286659479141
v -0.007662144955247641 0.04002033546566963 0.10274314135313034
v -0.004442333709448576 0.04072634503245354 0.10518969595432281
v -0.0003181119682267308 0.04105272889137268 0.10600924491882324
v -0.004629944916814566 0.029659513384103775 0.11006437242031097
v -0.00031881796894595027 0.03048756904900074 0.11175677925348282
v -0.009794586338102818 0.04447755590081215 0.10437282174825668
v -0.005260490346699953 0.04591295123100281 0.10586819797754288
v -0.00023277269792743027 0.046294622123241425 0.10617087781429291
v -0.012599385343492031 0.0517159178853035 0.1065637618303299
v -0.006292239297181368 0.05284550413489342 0.1070326417684555
v -0.00011905662540812045 0.05313387140631676 0.10699686408042908
v -0.004933491349220276 0.025664735585451126 0.113006591796875
v -0.000284803390968591 0.026492871344089508 0.11470793187618256
v -0.005015598610043526 0.021454764530062675 0.11617795377969742
v -0.00027170125395059586 0.022290371358394623 0.11802572011947632
v -0.0051825693808496 0.017071884125471115 0.11950425058603287
v -0.00025586396805010736 0.01792246475815773 0.12140601128339767
v -0.005349571816623211 0.012372047640383244 0.12301041185855865
v -0.00024599157040938735 0.013224679976701736 0.1250629425048828
v 0.004427480045706034 0.021276570856571198 0.1160803958773613
v 0.004342070780694485 0.02548355981707573 0.11290863156318665
v 0.0039305612444877625 0.029461562633514404 0.10995545983314514
v 0.003468233859166503 0.033104050904512405 0.10748115181922913
v 0.0033648263197392225 0.03670601174235344 0.10560575127601624
v 0.0057275015860795975 0.0316644012928009 0.10397408902645111
v 0.005784251261502504 0.03577803820371628 0.1027395948767662
v 0.007703023497015238 0.03060940094292164 0.10000792145729065
v 0.0076570953242480755 0.03484010323882103 0.09931771457195282
v 0.010001896880567074 0.03068665787577629 0.09705998748540878
v 0.011337005533277988 0.027576632797718048 0.09762515872716904
v 0.012906714342534542 0.028909161686897278 0.09599760919809341
v 0.011931252665817738 0.03105495311319828 0.09550181031227112
v 0.013488317839801311 0.03156932815909386 0.0947459489107132
v 0.012125220149755478 0.03363751992583275 0.0949464663863182
v 0.013952442444860935 0.03333328291773796 0.09428471326828003
v 0.014513792470097542 0.03193158656358719 0.09412959963083267
v 0.015163584612309933 0.03316795453429222 0.0936877429485321
v 0.01602109894156456 0.03318895772099495 0.09313463419675827
v 0.01775568164885044 0.03451627865433693 0.09305652976036072
v 0.01689239591360092 0.03483373299241066 0.09361192584037781
v 0.020478887483477592 0.03611766919493675 0.09380722790956497
v 0.019882041960954666 0.03646119683980942 0.09436853229999542
v 0.02300332859158516 0.03767571970820427 0.09563574939966202
v 0.023461978882551193 0.03718011453747749 0.09507305175065994
v 0.02704075165092945 0.038025420159101486 0.09626804292201996
v 0.026714598760008812 0.03843681886792183 0.09688422083854675
v 0.03055817447602749 0.038297273218631744 0.09655407071113586
v 0.0305705014616251 0.038749877363443375 0.09730026125907898
v 0.034827131778001785 0.038031548261642456 0.09569700062274933
v 0.035063162446022034 0.03851878643035889 0.0963706225156784
v 0.03838044032454491 0.03700580075383186 0.09352569282054901
v 0.03912507742643356 0.037481795996427536 0.09423355758190155
v 0.04088342934846878 0.03603876009583473 0.0913453921675682
v 0.04180767387151718 0.036481261253356934 0.09193385392427444
v 0.04255940020084381 0.035067468881607056 0.08917032927274704
v 0.0434785857796669 0.035439908504486084 0.08969268947839737
v 0.04318352788686752 0.034402042627334595 0.08766312897205353
v 0.04460424929857254 0.03457207605242729 0.0874764546751976
v 0.04358049854636192 0.03370849788188934 0.0864526554942131
v 0.04504714161157608 0.033784814178943634 0.08608948439359665
v 0.030573630705475807 0.04059462994337082 0.09769512712955475
v 0.026096278801560402 0.040211185812950134 0.09713141620159149
v 0.03525831550359726 0.04042961075901985 0.09688366204500198
v 0.03991946950554848 0.039390236139297485 0.09443249553442001
v 0.043061789125204086 0.03804447874426842 0.0917985662817955
v 0.04502740874886513 0.0367882065474987 0.08927042037248611
v 0.04633915796875954 0.0354645662009716 0.08709203451871872
v 0.046619340777397156 0.033757492899894714 0.08503926545381546
v 0.04350593686103821 0.03353039175271988 0.08624318242073059
v 0.04500938206911087 0.032755594700574875 0.08517495542764664
v 0.0464194193482399 0.03213661164045334 0.08393409103155136
v 0.030450638383626938 0.04239162430167198 0.09785819053649902
v 0.025362705811858177 0.041814398020505905 0.09770678728818893
v 0.021884210407733917 0.0390259250998497 0.09580317884683609
v 0.018586916849017143 0.03746950253844261 0.09479353576898575
v 0.01563476212322712 0.035288676619529724 0.09399464726448059
v 0.020454946905374527 0.04056898131966591 0.09710332006216049
v 0.01673496700823307 0.038736242800951004 0.09596646577119827
v 0.013822187669575214 0.03635960444808006 0.0948580652475357
v 0.019524184986948967 0.04321115463972092 0.09935688227415085
v 0.014704147353768349 0.04075400531291962 0.09800513088703156
v 0.02562289871275425 0.044840600341558456 0.09924338757991791
v 0.031193159520626068 0.045607149600982666 0.09811737388372421
v 0.03661546856164932 0.04522854834794998 0.0966026782989502
v 0.03577028587460518 0.042119842022657394 0.09689749777317047
v 0.04067385196685791 0.04112190380692482 0.09439258277416229
v 0.0442277155816555 0.03976462781429291 0.09129969775676727
v 0.04646771401166916 0.03852592036128044 0.08842848986387253
v 0.04797447472810745 0.037030939012765884 0.08593665808439255
v 0.048781149089336395 0.034277159720659256 0.08326011896133423
v 0.04826723784208298 0.031423866748809814 0.08206738531589508
v 0.045725878328084946 0.030335089191794395 0.08446995913982391
v 0.04423300549387932 0.03160794451832771 0.08566325902938843
v 0.042771924287080765 0.03309399634599686 0.08667116612195969
v 0.0412263423204422 0.03233969584107399 0.08829613029956818
v 0.042816247791051865 0.030482051894068718 0.0873967781662941
v 0.03952499106526375 0.03133520111441612 0.09033331274986267
v 0.04055047780275345 0.0292890015989542 0.08992073684930801
v 0.036688510328531265 0.03043914958834648 0.09264494478702545
v 0.03746480122208595 0.02813739888370037 0.09242058545351028
v 0.03378556668758392 0.02971942164003849 0.09446801990270615
v 0.03395189717411995 0.027486197650432587 0.09438440203666687
v 0.0301420409232378 0.027445361018180847 0.0956249088048935
v 0.030195871368050575 0.02971781976521015 0.09557655453681946
v 0.026382356882095337 0.030287552624940872 0.09570495784282684
v 0.02626943588256836 0.027911476790905 0.09579495340585709
v 0.022818464785814285 0.031021088361740112 0.09491577744483948
v 0.022627584636211395 0.02883869968354702 0.09533122926950455
v 0.019510308280587196 0.03204556182026863 0.0932568609714508
v 0.019338956102728844 0.03002529963850975 0.09462843090295792
v 0.01743827760219574 0.031639404594898224 0.09378132969141006
v 0.01745441183447838 0.029838845133781433 0.0946355015039444
v 0.015973234549164772 0.03014518693089485 0.09475520253181458
v 0.016455868259072304 0.03151501342654228 0.0940144956111908
v 0.015830708667635918 0.03176805004477501 0.09378182142972946
v 0.014943237416446209 0.03100389987230301 0.09465377777814865
v 0.015464210882782936 0.03225632384419441 0.09340398013591766
v 0.014112715609371662 0.03009255789220333 0.09521845728158951
v 0.015367303974926472 0.02875491790473461 0.09522704780101776
v 0.014616026543080807 0.027156002819538116 0.09593883156776428
v 0.017254982143640518 0.027729438617825508 0.0948651060461998
v 0.019492924213409424 0.027635086327791214 0.09471480548381805
v 0.016846289858222008 0.025811024010181427 0.09549067169427872
v 0.01945258490741253 0.024785879999399185 0.09496308118104935
v 0.022512950003147125 0.0266018845140934 0.09495588392019272
v 0.026163987815380096 0.025703007355332375 0.09501668065786362
v 0.030105337500572205 0.02515343762934208 0.09469805657863617
v 0.034067511558532715 0.02502940595149994 0.09354428201913834
v 0.03795940801501274 0.025564836338162422 0.09171619266271591
v 0.041384242475032806 0.026743583381175995 0.08911312371492386
v 0.04410158097743988 0.02851974219083786 0.08625329285860062
v 0.030129939317703247 0.022247476503252983 0.09367140382528305
v 0.03440071642398834 0.02187715284526348 0.09244055300951004
v 0.026093611493706703 0.023057783022522926 0.09424781054258347
v 0.03875290974974632 0.022139176726341248 0.0906512439250946
v 0.04282087832689285 0.023448528721928596 0.08788684755563736
v 0.04567279666662216 0.025807419791817665 0.0850670337677002
v 0.04749978333711624 0.02864246256649494 0.08296134322881699
v 0.050641871988773346 0.03027241677045822 0.07956333458423615
v 0.05093708634376526 0.03505266085267067 0.08062009513378143
v 0.05054682493209839 0.038899656385183334 0.08388727158308029
v 0.04894879832863808 0.04125791788101196 0.08752520382404327
v 0.046156566590070724 0.04251556843519211 0.09092496335506439
v 0.0416671559214592 0.04392760246992111 0.09428025037050247
v 0.05019640550017357 0.02576703019440174 0.08074381202459335
v 0.04841793328523636 0.02195139229297638 0.08364658057689667
v 0.054067935794591904 0.03577027842402458 0.07681725174188614
v 0.05405386909842491 0.028552578762173653 0.07558965682983398
v 0.04442882537841797 0.049338940531015396 0.09265967458486557
v 0.038934364914894104 0.050906989723443985 0.09605526179075241
v 0.03326436132192612 0.051398865878582 0.09901025891304016
v 0.02699176035821438 0.05051768571138382 0.10211609303951263
v 0.019198454916477203 0.048617079854011536 0.10431499779224396
v 0.012691137380897999 0.04301862791180611 0.10102466493844986
v 0.011369883082807064 0.037691570818424225 0.09670102596282959
v 0.009904353879392147 0.03415433317422867 0.09651383757591248
v 0.009109682403504848 0.03896234929561615 0.09945879876613617
v 0.006858108099550009 0.04001389443874359 0.10236749798059464
v 0.003617937443777919 0.04070537909865379 0.10460055619478226
v 0.009139920584857464 0.04459768533706665 0.10383840650320053
v 0.004695935640484095 0.04602919518947601 0.10527641326189041
v 0.012253210879862309 0.05153636261820793 0.10632584989070892
v 0.006003235001116991 0.052792444825172424 0.10670977085828781
v 0.01411094143986702 0.061356861144304276 0.10518050938844681
v 0.021668441593647003 0.06047840416431427 0.10374072194099426
v 0.028980650007724762 0.06000002101063728 0.10042845457792282
v 0.03548122197389603 0.05932172015309334 0.09649866819381714
v 0.04121047630906105 0.05787848308682442 0.09252139925956726
v 0.04662172868847847 0.055535152554512024 0.08829998970031738
v 0.04877369850873947 0.04726101830601692 0.08874306827783585
v 0.05162162333726883 0.04486315697431564 0.08473721891641617
v 0.05350175127387047 0.041289735585451126 0.08046282082796097
v 0.05100660398602486 0.052436716854572296 0.08394890278577805
v 0.05439429730176926 0.04842604324221611 0.07961402833461761
v 0.05359942093491554 0.05742494761943817 0.0779644325375557
v 0.05741642415523529 0.0519530363380909 0.07316962629556656
v 0.048981424421072006 0.06159530207514763 0.0827319473028183
v 0.04358476772904396 0.0650329440832138 0.087770476937294
v 0.0373852476477623 0.06738901883363724 0.09223746508359909
v 0.03048393316566944 0.06896018981933594 0.0959208682179451
v 0.02308325655758381 0.07019046694040298 0.09887553751468658
v 0.015397286042571068 0.07134317606687546 0.10049733519554138
v 0.006980248726904392 0.06196117773652077 0.1055154800415039
v 1.4167655535857193e-05 0.062130991369485855 0.10556300729513168
v -0.0070077041164040565 0.06210609897971153 0.10561986267566681
v -0.014161684550344944 0.06153121590614319 0.1052476018667221
v -0.02165553718805313 0.06068491190671921 0.10363317281007767
v -0.028846487402915955 0.06028115376830101 0.10021793842315674
v -0.03516826778650284 0.059626005589962006 0.09621074050664902
v -0.040693964809179306 0.05822645500302315 0.09208319336175919
v -0.04616773501038551 0.05584483593702316 0.08784908801317215
v -0.048843804746866226 0.047312021255493164 0.08840373158454895
v -0.05198993906378746 0.04478568583726883 0.08413299173116684
v -0.05403398349881172 0.041149552911520004 0.07975675165653229
v -0.05093631520867348 0.05261619761586189 0.08339156955480576
v -0.05478549376130104 0.04853034391999245 0.07891000062227249
v -0.053703423589468 0.05791810154914856 0.07748888432979584
v -0.05784604325890541 0.05233994126319885 0.07253742963075638
v -0.04870901629328728 0.06238120421767235 0.08258102834224701
v -0.04313147813081741 0.06570300459861755 0.0876111164689064
v -0.03698952496051788 0.06793712079524994 0.09210124611854553
v -0.03020177222788334 0.06949373334646225 0.09590349346399307
v -0.02280939556658268 0.07061056047677994 0.0988922193646431
v -0.015134532935917377 0.07159525156021118 0.10056988894939423
v -0.007484233472496271 0.07221613079309464 0.10143405944108963
v 0.0001605119468877092 0.07221301645040512 0.10156561434268951
v -0.045805081725120544 0.07336016744375229 0.0819050744175911
v -0.05152253806591034 0.06888408958911896 0.07647787779569626
v -0.048121947795152664 0.08145886659622192 0.075249582529068
v -0.054376404732465744 0.07572748512029648 0.06952613592147827
v -0.05674242600798607 0.06334274262189865 0.07088705897331238
v -0.06102090701460838 0.056647397577762604 0.06537780910730362
v -0.059880610555410385 0.06925741583108902 0.06373212486505508
v -0.04109533876180649 0.08575669676065445 0.08021268248558044
v -0.039181746542453766 0.07666698098182678 0.08661013841629028
v -0.03208902105689049 0.07922141999006271 0.09073270857334137
v -0.03374802693724632 0.08916627615690231 0.08463024348020554
v -0.02433541975915432 0.08103279024362564 0.0938120037317276
v -0.025795990601181984 0.09162779897451401 0.08797655254602432
v -0.01625644974410534 0.08229751884937286 0.0957268700003624
v -0.017263101413846016 0.09334734827280045 0.09010357409715652
v -0.008009814657270908 0.08306639641523361 0.09696339070796967
v -0.008498518727719784 0.09431882202625275 0.09144315123558044
v 0.0002732598513830453 0.08331068605184555 0.09739764779806137
v 0.00037556837196461856 0.0946454182267189 0.09187012165784836
v -0.03517749533057213 0.09895139187574387 0.07764525711536407
v -0.04269503802061081 0.094815194606781 0.0729060247540474
v -0.049891743808984756 0.08968126028776169 0.0676330104470253
v -0.05664678290486336 0.08317319303750992 0.061804186552762985
v -0.06242816150188446 0.07568999379873276 0.05571881681680679
v -0.01813303492963314 0.10405263304710388 0.08362659066915512
v -0.027002282440662384 0.101994588971138 0.08126464486122131
v -0.06481990963220596 0.08252217620611191 0.047062307596206665
v -0.06681030243635178 0.06671927869319916 0.049119144678115845
v -0.06958895176649094 0.07221273332834244 0.040153805166482925
v -0.05840497091412544 0.09080275893211365 0.053278423845767975
v -0.05123763531446457 0.09779136627912521 0.05907308682799339
v -0.04389415308833122 0.10353603959083557 0.06452511996030807
v -0.03607596829533577 0.10798992216587067 0.06922408938407898
v -0.02755247801542282 0.11114021390676498 0.07279036939144135
v -0.018476249650120735 0.11336421966552734 0.07526101917028427
v -0.008934510871767998 0.1051032766699791 0.08483237028121948
v 0.00045427438453771174 0.10547676682472229 0.08530440926551819
v -0.00916378851979971 0.11471780389547348 0.07668852806091309
v 0.000502353475894779 0.1151541918516159 0.07717288285493851
v -0.0596914067864418 0.09822718799114227 0.043664246797561646
v -0.06648451834917068 0.08902902901172638 0.037444181740283966
v -0.05224572867155075 0.10574019700288773 0.049619629979133606
v -0.04453754052519798 0.11160916835069656 0.05491427704691887
v -0.036236196756362915 0.11627140641212463 0.05959745869040489
v -0.027810148894786835 0.1195082738995552 0.06316028535366058
v -0.01857416331768036 0.12177232652902603 0.06586867570877075
v -0.009416366927325726 0.12285071611404419 0.06735900044441223
v 0.0005253354320302606 0.12331244349479675 0.06789544969797134
v -0.06496059894561768 0.09703966230154037 0.03244319185614586
v -0.07233653962612152 0.07541105151176453 0.029545415192842484
v -0.07465144991874695 0.07476756721735 0.020812492817640305
v -0.05013955757021904 0.11345535516738892 0.04302085191011429
v -0.03278011456131935 0.12395289540290833 0.051652681082487106
v -0.014306953176856041 0.1290619969367981 0.05637473613023758
v 0.0004995782510377467 0.13024337589740753 0.05718686804175377
v -0.06738239526748657 0.10120297223329544 0.018464790657162666
v -0.05366213619709015 0.11809995770454407 0.0269267950206995
v -0.03568494692444801 0.13035018742084503 0.03486314415931702
v -0.017260517925024033 0.13598403334617615 0.03976178169250488
v 0.0004592684854287654 0.13756528496742249 0.04093550518155098
v -0.06872040033340454 0.10542717576026917 0.0025118456687778234
v -0.055284496396780014 0.12229633331298828 0.009129324927926064
v -0.0378921814262867 0.13438843190670013 0.015383540652692318
v -0.018805265426635742 0.14073428511619568 0.020618371665477753
v 0.000351892871549353 0.14268802106380463 0.022004542872309685
v -0.06735344231128693 0.10917076468467712 -0.014120487496256828
v -0.05507352948188782 0.12490344792604446 -0.010058385320007801
v -0.03834023326635361 0.1363094002008438 -0.004425829742103815
v -0.019432200118899345 0.14267376065254211 -4.878123218077235e-05
v 0.00019045498629566282 0.1447066217660904 0.001410540658980608
v -0.06372460722923279 0.11070595681667328 -0.027234114706516266
v -0.05166644603013992 0.1224215179681778 -0.030908707529306412
v -0.06800901144742966 0.09704193472862244 -0.03537431359291077
v -0.057044096291065216 0.10280520468950272 -0.048087313771247864
v -0.036942094564437866 0.1248401328921318 -0.04459700360894203
v -0.04122031852602959 0.1074516549706459 -0.0589803084731102
v -0.019881101325154305 0.12673863768577576 -0.05073796957731247
v -0.021923882886767387 0.11031332612037659 -0.06549840420484543
v -0.0008157842676155269 0.11184978485107422 -0.06783227622509003
v -0.0005135779501870275 0.12790820002555847 -0.052579738199710846
v -0.0360897034406662 0.13517464697360992 -0.022781118750572205
v -0.018816139549016953 0.14097924530506134 -0.01949392259120941
v -3.0973023967817426e-05 0.14283008873462677 -0.018639246001839638
v -0.030722424387931824 0.13315044343471527 -0.03474527597427368
v -0.017886321991682053 0.13604635000228882 -0.03604216128587723
v -0.0002806709089782089 0.13738194108009338 -0.03650997579097748
v -0.05854670703411102 0.08401574194431305 -0.05714626610279083
v -0.06963729858398438 0.07765894383192062 -0.04310436546802521
v -0.05733397975564003 0.06247726082801819 -0.062448255717754364
v -0.042432017624378204 0.06542585790157318 -0.07383353263139725
v -0.04277085140347481 0.08805249631404877 -0.06858472526073456
v -0.05399635434150696 0.04152169078588486 -0.06357026100158691
v -0.040134333074092865 0.043408505618572235 -0.07399366796016693
v -0.022826680913567543 0.0671951174736023 -0.08074863255023956
v -0.022955836728215218 0.09034863114356995 -0.07595503330230713
v -0.0014285887591540813 0.06759464740753174 -0.08310439437627792
v -0.001101973233744502 0.09120268374681473 -0.07895543426275253
v -0.021935559809207916 0.044535163789987564 -0.0801749899983406
v -0.06743788719177246 0.05770064890384674 -0.04807906597852707
v -0.07632136344909668 0.06974168121814728 -0.027598155662417412
v -0.07364680618047714 0.05127004161477089 -0.03281673043966293
v -0.06361038237810135 0.0384807214140892 -0.05026307329535484
v -0.06966110318899155 0.03442685678601265 -0.035779889672994614
v -0.07858272641897202 0.057866375893354416 -0.011549930088222027
v -0.07632127404212952 0.04301430657505989 -0.019167475402355194
v -0.07628336548805237 0.034518733620643616 -0.008801396004855633
v -0.07235896587371826 0.030108841136097908 -0.022699372842907906
v -0.0741218626499176 0.025618359446525574 -0.011481967754662037
v -0.07873377203941345 0.03303396329283714 -0.007801284082233906
v -0.07899186760187149 0.03638898953795433 -0.0028149087447673082
v -0.07746654003858566 0.03879040107131004 -0.002905114321038127
v -0.07773075997829437 0.036105331033468246 0.001967513235285878
v -0.07712952792644501 0.03840474784374237 0.0030801931861788034
v -0.07591823488473892 0.035042740404605865 0.007690385449677706
v -0.0758773609995842 0.037624605000019073 0.009279264137148857
v -0.07450517266988754 0.03221195936203003 0.01352059468626976
v -0.07470744848251343 0.036235928535461426 0.016360485926270485
v -0.07761232554912567 0.024866726249456406 -0.010443190112709999
v -0.07290978729724884 0.014771916903555393 -0.014173322357237339
v -0.07670304924249649 0.013235436752438545 -0.013111105188727379
v -0.07044193148612976 0.002547236392274499 -0.011182332411408424
v -0.07367432862520218 0.0006568856770172715 -0.011058437637984753
v -0.06746532022953033 -0.006200255826115608 -0.0018553287955000997
v -0.07026056945323944 -0.006896661594510078 -0.0008545011514797807
v -0.0685526579618454 -0.012713080272078514 0.007791094947606325
v -0.06614543497562408 -0.014428602531552315 0.005906740669161081
v -0.06528577208518982 -0.0068076555617153645 -0.012463579885661602
v -0.06490980833768845 -0.018973402678966522 -0.002715194597840309
v -0.0656808465719223 -0.02517777308821678 0.009833487682044506
v -0.06698370724916458 -0.018485886976122856 0.01298224925994873
v -0.0684613510966301 -0.016957269981503487 0.0188610702753067
v -0.06684000790119171 -0.02530239149928093 0.018949616700410843
v -0.06649353355169296 0.004793401807546616 -0.01923568919301033
v -0.06835762411355972 0.01752104051411152 -0.022681573405861855
v -0.0775536596775055 -0.0005277948803268373 -0.010814287699759007
v -0.0815163180232048 0.014306480996310711 -0.013561797328293324
v -0.08602321147918701 0.007722734939306974 -0.014932190999388695
v -0.08325871080160141 -0.00226422562263906 -0.010788219049572945
v -0.07428841292858124 -0.009616459719836712 -0.0015319767408072948
v -0.07880628854036331 -0.01147308386862278 -0.0017300061881542206
v -0.08431724458932877 -0.012530258856713772 -0.00022862716286908835
v -0.0884573757648468 -0.004056533798575401 -0.008740289136767387
v -0.08242886513471603 -0.008412977680563927 0.0019563320092856884
v -0.08533718436956406 -0.0018499675206840038 -0.005321411415934563
v -0.08093641698360443 -0.011791223660111427 0.009175535291433334
v -0.08106794953346252 -0.016947880387306213 0.006110411137342453
v -0.07593471556901932 -0.015293408185243607 0.00493683572858572
v -0.08108879625797272 0.0004746239574160427 -0.0029502196703106165
v -0.0783800482749939 -0.004107076209038496 0.0027717396151274443
v -0.07712282240390778 -0.006817425601184368 0.009255316108465195
v -0.0720197781920433 -0.013171132653951645 0.004884039051830769
v -0.07790646702051163 0.0006456203409470618 -0.003209965070709586
v -0.07562360167503357 -0.0015275642508640885 0.003281860612332821
v -0.07411245256662369 -0.0038311206735670567 0.009594735689461231
v -0.07196704298257828 -0.0021022213622927666 0.0022048484534025192
v -0.07462068647146225 0.0009327424922958016 -0.00434523168951273
v -0.07023943215608597 -0.003361278213560581 0.009523926302790642
v -0.07027289271354675 0.004021876957267523 -0.004181724041700363
v -0.06797622889280319 -0.0003003265883307904 0.0018577702576294541
v -0.06738664209842682 -0.0016411340329796076 0.009487339295446873
v -0.07090716063976288 0.0012476970441639423 0.013295525684952736
v -0.07109812647104263 -0.00044563357369042933 0.013811230659484863
v -0.06572119891643524 0.005400099791586399 0.004172542132437229
v -0.06901669502258301 0.008027022704482079 -0.0012446652399376035
v -0.06526677310466766 0.003327146405354142 0.011069126427173615
v -0.07070979475975037 0.004331107717007399 0.011995144188404083
v -0.08082494884729385 0.0066801100037992 -0.00677776662632823
v -0.08415328711271286 0.006772110238671303 -0.005796885583549738
v -0.07750852406024933 0.006796828005462885 -0.008055436424911022
v -0.07334917783737183 0.008478612639009953 -0.008094236254692078
v -0.07081450521945953 0.011540272273123264 -0.005370026919990778
v -0.07048983126878738 0.012116681784391403 0.0011486619478091598
v -0.07037168741226196 0.015078458935022354 -0.0018645076779648662
v -0.07434222102165222 0.014957167208194733 -0.005407036282122135
v -0.07333751767873764 0.0168000478297472 -0.002988382475450635
v -0.07124965637922287 0.016191715374588966 0.003775797551497817
v -0.06728275120258331 0.011086862534284592 0.0063201673328876495
v -0.07242976129055023 0.014328583143651485 0.006313651334494352
v -0.07149554789066315 0.01838555373251438 0.0005964720621705055
v -0.07222658395767212 0.02088274247944355 0.004132650792598724
v -0.07386290282011032 0.020542964339256287 0.002121151890605688
v -0.07433612644672394 0.024025933817029 0.003627753583714366
v -0.07458359748125076 0.019345596432685852 0.006151991430670023
v -0.07500888407230377 0.023931309580802917 0.005830138921737671
v -0.07825497537851334 0.02740590088069439 0.004107875749468803
v -0.07704396545886993 0.022238975390791893 0.006981957703828812
v -0.08017701655626297 0.026651643216609955 0.004680411424487829
v -0.08258196711540222 0.029959900304675102 0.003027713391929865
v -0.08136594295501709 0.029410846531391144 0.0021635170560330153
v -0.08121763914823532 0.03251805901527405 0.0036954961251467466
v -0.0793481320142746 0.029213201254606247 0.006272594444453716
v -0.08373142033815384 0.031586531549692154 -0.0004587110597640276
v -0.08471906185150146 0.032800476998090744 0.00034225679701194167
v -0.08305894583463669 0.03557002171874046 0.00047495364560745656
v -0.07603877782821655 0.0251624658703804 0.009119594469666481
v -0.0759434700012207 0.028129495680332184 0.002564438385888934
v -0.08046174794435501 0.03166886791586876 -0.0013111487496644258
v -0.0795048400759697 0.03498893976211548 0.002075189258903265
v -0.07741546630859375 0.031822625547647476 0.006664908956736326
v -0.08574061840772629 0.03314979001879692 -0.0033022919669747353
v -0.0813615620136261 0.03700488433241844 -0.002848033094778657
v -0.08740979433059692 0.033361323177814484 -0.005885136779397726
v -0.08689472824335098 0.03431405872106552 -0.002883414039388299
v -0.08886069059371948 0.03444182872772217 -0.0054076057858765125
v -0.08481187373399734 0.03743801265954971 -0.00304239708930254
v -0.08649620413780212 0.0372963584959507 -0.006103444844484329
v -0.08878456801176071 0.03252767026424408 -0.008387614972889423
v -0.09054078161716461 0.03375472500920296 -0.00805724784731865
v -0.0879131630063057 0.03622084856033325 -0.00909965019673109
v -0.08465752005577087 0.03001778945326805 -0.007826545275747776
v -0.08314286917448044 0.03513742610812187 -0.009192445315420628
v -0.08977895230054855 0.0306683462113142 -0.011188311502337456
v -0.08938305824995041 0.023694314062595367 -0.013884220272302628
v -0.09274818003177643 0.02898138016462326 -0.013520660810172558
v -0.09289863705635071 0.022351620718836784 -0.014924981631338596
v -0.08970419317483902 0.03085598349571228 -0.014849616214632988
v -0.08907020837068558 0.03407058119773865 -0.012175646610558033
v -0.09194156527519226 0.03177536278963089 -0.010983234271407127
v -0.08907514065504074 0.024132903665304184 -0.016581814736127853
v -0.08996782451868057 0.01309867762029171 -0.011594458483159542
v -0.09292712807655334 0.015456643886864185 -0.014565210789442062
v -0.08804690837860107 0.017046507447957993 -0.01663016527891159
v -0.09268689900636673 0.010959389619529247 -0.01407384779304266
v -0.08709785342216492 0.01243747491389513 -0.015875814482569695
v -0.08679302781820297 0.022290917113423347 -0.010484494268894196
v -0.08305978775024414 0.026057744398713112 -0.01337722223252058
v -0.08750920742750168 0.01420680433511734 -0.007423002738505602
v -0.08469751477241516 0.020085984840989113 -0.005681635346263647
v -0.08268733322620392 0.025959249585866928 -0.005340336821973324
v -0.07823974639177322 0.02777315303683281 -0.0025829989463090897
v -0.07987002283334732 0.021933840587735176 -0.0031155692413449287
v -0.07729008793830872 0.024168698117136955 -0.0019947034306824207
v -0.08113417774438858 0.017937077209353447 -0.003990371245890856
v -0.07990466803312302 0.012973182834684849 -0.006507094018161297
v -0.08333657681941986 0.013734161853790283 -0.005659423768520355
v -0.07593419402837753 0.025955334305763245 0.00018543655460234731
v -0.07606445997953415 0.02436673268675804 -0.0002505473967175931
v -0.07501786202192307 0.023272408172488213 0.0020850999280810356
v -0.07580065727233887 0.022359514608979225 0.0007944515091367066
v -0.07509063929319382 0.020002735778689384 0.0011226466158404946
v -0.0740591287612915 0.018375225365161896 -0.0004312222881708294
v -0.07685186713933945 0.021471470594406128 -0.00037751623312942684
v -0.07800354063510895 0.019447876140475273 -0.0016435484867542982
v -0.07692033797502518 0.013416578061878681 -0.006725392770022154
v -0.0783383697271347 0.017056003212928772 -0.0031868121586740017
v -0.07618258893489838 0.01978337951004505 0.00010564753756625578
v -0.07609745860099792 0.018410805612802505 -0.0009782514534890652
v -0.07582639157772064 0.016858577728271484 -0.003151866141706705
v -0.08885466307401657 0.00605127215385437 -0.009065630845725536
v -0.09168960899114609 0.004815140273422003 -0.012957863509654999
v -0.07490187883377075 0.027927609160542488 0.010751696303486824
v -0.07346484065055847 0.02307499386370182 0.014608900994062424
v -0.07367488741874695 0.020522180944681168 0.012016472406685352
v -0.07267864048480988 0.014708934351801872 0.01706293411552906
v -0.07304568588733673 0.014366150833666325 0.013873717747628689
v -0.07399674504995346 0.01824760250747204 0.008986088447272778
v -0.07360249012708664 0.013779244385659695 0.010490236803889275
v -0.07315860688686371 0.015682045370340347 0.008244294673204422
v -0.07294434309005737 0.012730524875223637 0.009291528724133968
v -0.07096941769123077 0.010955935344099998 0.009939861483871937
v -0.06804997473955154 0.008857878856360912 0.011455305851995945
v -0.0733884647488594 0.0086803724989295 0.00991890486329794
v -0.07159268110990524 0.007873054593801498 0.010625118389725685
v -0.07423903048038483 0.008896312676370144 0.011566998437047005
v -0.07281651347875595 0.006368617527186871 0.010635013692080975
v -0.07180774956941605 0.005953030660748482 0.010997997596859932
v -0.0731707438826561 0.00499176187440753 0.01100902445614338
v -0.07383354008197784 0.006681070663034916 0.01384185254573822
v -0.0730767697095871 0.0041851140558719635 0.016798648983240128
v -0.07289698719978333 0.0029872555751353502 0.012502995319664478
v -0.07278671860694885 -0.005211180076003075 0.01302513387054205
v -0.07277835160493851 -0.005097030196338892 0.01638663187623024
v -0.07195795327425003 0.00397065794095397 0.021421274170279503
v -0.07129452377557755 -0.006278983782976866 0.020191309973597527
v -0.07616379857063293 -0.013308772817254066 0.015546654351055622
v -0.07167121767997742 -0.01344727911055088 0.017630379647016525
v -0.07325448840856552 -0.017310243099927902 0.011411086656153202
v -0.06964435428380966 -0.016386764124035835 0.01280876062810421
v -0.07529620826244354 -0.00801151990890503 0.01301996223628521
v -0.06931610405445099 -0.010388623923063278 0.025097578763961792
v -0.06762468069791794 -0.023568840697407722 0.027164284139871597
v -0.06728608906269073 -0.02136937342584133 0.03697657957673073
v -0.06436841934919357 -0.03677426651120186 0.02993505634367466
v -0.06597071886062622 -0.03147280216217041 0.03990042954683304
v -0.05928117409348488 -0.046604327857494354 0.04157127067446709
v -0.06292825937271118 -0.0388115718960762 0.04727036878466606
v -0.06404711306095123 -0.031530484557151794 0.05148043483495712
v -0.060448143631219864 -0.03573174029588699 0.05869859457015991
v -0.061174407601356506 -0.02666274458169937 0.061077117919921875
v -0.056870486587285995 -0.030588455498218536 0.06808224320411682
v -0.055708594620227814 -0.03957783803343773 0.06559416651725769
v -0.05800331383943558 -0.04398065060377121 0.05549588426947594
v -0.053019870072603226 -0.04781602323055267 0.06242655962705612
v -0.052036676555871964 -0.034617457538843155 0.0742170587182045
v -0.050563495606184006 -0.04333745688199997 0.07174619287252426
v -0.04668701812624931 -0.038191888481378555 0.07929667830467224
v -0.04480968788266182 -0.04684239998459816 0.07708702981472015
v -0.03883448615670204 -0.05039522796869278 0.08325542509555817
v -0.041746631264686584 -0.04086363688111305 0.08391612023115158
v -0.038330551236867905 -0.04177619144320488 0.08809357136487961
v -0.03983616828918457 -0.0347992479801178 0.0884396880865097
v -0.035659417510032654 -0.04187089577317238 0.09071869403123856
v -0.03740770369768143 -0.03602704405784607 0.09102673828601837
v -0.03306035324931145 -0.04094612970948219 0.09262870252132416
v -0.03521169349551201 -0.03631266951560974 0.09278468042612076
v -0.03279852867126465 -0.03573756664991379 0.09421931207180023
v -0.030803395435214043 -0.03960460424423218 0.09412296116352081
v -0.030491303652524948 -0.03467008098959923 0.09533131867647171
v -0.028773605823516846 -0.037809986621141434 0.09532465040683746
v -0.028702151030302048 -0.033786848187446594 0.09593666344881058
v -0.027109315618872643 -0.03616654872894287 0.09614297747612
v -0.027363775297999382 -0.03295036032795906 0.09634038805961609
v -0.02584133669734001 -0.0346703864634037 0.09685102105140686
v -0.024677924811840057 -0.033345580101013184 0.09733214974403381
v -0.026262521743774414 -0.03213966637849808 0.09657809883356094
v -0.023818016052246094 -0.032395098358392715 0.0974654108285904
v -0.02514365315437317 -0.03151407465338707 0.09675153344869614
v -0.022596200928092003 -0.03465745598077774 0.09887292981147766
v -0.023655638098716736 -0.03658226877450943 0.09821298718452454
v -0.019948715344071388 -0.03553970158100128 0.101397804915905
v -0.020832417532801628 -0.03814033791422844 0.10042095184326172
v -0.016699569299817085 -0.03606172278523445 0.10458716005086899
v -0.015774184837937355 -0.03403758630156517 0.10479552298784256
v -0.012465102598071098 -0.033745311200618744 0.10768445581197739
v -0.009109885431826115 -0.033603064715862274 0.11004575341939926
v -0.005685991607606411 -0.03367216885089874 0.1114499419927597
v -0.0024121871683746576 -0.03377220779657364 0.11199802905321121
v 0.000603398191742599 -0.0338636077940464 0.11206257343292236
v 0.0005769074195995927 -0.03649263083934784 0.11296659708023071
v -0.002648728433996439 -0.036549028009176254 0.11279051750898361
v 0.0006039344007149339 -0.03974207118153572 0.11207176744937897
v -0.0028327214531600475 -0.03987806662917137 0.11166052520275116
v -0.00615880498662591 -0.036505021154880524 0.11201201379299164
v -0.006513521075248718 -0.039965856820344925 0.11070730537176132
v -0.00981256365776062 -0.0363696850836277 0.1102677434682846
v -0.010320442728698254 -0.0398230217397213 0.10889635235071182
v -0.013360287062823772 -0.03615950047969818 0.10782160609960556
v -0.013849597424268723 -0.03955516964197159 0.10617958754301071
v -0.017388692125678062 -0.03908568620681763 0.10317252576351166
v 0.0006276399944908917 -0.04358016327023506 0.10896607488393784
v -0.002963236765936017 -0.043831512331962585 0.10877121239900589
v -0.0067230286076664925 -0.04404165968298912 0.10807682573795319
v -0.01071341335773468 -0.04384182021021843 0.10654880851507187
v -0.014636769890785217 -0.04334010183811188 0.1042972058057785
v -0.018413878977298737 -0.04249730706214905 0.10174378007650375
v -0.02190202847123146 -0.04095064476132393 0.09922579675912857
v -0.02491038478910923 -0.03875470161437988 0.09721316397190094
v -0.026340385898947716 -0.041038889437913895 0.09626221656799316
v 0.0006184068042784929 -0.04904603958129883 0.10724141448736191
v -0.003433774458244443 -0.04904917627573013 0.10696225613355637
v -0.007650560233741999 -0.04866217076778412 0.10628892481327057
v -0.011873289942741394 -0.04790475219488144 0.10496898740530014
v -0.01592380180954933 -0.04691263288259506 0.10287386178970337
v -0.019727006554603577 -0.04553838446736336 0.10047659277915955
v -0.023209920153021812 -0.04376146197319031 0.09806010872125626
v -0.027965201064944267 -0.043403975665569305 0.09494528919458389
v 0.0006123404600657523 -0.05335650220513344 0.10676270723342896
v -0.004042057786136866 -0.05307408422231674 0.10629969090223312
v -0.008658090606331825 -0.05241553112864494 0.1053277775645256
v -0.01302399393171072 -0.05145104229450226 0.10367251932621002
v -0.017204808071255684 -0.05016978830099106 0.10159435123205185
v -0.02107110433280468 -0.048452798277139664 0.09913646429777145
v -0.024578150361776352 -0.04625847563147545 0.09666209667921066
v -0.029900556430220604 -0.045505866408348083 0.09330267459154129
v 0.0005982947186566889 -0.05755656585097313 0.10769949853420258
v -0.004753265529870987 -0.057173289358615875 0.1070396900177002
v -0.00994266290217638 -0.05633510649204254 0.10556144267320633
v -0.01454890239983797 -0.05504835769534111 0.1031574010848999
v -0.018800770863890648 -0.05341707915067673 0.10063237696886063
v -0.022666700184345245 -0.05139712616801262 0.09784441441297531
v -0.026308519765734673 -0.048876143991947174 0.09517835825681686
v -0.03217167407274246 -0.04723643884062767 0.09127852320671082
v -0.03504546731710434 -0.049047455191612244 0.08830460906028748
v -0.02837599813938141 -0.05135226249694824 0.09341076016426086
v -0.030844703316688538 -0.05419458448886871 0.09104637056589127
v 0.0005816924385726452 -0.06245318055152893 0.10851753503084183
v -0.00563957542181015 -0.06192725524306297 0.10783594846725464
v -0.011457434855401516 -0.06077234819531441 0.10591862350702286
v -0.016418596729636192 -0.05905325338244438 0.10292290151119232
v -0.02070990949869156 -0.05697425827383995 0.099700428545475
v -0.0245489701628685 -0.054515790194272995 0.09634418785572052
v 0.000553288497030735 -0.0684739276766777 0.10801607370376587
v -0.006586252711713314 -0.06778596341609955 0.10742323845624924
v -0.013132457621395588 -0.0662071481347084 0.1052917093038559
v -0.018476583063602448 -0.0637747272849083 0.10192766040563583
v -0.02283409982919693 -0.06091294437646866 0.09814707934856415
v -0.02683197893202305 -0.057811662554740906 0.0944579541683197
v -0.03327720984816551 -0.05731864273548126 0.08765873312950134
v 0.0004940992803312838 -0.07443481683731079 0.10486757755279541
v -0.007179781328886747 -0.07394594699144363 0.10441386699676514
v -0.014267773367464542 -0.07197131216526031 0.10235369205474854
v -0.019948169589042664 -0.0687694251537323 0.09909703582525253
v -0.024631474167108536 -0.06522738933563232 0.09552530199289322
v -0.028683936223387718 -0.06147752329707146 0.09162245690822601
v -0.0337321013212204 -0.06195694953203201 0.08364111930131912
v -0.03846075013279915 -0.057824037969112396 0.07903660833835602
v -0.04328940808773041 -0.05437425896525383 0.07394024729728699
v 0.00041579356184229255 -0.07828759402036667 0.09905722737312317
v -0.007181456312537193 -0.07770637422800064 0.09842485189437866
v -0.014302710071206093 -0.07585392147302628 0.09681298583745956
v -0.020385295152664185 -0.07271360605955124 0.0945039838552475
v -0.025269638746976852 -0.06902279704809189 0.09147027134895325
v -0.02941935695707798 -0.06548100709915161 0.08783198893070221
v -0.04805781692266464 -0.051179781556129456 0.06862460821866989
v -0.04449544474482536 -0.058331944048404694 0.06489492207765579
v -0.04869379475712776 -0.055437397211790085 0.058497875928878784
v -0.05361377075314522 -0.05194083973765373 0.05113959684967995
v -0.024830427020788193 -0.07150562107563019 0.0860343798995018
v -0.02878565527498722 -0.06840629875659943 0.08334885537624359
v -0.03250536322593689 -0.06590085476636887 0.07954800873994827
v -0.019922316074371338 -0.07491366565227509 0.08827926963567734
v -0.013886358588933945 -0.077867291867733 0.09006056934595108
v -0.0069594308733940125 -0.07941258698701859 0.09113162010908127
v 0.0002872489858418703 -0.08011411130428314 0.09173765778541565
v -0.03643689304590225 -0.06325029581785202 0.0752338171005249
v -0.040429797023534775 -0.06076313182711601 0.0704277902841568
v -0.03237490728497505 -0.0676170289516449 0.07241792231798172
v -0.03551469370722771 -0.06607729196548462 0.06717948615550995
v -0.038748592138290405 -0.06444945931434631 0.06145038455724716
v -0.042328137904405594 -0.062480952590703964 0.05477876588702202
v -0.04658523574471474 -0.05986447632312775 0.04692773520946503
v -0.051420848816633224 -0.055874988436698914 0.03787282109260559
v -0.05640874803066254 -0.051368601620197296 0.027339471504092216
v -0.02973969094455242 -0.06913131475448608 0.07691048085689545
v -0.027828840538859367 -0.07012780755758286 0.08013042062520981
v -0.024669738486409187 -0.07256834208965302 0.08084438741207123
v -0.025673028081655502 -0.07244352996349335 0.07576978951692581
v -0.0204008799046278 -0.07595878094434738 0.07551073282957077
v -0.019806401804089546 -0.0758230909705162 0.08165322989225388
v -0.013796444050967693 -0.07885294407606125 0.08255080878734589
v -0.006977108307182789 -0.08046001940965652 0.08300483971834183
v 9.418031550012529e-05 -0.08099935948848724 0.08311547338962555
v -0.007141200825572014 -0.08079345524311066 0.07562386244535446
v -0.014127667061984539 -0.0791221559047699 0.07560472190380096
v -7.44923745514825e-05 -0.08108492940664291 0.07547622919082642
v -0.0002156058617401868 -0.0811304897069931 0.06850548833608627
v -0.007467078510671854 -0.08079512417316437 0.06868086755275726
v -0.0003301720425952226 -0.08124435693025589 0.06244697794318199
v -0.007888437248766422 -0.08080919086933136 0.06253513693809509
v -0.014685473404824734 -0.07904907315969467 0.06904520839452744
v -0.015346048399806023 -0.0790008008480072 0.06266868114471436
v -0.021329179406166077 -0.07572866231203079 0.06951584666967392
v -0.02239993028342724 -0.07523100823163986 0.06325571238994598
v -0.029179971665143967 -0.07075067609548569 0.06484542787075043
v -0.027260463684797287 -0.07172739505767822 0.07052382826805115
v -0.000556556973606348 -0.0829678550362587 0.05679616704583168
v -0.008492824621498585 -0.08246983587741852 0.05662551522254944
v -0.009364514611661434 -0.08667518943548203 0.052093397825956345
v -0.0008318204199895263 -0.08772239834070206 0.05285869166254997
v -0.016356470063328743 -0.08023394644260406 0.05629381909966469
v -0.023626985028386116 -0.07509567588567734 0.05666277930140495
v -0.031448427587747574 -0.06977855414152145 0.058669496327638626
v -0.03418460488319397 -0.06897573173046112 0.05160045251250267
v -0.03798374533653259 -0.06800984591245651 0.043628741055727005
v -0.025249870494008064 -0.07597001641988754 0.049192994832992554
v -0.028808463364839554 -0.07869447767734528 0.041092608124017715
v -0.018564464524388313 -0.09503396600484848 0.04241134971380234
v -0.01741008087992668 -0.08426359295845032 0.0497201643884182
v -0.009896572679281235 -0.09232748299837112 0.04850500077009201
v -0.0015359825920313597 -0.10180417448282242 0.04466304928064346
v -0.0011438934598118067 -0.094313845038414 0.049816712737083435
v -0.01673913560807705 -0.11439766734838486 0.03309802711009979
v -0.0021266706753522158 -0.11574192345142365 0.03440120071172714
v -0.0026027122512459755 -0.13333846628665924 0.026901593431830406
v -0.01592416502535343 -0.13215817511081696 0.02709398977458477
v -0.04352118819952011 -0.06604550033807755 0.03469756245613098
v -0.05046707019209862 -0.06405749171972275 0.02556501142680645
v -0.0577799417078495 -0.06244617700576782 0.01627366803586483
v -0.060044050216674805 -0.049249403178691864 0.016675958409905434
v -0.06311254948377609 -0.04749224707484245 0.005732220597565174
v -0.06232602521777153 -0.06028228625655174 0.0051828171126544476
v -0.06325941532850266 -0.04558204114437103 -0.0072650914080441
v -0.06303450465202332 -0.05809125304222107 -0.007624168414622545
v -0.05575665831565857 -0.07622741162776947 0.01641358993947506
v -0.06168811395764351 -0.07379551976919174 0.005489075556397438
v -0.06331026554107666 -0.07074904441833496 -0.006971423514187336
v -0.05397713556885719 -0.0909864529967308 0.016415176913142204
v -0.060594744980335236 -0.08765757828950882 0.005851010791957378
v -0.06394392997026443 -0.08371652662754059 -0.006283010356128216
v -0.05180802568793297 -0.10729368031024933 0.015796059742569923
v -0.06003331020474434 -0.10266661643981934 0.005939789582043886
v -0.049363475292921066 -0.12437573075294495 0.015466177836060524
v -0.059935349971055984 -0.1184418573975563 0.006709727458655834
v -0.06495300680398941 -0.09755699336528778 -0.006028476636856794
v -0.06726733595132828 -0.11171416938304901 -0.005226434208452702
v -0.047761645168066025 -0.14172539114952087 0.019763760268688202
v -0.06063615530729294 -0.13447681069374084 0.009163917973637581
v -0.07219996303319931 -0.12481223046779633 -0.0025689145550131798
v -0.058432288467884064 -0.05579375475645065 -0.020201263949275017
v -0.05825274810194969 -0.04383053630590439 -0.020247232168912888
v -0.050332412123680115 -0.04266509413719177 -0.03247565031051636
v -0.050227075815200806 -0.03111482411623001 -0.03278755769133568
v -0.040288347750902176 -0.030851885676383972 -0.04354338347911835
v -0.04087752476334572 -0.01865525171160698 -0.045500293374061584
v -0.05118805915117264 -0.018887992948293686 -0.034566402435302734
v -0.042373042553663254 -0.005733036436140537 -0.04942964017391205
v -0.05289902910590172 -0.0063702682964503765 -0.038917478173971176
v -0.045192182064056396 0.007499857805669308 -0.05520778149366379
v -0.05551914870738983 0.006539719644933939 -0.04429987818002701
v -0.049560584127902985 0.02271365374326706 -0.06100623682141304
v -0.059259235858917236 0.0207992997020483 -0.04871317371726036
v -0.03631342947483063 0.024071812629699707 -0.06984353810548782
v -0.01992555893957615 0.024536121636629105 -0.07491736114025116
v -0.06539300829172134 0.01909010298550129 -0.035123877227306366
v -0.06235305964946747 0.005808682646602392 -0.03136427327990532
v -0.03243515267968178 0.008161710575222969 -0.06295864284038544
v -0.017995985224843025 0.008437680080533028 -0.06703106313943863
v -0.06073487550020218 -0.006869983859360218 -0.026035822927951813
v -0.029894983395934105 -0.0054009039886295795 -0.056649304926395416
v -0.016585851088166237 -0.0051497346721589565 -0.06026124209165573
v -0.05972474440932274 -0.01915622130036354 -0.02085951343178749
v -0.028816847130656242 -0.018540991470217705 -0.052986253052949905
v -0.01594817079603672 -0.018435420468449593 -0.05648835375905037
v -0.05894077569246292 -0.03190096840262413 -0.020084340125322342
v -0.06371942162513733 -0.03307146206498146 -0.00546062458306551
v -0.06434626132249832 -0.0349605418741703 0.007491626311093569
v -0.06430669873952866 -0.03630707412958145 0.018387243151664734
v -0.028437726199626923 -0.03090646117925644 -0.05101356655359268
v -0.01578151248395443 -0.030930429697036743 -0.054513026028871536
v -0.028664197772741318 -0.04234064742922783 -0.05025311931967735
v -0.01586228795349598 -0.04271379113197327 -0.05359349027276039
v -0.0407189279794693 -0.04227195307612419 -0.04296564683318138
v -0.05183569714426994 -0.054142165929079056 -0.03263147920370102
v -0.04250096157193184 -0.05339306220412254 -0.04377679526805878
v -0.02991095557808876 -0.05348601192235947 -0.05099616199731827
v -0.01640208065509796 -0.05406537652015686 -0.054066307842731476
v -0.05442351847887039 -0.06574814766645432 -0.03275143727660179
v -0.04517025500535965 -0.06471873819828033 -0.04457544907927513
v -0.03215445950627327 -0.06494017690420151 -0.0525984987616539
v -0.017679067328572273 -0.06568914651870728 -0.05580975115299225
v -0.06031256541609764 -0.06797260791063309 -0.019903358072042465
v -0.06352575123310089 -0.08004701882600784 -0.01959748938679695
v -0.06698369234800339 -0.09197942912578583 -0.01951366476714611
v -0.07257483899593353 -0.1036786362528801 -0.018666571006178856
v -0.07949379086494446 -0.1134880930185318 -0.01733008585870266
v -0.059104762971401215 -0.0770183727145195 -0.03357158228754997
v -0.04958542808890343 -0.07572706788778305 -0.04666883125901222
v -0.03540823981165886 -0.07648587226867676 -0.05501730367541313
v -0.019689038395881653 -0.07753824442625046 -0.05935057997703552
v -0.06479708105325699 -0.08715257793664932 -0.03483136370778084
v -0.05518759787082672 -0.0861421450972557 -0.04935617744922638
v -0.040095794945955276 -0.0867687463760376 -0.06012405455112457
v -0.02229916863143444 -0.08891855180263519 -0.06485936045646667
v -0.07265143096446991 -0.09624753147363663 -0.0360134057700634
v -0.0634554997086525 -0.09383424371480942 -0.05372578278183937
v -0.04652460664510727 -0.09516892582178116 -0.06669590622186661
v -0.025685369968414307 -0.09910327196121216 -0.07241632789373398
v -0.08111167699098587 -0.10315773636102676 -0.03694472834467888
v -0.07145901024341583 -0.09992071986198425 -0.05809539183974266
v -0.05178571119904518 -0.10269071161746979 -0.07363264262676239
v -0.02819528803229332 -0.1087331548333168 -0.08077098429203033
v -0.0028842033352702856 -0.09026329964399338 -0.06631360948085785
v -0.002935898257419467 -0.07860350608825684 -0.06049581989645958
v -0.0029889221768826246 -0.06658750772476196 -0.05646548792719841
v -0.0030356263741850853 -0.054671283811330795 -0.05457170680165291
v -0.003015550086274743 -0.04308578744530678 -0.05411677807569504
v -0.0029257710557430983 -0.031118281185626984 -0.05502283573150635
v -0.0027958254795521498 -0.018502289429306984 -0.05715080350637436
v -0.002638433827087283 -0.00503268837928772 -0.06093383952975273
v -0.0024188710376620293 0.008358059450984001 -0.06780513375997543
v -0.0021217402536422014 0.024294722825288773 -0.07684852182865143
v -0.0017739853356033564 0.04475723206996918 -0.08215435594320297
v 0.0005691839614883065 -0.03159482404589653 0.10871093720197678
v 0.0005011859466321766 -0.03259808570146561 0.1056080162525177
v -0.00267430511303246 -0.03252904862165451 0.10548751801252365
v -0.0024767902214080095 -0.03144802153110504 0.10844328999519348
v -0.005798759404569864 -0.032266147434711456 0.10494139790534973
v -0.005592694506049156 -0.03122970648109913 0.10795767605304718
v -0.009209741838276386 -0.032015521079301834 0.104139544069767
v -0.008932603523135185 -0.031028438359498978 0.10687069594860077
v -0.012317369692027569 -0.03191004693508148 0.102985680103302
v -0.011997444555163383 -0.03103526495397091 0.10534276813268661
v -0.015212898142635822 -0.03179165720939636 0.10160330682992935
v -0.014896578155457973 -0.031146809458732605 0.103409044444561
v -0.005839971825480461 -0.03981633111834526 0.10042969882488251
v 0.00036774054751731455 -0.04033196344971657 0.10128848999738693
v -0.015535509213805199 -0.03646555542945862 0.096858449280262
v -0.017866220325231552 -0.03163724020123482 0.09997152537107468
v -0.02182791940867901 -0.032889775931835175 0.09371840208768845
v -0.007929627783596516 -0.05086936801671982 0.09164653718471527
v 0.00032130908221006393 -0.05121278762817383 0.09143882244825363
v -0.018605107441544533 -0.04288472980260849 0.08902386575937271
v -0.024194372817873955 -0.03467078506946564 0.08605418354272842
v -0.025668244808912277 -0.0289289653301239 0.08599057048559189
v -0.024410249665379524 -0.030056636780500412 0.09285032004117966
v -0.02293826825916767 -0.03080730140209198 0.09566564857959747
v -0.021586155518889427 -0.031229086220264435 0.09662757068872452
v -0.02003423497080803 -0.03132253512740135 0.09841737151145935
v -0.02350423112511635 -0.03025491163134575 0.09522164613008499
v -0.008180188946425915 -0.05004911497235298 0.05317585915327072
v 0.0003006836341228336 -0.050690796226263046 0.05170698091387749
v -0.025261612609028816 -0.04880807548761368 0.06785766780376434
v -0.02771100401878357 -0.03605261445045471 0.0713782086968422
v -0.029049020260572433 -0.026475105434656143 0.07185988873243332
v -0.03014645352959633 -0.03993469476699829 0.04971102997660637
v -0.03116615116596222 -0.030965737998485565 0.04733975604176521
v -0.032140932977199554 -0.023533429950475693 0.0482952706515789
v -0.02777104265987873 -0.02016928233206272 0.03283122181892395
v -0.027229811996221542 -0.03299903869628906 0.03015025705099106
v -0.02459857612848282 -0.04387347772717476 0.035998985171318054
v -0.016733422875404358 -0.01734527386724949 0.021025529131293297
v -0.018520208075642586 -0.03430808335542679 0.014532615430653095
v -0.014810486696660519 -0.04605640843510628 0.028117697685956955
v -0.02528090588748455 -0.047130320221185684 0.0548132061958313
v -0.010437872260808945 -0.048482745885849 0.041800662875175476
v 0.00016028723621275276 -0.017395207658410072 0.017173636704683304
v 0.00023539744142908603 -0.03535071760416031 0.007779859937727451
v 0.00026646361220628023 -0.0468163825571537 0.023707367479801178
v 0.0002507937897462398 -0.04940943792462349 0.03953874483704567
v 0.019203398376703262 -0.03402603417634964 0.01466523390263319
v 0.017331337556242943 -0.017064427956938744 0.020953336730599403
v 0.0276612751185894 -0.032417651265859604 0.03029634989798069
v 0.028451837599277496 -0.01970338448882103 0.032848481088876724
v 0.03144018352031708 -0.03067900240421295 0.04726654291152954
v 0.03237583115696907 -0.02326379530131817 0.04816799983382225
v 0.02939482592046261 -0.026252949610352516 0.07174988090991974
v 0.030327297747135162 -0.039512187242507935 0.04964020103216171
v 0.02808072417974472 -0.03587780147790909 0.0712895393371582
v 0.026273448020219803 -0.028685437515378 0.08582320064306259
v 0.02478955127298832 -0.03444516286253929 0.0858987420797348
v 0.022557387128472328 -0.0325310081243515 0.09341535717248917
v 0.01618157885968685 -0.03626673296093941 0.09662872552871704
v 0.018662888556718826 -0.03141624480485916 0.09989617019891739
v 0.016050541773438454 -0.03157749027013779 0.10154396295547485
v 0.013211078941822052 -0.03172348439693451 0.10292923450469971
v 0.012977135367691517 -0.03106190264225006 0.10539039224386215
v 0.009985986165702343 -0.0310566034168005 0.1069503054022789
v 0.010175935924053192 -0.031913988292217255 0.10410704463720322
v 0.00670836353674531 -0.0312761552631855 0.10803449153900146
v 0.006801701616495848 -0.032239098101854324 0.10489870607852936
v 0.0036113024689257145 -0.03151640668511391 0.10849069058895111
v 0.00368183059617877 -0.032521266490221024 0.10545314848423004
v 0.015774991363286972 -0.031093072146177292 0.10346552729606628
v 0.006601233500987291 -0.03979707881808281 0.1003386378288269
v 0.0085203368216753 -0.05077038332819939 0.09160599112510681
v 0.019163597375154495 -0.042812228202819824 0.0889090746641159
v 0.00877916719764471 -0.05008242279291153 0.053041886538267136
v 0.025568852201104164 -0.048464685678482056 0.06763578206300735
v 0.011010038666427135 -0.048446282744407654 0.04150199145078659
v 0.025605175644159317 -0.046796247363090515 0.05464480072259903
v 0.015218004584312439 -0.04591396450996399 0.028161577880382538
v 0.024772675707936287 -0.04351511225104332 0.036071427166461945
v 0.0004729054926428944 -0.023347582668066025 0.10579245537519455
v 0.0005110017955303192 -0.028956444934010506 0.10752344876527786
v -0.0022602847311645746 -0.028909634798765182 0.10738722234964371
v -0.005115097854286432 -0.023422516882419586 0.1048605665564537
v -0.005218729842454195 -0.02896694466471672 0.10681980848312378
v -0.015548300929367542 -0.025293709710240364 0.10027168691158295
v -0.008571471087634563 -0.02918262407183647 0.10572615265846252
v -0.011889208108186722 -0.029392948374152184 0.10412473231554031
v -0.015128204599022865 -0.029634829610586166 0.102190300822258
v -0.01806401088833809 -0.029896974563598633 0.10006695985794067
v -0.022409284487366676 -0.027975112199783325 0.0948142558336258
v 0.00042215321445837617 -0.009006054140627384 0.09958446025848389
v -0.008371842093765736 -0.009345878846943378 0.09889429062604904
v -0.020447297021746635 -0.0166134275496006 0.09556220471858978
v -0.02543942630290985 -0.024005211889743805 0.08848591148853302
v -0.02440756745636463 -0.029938386753201485 0.09287556260824203
v -0.02194785885512829 -0.029787378385663033 0.09667341411113739
v -0.020377907902002335 -0.02990168146789074 0.09811258316040039
v -0.023377759382128716 -0.02983940578997135 0.09537945687770844
v -0.02350425161421299 -0.030254840850830078 0.0952216386795044
v -0.0256687980145216 -0.028925977647304535 0.08598985522985458
v 0.00022070342674851418 -0.0020842214580625296 0.07063569873571396
v -0.008517177775502205 -0.0024182612542062998 0.07132357358932495
v -0.023544032126665115 -0.005488615483045578 0.07407975941896439
v -0.029933840036392212 -0.01824622042477131 0.07500255852937698
v -0.029048101976513863 -0.026478316634893417 0.07186077535152435
v -0.03093627281486988 -0.012432694435119629 0.05479554831981659
v -0.03216768056154251 -0.023415980860590935 0.048282574862241745
v -0.023854637518525124 -0.009781597182154655 0.040125902742147446
v -0.027767380699515343 -0.02015640400350094 0.03283156082034111
v -0.012944181449711323 -0.008303784765303135 0.034286078065633774
v -0.010313988663256168 -0.004396488424390554 0.04573705419898033
v -0.01973850280046463 -0.00525340810418129 0.04959443584084511
v -0.01673341728746891 -0.01734526827931404 0.021025536581873894
v 0.00013323746679816395 -0.00414156774058938 0.044469404965639114
v 0.00013480902998708189 -0.008147496730089188 0.03161552920937538
v 0.0001602879201527685 -0.01739521510899067 0.017173631116747856
v -0.008551694452762604 -0.0029262115713208914 0.05603799223899841
v -0.016624154523015022 -0.003578265430405736 0.058351069688797
v -0.026879778131842613 -0.0070956796407699585 0.062094707041978836
v 0.00014291529078036547 -0.002776497043669224 0.05505919083952904
v 0.013340975157916546 -0.008130859583616257 0.03427952155470848
v 0.01064691599458456 -0.0042517478577792645 0.0457383431494236
v 0.024391965940594673 -0.00931579153984785 0.04007944464683533
v 0.020110860466957092 -0.004871314857155085 0.049551304429769516
v 0.028448430821299553 -0.019690873101353645 0.03284861892461777
v 0.032402824610471725 -0.02314479649066925 0.04815469682216644
v 0.03117220848798752 -0.011968094855546951 0.05479710176587105
v 0.029393943026661873 -0.026256199926137924 0.07175075262784958
v 0.030297288671135902 -0.017945552244782448 0.07492297142744064
v 0.026273969560861588 -0.02868245542049408 0.08582247048616409
v 0.026075296103954315 -0.023756375536322594 0.08830264955759048
v 0.025176383554935455 -0.029661787673830986 0.09265454858541489
v 0.02304885722696781 -0.027714211493730545 0.09455207735300064
v 0.0225428007543087 -0.029526235535740852 0.09664303064346313
v 0.02108575776219368 -0.029711896553635597 0.09801096469163895
v 0.02396821603178978 -0.029483506456017494 0.09539531916379929
v 0.0241806972771883 -0.0299382284283638 0.09511743485927582
v 0.020972706377506256 -0.01656942069530487 0.09543629735708237
v 0.01632535830140114 -0.02521233819425106 0.09996039420366287
v 0.018898675218224525 -0.029741402715444565 0.099913090467453
v 0.01608167588710785 -0.02949000708758831 0.10201981663703918
v 0.012950102798640728 -0.02931111305952072 0.10397312045097351
v 0.00964401662349701 -0.029158543795347214 0.10555654019117355
v 0.0063161239959299564 -0.02899191714823246 0.10665901750326157
v 0.006096245255321264 -0.02338513918220997 0.1047758013010025
v 0.0033152797259390354 -0.028922388330101967 0.10729439556598663
v 0.009249593131244183 -0.009281731210649014 0.09885122627019882
v 0.008995947428047657 -0.0023113274946808815 0.07130920886993408
v 0.024048123508691788 -0.005051996558904648 0.07405964285135269
v 0.008853231556713581 -0.002803910057991743 0.05601867288351059
v 0.016975877806544304 -0.003258973592892289 0.05835031345486641
v 0.027290215715765953 -0.006572082173079252 0.062149159610271454
v -0.011924012564122677 -0.03047744184732437 0.1053553894162178
v -0.015156022273004055 -0.030564023181796074 0.10308641195297241
v -0.008457725867629051 -0.03077196329832077 0.10731784254312515
v -0.004963607527315617 -0.030844148248434067 0.10830321907997131
v -0.0015162326162680984 -0.030920911580324173 0.1090884581208229
v 0.0005372102605178952 -0.030973678454756737 0.10914091765880585
v -0.01804390735924244 -0.030671769753098488 0.10074843466281891
v -0.020774520933628082 -0.030647605657577515 0.09858798235654831
v -0.022724192589521408 -0.030367160215973854 0.09695236384868622
v -0.02333981730043888 -0.030419308692216873 0.09637843817472458
v -0.023431848734617233 -0.030543796718120575 0.09639724344015121
v 0.002623641164973378 -0.031023213639855385 0.1090846136212349
v 0.006155533250421286 -0.03105977736413479 0.10825417190790176
v 0.009624401107430458 -0.03099258616566658 0.10721476376056671
v 0.013022299855947495 -0.030578838661313057 0.10522017627954483
v 0.0161479152739048 -0.030511263757944107 0.10294865816831589
v 0.01889283023774624 -0.030589396134018898 0.10069859772920609
v 0.021472636610269547 -0.030525781214237213 0.09861832112073898
v 0.023236112669110298 -0.030055753886699677 0.09719323366880417
v 0.023873554542660713 -0.02999037504196167 0.09663242846727371
v 0.023936802521348 -0.0301129762083292 0.09659881144762039
v -0.023432068526744843 -0.030544154345989227 0.09639741480350494
v -0.02312864363193512 -0.030634256079792976 0.09658928215503693
v -0.022133909165859222 -0.030767563730478287 0.09743502736091614
v -0.020236006006598473 -0.03090575523674488 0.09913191944360733
v -0.017675090581178665 -0.031106483191251755 0.10127878189086914
v -0.04219820722937584 0.03326214849948883 0.08565680682659149
v -0.042277995496988297 0.03339599072933197 0.08576973527669907
v -0.042430855333805084 0.03386011719703674 0.08668536692857742
v -0.04172820970416069 0.03457607328891754 0.08804231137037277
v -0.04039543494582176 0.03538285940885544 0.0902782455086708
v -0.03786088526248932 0.036374859511852264 0.09225509315729141
v -0.034745313227176666 0.03719618171453476 0.09432772547006607
v -0.03103969432413578 0.03764556720852852 0.09520747512578964
v -0.027623040601611137 0.037583041936159134 0.09530876576900482
v -0.0242150891572237 0.03698555752635002 0.0940445065498352
v -0.02126709744334221 0.035947609692811966 0.0927540510892868
v -0.018494965508580208 0.03446546941995621 0.09187427908182144
v -0.01667976938188076 0.03321194276213646 0.09222301095724106
v -0.01610998995602131 0.03234119713306427 0.09262662380933762
v -0.01633300632238388 0.0319000743329525 0.09294373542070389
v -0.016753003001213074 0.03163465857505798 0.09305230528116226
v -0.017671527341008186 0.03156590089201927 0.0928504690527916
v -0.020028088241815567 0.032039824873209 0.09232890605926514
v -0.02390453591942787 0.03110181726515293 0.09405288100242615
v -0.02689412795007229 0.0302931759506464 0.0947365015745163
v -0.03036237135529518 0.029671410098671913 0.09465300291776657
v -0.033858638256788254 0.029792873188853264 0.09351582825183868
v -0.036588773131370544 0.030398044735193253 0.09191612154245377
v -0.03918113186955452 0.03131110593676567 0.08968017250299454
v -0.04071446508169174 0.03217514231801033 0.08758054673671722
v -0.0419936329126358 0.03303522989153862 0.08599202334880829
v -0.03362173214554787 0.03006339818239212 0.09312450885772705
v -0.03027644194662571 0.029904115945100784 0.09428007155656815
v -0.02689005434513092 0.030398212373256683 0.09432447701692581
v -0.024448659271001816 0.03108184225857258 0.09350790828466415
v -0.020980454981327057 0.03228553757071495 0.09162040799856186
v -0.040301986038684845 0.03232564404606819 0.08733807504177094
v -0.039095040410757065 0.031539663672447205 0.08941301703453064
v -0.041063450276851654 0.03311128541827202 0.08580184727907181
v -0.04126546531915665 0.033407799899578094 0.08526682108640671
v -0.04127800092101097 0.03366044536232948 0.0852765440940857
v -0.04118235409259796 0.033931538462638855 0.08585290610790253
v -0.04068579152226448 0.034553345292806625 0.08724727481603622
v -0.03951551765203476 0.035228610038757324 0.08904829621315002
v -0.03746551275253296 0.03618573769927025 0.09114652872085571
v -0.034520044922828674 0.03710711747407913 0.09333755075931549
v -0.03105144016444683 0.03772269934415817 0.09441972523927689
v -0.027261950075626373 0.03776739537715912 0.09447172284126282
v -0.02421884797513485 0.03717164322733879 0.09329468011856079
v -0.02138599008321762 0.03606988117098808 0.09169019013643265
v -0.01965475268661976 0.03467870503664017 0.09082582592964172
v -0.01992143876850605 0.03340453654527664 0.09065791964530945
v -0.019180037081241608 0.033078476786613464 0.09146371483802795
v -0.01755368337035179 0.03248583897948265 0.09252811223268509
v -0.04521629959344864 0.019149426370859146 0.08630260825157166
v -0.040802326053380966 0.017625348642468452 0.08977948874235153
v -0.03538421168923378 0.01795835793018341 0.09196852892637253
v -0.0307921152561903 0.018803052604198456 0.09322084486484528
v -0.026575589552521706 0.01999673992395401 0.09404075890779495
v -0.02282814495265484 0.021113906055688858 0.0946851521730423
v -0.01947185769677162 0.02236681431531906 0.0954209715127945
v -0.016515392810106277 0.023784101009368896 0.09628108888864517
v -0.013912281021475792 0.02548706717789173 0.09694977849721909
v -0.013443187810480595 0.023328740149736404 0.09935890138149261
v -0.026772063225507736 0.01616392470896244 0.09527208656072617
v -0.022779271006584167 0.017969705164432526 0.09610582888126373
v -0.019245369359850883 0.019549259915947914 0.09699210524559021
v -0.016232052817940712 0.02128172665834427 0.09800496697425842
v -0.013578856363892555 0.019927434623241425 0.10202933847904205
v -0.013564102351665497 0.01608370430767536 0.10450354963541031
v -0.013763073831796646 0.01264630351215601 0.10677678883075714
v -0.016124214977025986 0.01802767626941204 0.10014064610004425
v -0.01615152135491371 0.014282156713306904 0.10211758315563202
v -0.01632012240588665 0.010635393671691418 0.10412289202213287
v -0.01911154016852379 0.01584496907889843 0.0985507071018219
v -0.018990810960531235 0.011997547931969166 0.10035073757171631
v -0.01879693940281868 0.007994499057531357 0.10206746309995651
v -0.02198919467628002 0.0046241311356425285 0.10070545226335526
v -0.025911841541528702 0.0012134070275351405 0.09980029612779617
v -0.024340759962797165 -0.003246369305998087 0.10067514330148697
v -0.028063058853149414 -0.006555923726409674 0.09958130121231079
v -0.029758160933852196 -0.00211829855106771 0.09897258877754211
v -0.03158716484904289 -0.010436343960464 0.09825015813112259
v -0.033600348979234695 -0.005921534262597561 0.09757786989212036
v -0.03276660293340683 -0.019128568470478058 0.09795001894235611
v -0.03472628816962242 -0.02359161525964737 0.09622479975223541
v -0.03566218912601471 -0.027971021831035614 0.09451697021722794
v -0.03595450147986412 -0.032119378447532654 0.0933929979801178
v -0.034516509622335434 -0.014928851276636124 0.09673207253217697
v -0.03656438738107681 -0.010394159704446793 0.09582886844873428
v -0.03658755123615265 -0.019934503361582756 0.09498271346092224
v -0.038852717727422714 -0.015832215547561646 0.09362661838531494
v -0.03754450008273125 -0.025166688486933708 0.09308550506830215
v -0.040053591132164 -0.021840490400791168 0.0912972092628479
v -0.03774949908256531 -0.030523383989930153 0.09169752895832062
v -0.04026752710342407 -0.028184808790683746 0.08950049430131912
v -0.03898511081933975 -0.005440052133053541 0.09459930658340454
v -0.03521321341395378 -0.0007697413093410432 0.09652196615934372
v -0.041189759969711304 0.0007076561450958252 0.09260295331478119
v -0.036310192197561264 0.005279163829982281 0.09470345824956894
v -0.03092646598815918 0.0030860891565680504 0.09780806303024292
v -0.03140898421406746 0.008774584159255028 0.09588176012039185
v -0.02691083960235119 0.011466359719634056 0.0967157706618309
v -0.02276860736310482 0.013631359674036503 0.09754678606987
v -0.022518353536725044 0.00921931304037571 0.09913040697574615
v -0.026706930249929428 0.006322935223579407 0.09845276176929474
v -0.03120226413011551 0.014355586841702461 0.09424009919166565
v -0.03666049614548683 0.011943493969738483 0.09274899959564209
v -0.04353731498122215 0.009037920273840427 0.08977372199296951
v -0.04842929169535637 0.013118279166519642 0.08515869826078415
v -0.051587533205747604 0.01774677261710167 0.08058564364910126
v -0.053425826132297516 0.022848522290587425 0.07689408212900162
v -0.05209355056285858 0.00573195843026042 0.08186393231153488
v -0.0557127483189106 0.011610476300120354 0.07680550217628479
v -0.05823454633355141 0.01865694858133793 0.07214804738759995
v -0.05841940641403198 0.02745976112782955 0.07025428116321564
v -0.05859364569187164 0.00395622756332159 0.07101840525865555
v -0.05427148565649986 -0.0023669630754739046 0.07723425328731537
v -0.048139069229364395 0.0002473439963068813 0.08655773103237152
v -0.0448308140039444 -0.005896469112485647 0.08990918099880219
v -0.041671473532915115 -0.01127204205840826 0.09210804849863052
v -0.04316674545407295 -0.01796092838048935 0.08933450281620026
v -0.0436319038271904 -0.025173382833600044 0.08691446483135223
v -0.04329061508178711 -0.03272503986954689 0.08517752587795258
v -0.019179826602339745 -0.03379388898611069 0.1016649380326271
v -0.021716732531785965 -0.03317662701010704 0.09914115071296692
v 0.0031105868984013796 -0.014367650263011456 0.11369116604328156
v 0.0031255746725946665 -0.017838044092059135 0.11325369775295258
v 0.0030936081893742085 -0.020524727180600166 0.11389373987913132
v 0.004380580969154835 -0.022629903629422188 0.11458156257867813
v 0.004289277829229832 -0.02486516907811165 0.11491119116544724
v 0.004151895642280579 -0.02792106568813324 0.11456280946731567
v 0.003987128380686045 -0.02984972856938839 0.11272744089365005
v 0.003859883639961481 -0.0310370996594429 0.1105288490653038
v 0.0026238709688186646 -0.0310233011841774 0.10908617824316025
v 0.006846331059932709 -0.031033331528306007 0.11006631702184677
v 0.006155609618872404 -0.031060002744197845 0.10825452208518982
v 0.010000976733863354 -0.031002908945083618 0.10863877087831497
v 0.009624429978430271 -0.030992597341537476 0.10721486806869507
v 0.013293078169226646 -0.030814364552497864 0.10648863017559052
v 0.013022341765463352 -0.030578885227441788 0.10522029548883438
v 0.016494140028953552 -0.030877379700541496 0.10379385203123093
v 0.016147952526807785 -0.030511315912008286 0.10294873267412186
v 0.019404105842113495 -0.03091096505522728 0.10149191319942474
v 0.018892871215939522 -0.030589478090405464 0.10069865733385086
v 0.02274230867624283 -0.030567370355129242 0.09916538000106812
v 0.021472696214914322 -0.030525868758559227 0.09861838072538376
v 0.02436860464513302 -0.030211113393306732 0.09776339679956436
v 0.023236164823174477 -0.030055783689022064 0.09719327092170715
v 0.0247210506349802 -0.030344072729349136 0.09733853489160538
v 0.023873597383499146 -0.029990456998348236 0.09663249552249908
v 0.024714240804314613 -0.03044326789677143 0.09713947772979736
v 0.02393704280257225 -0.03011344186961651 0.09659866243600845
v 0.024469129741191864 -0.030526574701070786 0.09712759405374527
v 0.023655060678720474 -0.030267992988228798 0.09664727002382278
v 0.023950476199388504 -0.030815886333584785 0.09749473631381989
v 0.02274393104016781 -0.030479121953248978 0.09737294912338257
v 0.02210833504796028 -0.031428221613168716 0.09890082478523254
v 0.020902851596474648 -0.030714815482497215 0.09913495928049088
v 0.018434714525938034 -0.03102271258831024 0.10131870955228806
v 0.01911408267915249 -0.03193254768848419 0.1016804575920105
v 0.015772787854075432 -0.031094463542103767 0.10346055775880814
v 0.016019679605960846 -0.031973302364349365 0.10461163520812988
v 0.012974781915545464 -0.031063146889209747 0.10538472980260849
v 0.01304278802126646 -0.03178994730114937 0.10722324252128601
v 0.009987110272049904 -0.031055649742484093 0.10695410519838333
v 0.009740842506289482 -0.03168655186891556 0.10931307822465897
v 0.00670972652733326 -0.03127407282590866 0.10804186761379242
v 0.006691928952932358 -0.03180724009871483 0.11043655872344971
v 0.003611177671700716 -0.03151669725775719 0.10848938673734665
v 0.00349605455994606 -0.0320560522377491 0.1108449399471283
v 0.0035945165436714888 -0.03376143053174019 0.11207360029220581
v 0.0037772003561258316 -0.03652593120932579 0.11281067878007889
v 0.004018464125692844 -0.039902932941913605 0.11161184310913086
v 0.006816389504820108 -0.0336243212223053 0.11157505959272385
v 0.007256197277456522 -0.036452148109674454 0.11202753335237503
v 0.00766439363360405 -0.0399731770157814 0.1106317937374115
v 0.010209844447672367 -0.0335124172270298 0.1101350411772728
v 0.01093293260782957 -0.036259010434150696 0.11032164096832275
v 0.011498801410198212 -0.03984515741467476 0.10885031521320343
v 0.013497709296643734 -0.033660322427749634 0.10777231305837631
v 0.0145012978464365 -0.036040861159563065 0.10790199786424637
v 0.015114234760403633 -0.0394868329167366 0.10621817409992218
v 0.01667475886642933 -0.033829215914011 0.10483577102422714
v 0.01780892163515091 -0.03582770749926567 0.10463301092386246
v 0.01867513731122017 -0.038853757083415985 0.10323364287614822
v 0.019928868860006332 -0.03350478410720825 0.10175509005784988
v 0.020914990454912186 -0.03518020734190941 0.10149440169334412
v 0.021980691701173782 -0.03773977607488632 0.10051729530096054
v 0.024700725451111794 -0.03614868223667145 0.09832752496004105
v 0.023533431813120842 -0.0341997928917408 0.09902088344097137
v 0.02246987633407116 -0.03276323154568672 0.09930253773927689
v 0.026839742437005043 -0.03428041189908981 0.09696323424577713
v 0.025615433230996132 -0.032902996987104416 0.09751445800065994
v 0.028350984677672386 -0.03260579705238342 0.09649801254272461
v 0.027157438918948174 -0.031739018857479095 0.09682812541723251
v 0.024608450010418892 -0.031940728425979614 0.09770401567220688
v 0.025906575843691826 -0.031091196462512016 0.09710056334733963
v 0.026020566001534462 -0.03848356753587723 0.0972515344619751
v 0.028170360252261162 -0.0359174981713295 0.09616458415985107
v 0.023154517635703087 -0.04074340686202049 0.09927298128604889
v 0.019753722473978996 -0.04236873984336853 0.10178249329328537
v 0.02973746694624424 -0.0335533544421196 0.0960157960653305
v 0.027492409572005272 -0.04092646390199661 0.09621063619852066
v 0.0298161618411541 -0.037677742540836334 0.09525994956493378
v 0.0209816861897707 -0.045442212373018265 0.1004670113325119
v 0.017187492921948433 -0.04685721546411514 0.1028255894780159
v 0.015980221331119537 -0.04334249347448349 0.10429515689611435
v 0.011959700845181942 -0.04394160211086273 0.10649968683719635
v 0.007934199646115303 -0.0440797284245491 0.1079740822315216
v 0.004204150289297104 -0.04382322356104851 0.1087077409029007
v 0.0046500288881361485 -0.0490485355257988 0.10708371549844742
v 0.008833229541778564 -0.0486811101436615 0.10630857199430466
v 0.013091814704239368 -0.047939855605363846 0.1049216240644455
v 0.005267262924462557 -0.05306614190340042 0.10650336742401123
v 0.009854109026491642 -0.05238426476716995 0.10544418543577194
v 0.014176039025187492 -0.05142299830913544 0.10357639938592911
v 0.018338643014431 -0.0500980019569397 0.10149489343166351
v 0.02222447656095028 -0.04838721081614494 0.0990951880812645
v 0.024471193552017212 -0.04368025064468384 0.09807788580656052
v 0.025773629546165466 -0.04618383198976517 0.09671060740947723
v 0.029072226956486702 -0.043337419629096985 0.09490353614091873
v 0.03176112473011017 -0.039587005972862244 0.09411492198705673
v 0.031477686017751694 -0.034580327570438385 0.0953260287642479
v 0.03360121697187424 -0.03573831170797348 0.09418176859617233
v 0.03092816285789013 -0.0455380417406559 0.09326326102018356
v 0.03391656279563904 -0.04104749858379364 0.09265882521867752
v 0.01986914500594139 -0.05343442037701607 0.10054390132427216
v 0.02371327020227909 -0.05139881372451782 0.09774820506572723
v 0.027378270402550697 -0.048869624733924866 0.09514913707971573
v 0.03586079925298691 -0.03641415759921074 0.09273075312376022
v 0.03798505291342735 -0.036226801574230194 0.09094512462615967
v 0.036391064524650574 -0.0421103835105896 0.09074921160936356
v 0.04037326201796532 -0.03512600436806679 0.08834032714366913
v 0.03884211927652359 -0.04211195930838585 0.08798032999038696
v 0.033145319670438766 -0.04743639752268791 0.09122255444526672
v 0.035876136273145676 -0.04946066439151764 0.08829045295715332
v 0.029430454596877098 -0.051540523767471313 0.09333989024162292
v 0.03180135414004326 -0.05459849163889885 0.09096530824899673
v 0.021792003884911537 -0.0570821650326252 0.09968245774507523
v 0.01760423183441162 -0.05918801948428154 0.10303400456905365
v 0.015715153887867928 -0.05511792376637459 0.10323276370763779
v 0.011189965531229973 -0.05635795369744301 0.10586600750684738
v 0.005976191721856594 -0.05717863142490387 0.10728279501199722
v 0.006787791848182678 -0.06196955218911171 0.10788870602846146
v 0.012690119445323944 -0.0608833022415638 0.10616707801818848
v 0.007650396786630154 -0.06777513772249222 0.10731371492147446
v 0.014268915168941021 -0.06634413450956345 0.10538811981678009
v 0.01962893456220627 -0.06395784020423889 0.10202493518590927
v 0.008108395151793957 -0.07387012988328934 0.10425198823213577
v 0.015250313095748425 -0.07209915667772293 0.10237887501716614
v 0.020924260839819908 -0.0690213143825531 0.09910512715578079
v 0.02390497364103794 -0.061121661216020584 0.09815061837434769
v 0.02559569664299488 -0.054672181606292725 0.09631744027137756
v 0.027848657220602036 -0.0581258162856102 0.09443843364715576
v 0.025531461462378502 -0.06558097898960114 0.09544487297534943
v 0.02955552004277706 -0.061946410685777664 0.09155571460723877
v 0.034023065119981766 -0.057880472391843796 0.08755886554718018
v 0.039288684725761414 -0.05096442252397537 0.08312857896089554
v 0.042104002088308334 -0.04139048978686333 0.08381287753582001
v 0.04370350018143654 -0.03320656716823578 0.08503706753253937
v 0.04689794406294823 -0.03891148418188095 0.07917195558547974
v 0.04492724686861038 -0.04757785424590111 0.07690758258104324
v 0.03412548825144768 -0.06257790327072144 0.08345769345760345
v 0.03868292644619942 -0.058520808815956116 0.07884065061807632
v 0.04315866902470589 -0.05512569844722748 0.07363811135292053
v 0.025821857154369354 -0.06942430138587952 0.09125726670026779
v 0.021015919744968414 -0.07294014096260071 0.09435048699378967
v 0.015044011175632477 -0.07602602243423462 0.09674878418445587
v 0.007965490221977234 -0.07779563218355179 0.09837034344673157
v 0.05023729056119919 -0.04418173432350159 0.07131092995405197
v 0.051985885947942734 -0.035441767424345016 0.07391020655632019
v 0.04752468317747116 -0.052080728113651276 0.0681915283203125
v 0.05518944188952446 -0.0405607670545578 0.06511926651000977
v 0.056597962975502014 -0.03151741251349449 0.06769494712352753
v 0.059704750776290894 -0.03670147433876991 0.058177072554826736
v 0.06066012382507324 -0.02759673446416855 0.060643572360277176
v 0.05693898722529411 -0.045074090361595154 0.05492057651281357
v 0.052240077406167984 -0.04888333007693291 0.061954278498888016
v 0.05234607309103012 -0.026459570974111557 0.07624315470457077
v 0.04794014245271683 -0.030339311808347702 0.08119463175535202
v 0.04777355492115021 -0.02190956100821495 0.08338107913732529
v 0.044064149260520935 -0.025521527975797653 0.08670654147863388
v 0.04091404750943184 -0.02840750850737095 0.08943060785531998
v 0.04365454614162445 -0.01824471727013588 0.08919692039489746
v 0.04061511531472206 -0.022022180259227753 0.09118951857089996
v 0.03852729871869087 -0.03065050207078457 0.09176253527402878
v 0.03830889239907265 -0.02529778890311718 0.0931180939078331
v 0.03939756378531456 -0.01605871506035328 0.09353996068239212
v 0.03727664425969124 -0.020085399970412254 0.09492402523756027
v 0.03722750023007393 -0.01067320816218853 0.09590017795562744
v 0.03524213284254074 -0.015139326453208923 0.09673216193914413
v 0.034307196736335754 -0.0062057399190962315 0.09788678586483002
v 0.032373540103435516 -0.010686155408620834 0.0984732061624527
v 0.030486907809972763 -0.002297261031344533 0.09940735250711441
v 0.028842704370617867 -0.006742819212377071 0.0999859943985939
v 0.026567930355668068 0.001145681831985712 0.10028954595327377
v 0.025121383368968964 -0.0033156254794448614 0.10123336315155029
v 0.02132781408727169 0.0001297539274673909 0.10308006405830383
v 0.023299990221858025 -0.006908955052495003 0.10245218127965927
v 0.020513588562607765 -0.004055723547935486 0.10367891192436218
v 0.01938316971063614 -0.00024595900322310627 0.1048746407032013
v 0.019062595441937447 -0.002798453439027071 0.10514184087514877
v 0.018537621945142746 -0.001991116441786289 0.10636845976114273
v 0.018096301704645157 -0.004085729829967022 0.10704802721738815
v 0.017900902777910233 -0.005120767746120691 0.10573699325323105
v 0.01647830568253994 -0.006823784671723843 0.10690987855195999
v 0.018971648067235947 -0.006749826017767191 0.10459522157907486
v 0.016948994249105453 -0.008748676627874374 0.10600261390209198
v 0.014317252673208714 -0.00792396068572998 0.10844060778617859
v 0.014366045594215393 -0.010318497195839882 0.10819876939058304
v 0.011552977375686169 -0.008795623667538166 0.1104930192232132
v 0.011571572162210941 -0.011025465093553066 0.11087381094694138
v 0.008592261001467705 -0.009723778814077377 0.11297839879989624
v 0.008554329164326191 -0.011501990258693695 0.11278935521841049
v 0.005393860395997763 -0.011758108623325825 0.11404059827327728
v 0.005641224328428507 -0.009960387833416462 0.11473242938518524
v 0.0031933030113577843 -0.012314856052398682 0.11438222229480743
v 0.0032292574178427458 -0.011051546782255173 0.11542367190122604
v 0.0031544894445687532 -0.010742000304162502 0.11770022660493851
v 0.002869324292987585 -0.01053721271455288 0.12030483037233353
v 0.004553941078484058 -0.008693579584360123 0.11948341131210327
v 0.004725688137114048 -0.009219629690051079 0.11724759638309479
v 0.008575468324124813 -0.008316860534250736 0.11290732026100159
v 0.006356174126267433 -0.008328578434884548 0.11487547308206558
v 0.005470789037644863 -0.007989438250660896 0.11675499379634857
v 0.0045552984811365604 -0.007551554124802351 0.11895941197872162
v 0.004788984078913927 -0.0076666646637022495 0.12169808149337769
v 0.004768786020576954 -0.006594860926270485 0.12113002687692642
v 0.006224504671990871 -0.005985818337649107 0.12347127497196198
v 0.006357195321470499 -0.005217055790126324 0.12244735658168793
v 0.009104735217988491 -0.004090033937245607 0.12212825566530228
v 0.009000741876661777 -0.003947847057133913 0.12153574079275131
v 0.01142488420009613 -0.0035253071691840887 0.12026378512382507
v 0.011008167639374733 -0.0036690270062536 0.11977394670248032
v 0.013173083774745464 -0.003524569096043706 0.1181369349360466
v 0.01262812688946724 -0.0036763744428753853 0.11773224174976349
v 0.01436126884073019 -0.004147836938500404 0.11587341874837875
v 0.013652872294187546 -0.004266055300831795 0.1156296357512474
v 0.014888075180351734 -0.0052144480869174 0.11367204785346985
v 0.014057084918022156 -0.005149323958903551 0.11353804916143417
v 0.014500129967927933 -0.006220034323632717 0.11171351373195648
v 0.01379017811268568 -0.006010258570313454 0.11179694533348083
v 0.013506636023521423 -0.007118225563317537 0.11016421765089035
v 0.012570502236485481 -0.006775970570743084 0.11022914201021194
v 0.010775573551654816 -0.007885592058300972 0.1109856590628624
v 0.015214907005429268 -0.006902811583131552 0.10948691517114639
v 0.01700167916715145 -0.005879277363419533 0.10819944739341736
v 0.016183361411094666 -0.005946509540081024 0.11121200770139694
v 0.01640343852341175 -0.0046295784413814545 0.1134958490729332
v 0.01564839482307434 -0.0032324641942977905 0.1159391701221466
v 0.01753774657845497 -0.004524880554527044 0.1101221963763237
v 0.017469512298703194 -0.002832732629030943 0.11257655173540115
v 0.01653224788606167 -0.0012496748240664601 0.11521793156862259
v 0.01408383809030056 -0.0023566349409520626 0.11856987327337265
v 0.01204998604953289 -0.002310415729880333 0.12107671052217484
v 0.010006116703152657 -0.003108092350885272 0.12320919334888458
v 0.007212143391370773 -0.0045731691643595695 0.12586049735546112
v 0.0035585202276706696 -0.008251754567027092 0.12533171474933624
v 0.0031643856782466173 -0.009643865749239922 0.12281077355146408
v 0.003989985212683678 -0.00622538523748517 0.12813882529735565
v 0.008016758598387241 -0.0017064594430848956 0.12723173201084137
v 0.00445429515093565 -0.0027564219199121 0.1298719197511673
v 0.010587646625936031 -0.0006702438113279641 0.12390817701816559
v 0.012143869884312153 0.00013977348862681538 0.12120845913887024
v 0.011816803365945816 0.0026759100146591663 0.12049734592437744
v 0.01047308836132288 0.002609065966680646 0.12317033857107162
v 0.011572262272238731 0.004793633706867695 0.11851608753204346
v 0.010195894166827202 0.005437871441245079 0.1208919882774353
v 0.010478029027581215 0.0075257266871631145 0.11734935641288757
v 0.011563305743038654 0.006278808228671551 0.11657655984163284
v 0.013170729391276836 0.005959904752671719 0.11400987952947617
v 0.012060453183948994 0.007911963388323784 0.11353856325149536
v 0.013751992955803871 0.004176977556198835 0.11543060839176178
v 0.014120711013674736 0.002071379218250513 0.11703844368457794
v 0.014285978861153126 -0.00015405959857162088 0.11819934099912643
v 0.016483448445796967 0.0009821124840527773 0.11396723240613937
v 0.017697492614388466 -0.000649050110951066 0.11134090274572372
v 0.018090104684233665 -0.002467373153194785 0.10887757688760757
v 0.01597936451435089 0.0029793591238558292 0.11263249814510345
v 0.018190693110227585 -0.0004847042728215456 0.10796113312244415
v 0.01734011061489582 0.0013609202578663826 0.11011618375778198
v 0.01801726222038269 0.0011932385386899114 0.10718126595020294
v 0.018599078059196472 -0.0003299795789644122 0.10607988387346268
v 0.018235184252262115 0.002481869189068675 0.1060311421751976
v 0.016943158581852913 0.0031099829357117414 0.10900387912988663
v 0.015269799157977104 0.004843206610530615 0.11134384572505951
v 0.014631289057433605 0.006824114825576544 0.11020315438508987
v 0.016705742105841637 0.004871307406574488 0.10773716121912003
v 0.018900448456406593 0.004310098942369223 0.10440881550312042
v 0.016722626984119415 0.00727540347725153 0.10630892217159271
v 0.014158837497234344 0.009332146495580673 0.10894888639450073
v 0.011270221322774887 0.010582244023680687 0.1129414290189743
v 0.008699455298483372 0.010316122323274612 0.11881702393293381
v 0.008313346654176712 0.006565172225236893 0.12354633212089539
v 0.00839711632579565 0.002373993396759033 0.12655533850193024
v 0.004677710123360157 0.00227930280379951 0.1297113001346588
v 0.004614090546965599 0.007499059196561575 0.12677247822284698
v 0.010754608549177647 0.014265305362641811 0.11078187078237534
v 0.008019180968403816 0.01528850570321083 0.11548111587762833
v 0.010405495762825012 0.01765967719256878 0.10803056508302689
v 0.007502926047891378 0.019452042877674103 0.1122254878282547
v 0.010125177912414074 0.02156178280711174 0.10495998710393906
v 0.007148729637265205 0.02351698838174343 0.10911452025175095
v 0.009434734471142292 0.02581096813082695 0.10125099122524261
v 0.006501276511698961 0.02755383402109146 0.106082484126091
v 0.013711420819163322 0.0253383070230484 0.09734026342630386
v 0.01632061041891575 0.023718809708952904 0.09679010510444641
v 0.019230641424655914 0.0224252138286829 0.09601947665214539
v 0.022558176890015602 0.023885687813162804 0.09454743564128876
v 0.022508632391691208 0.02120118774473667 0.09529542177915573
v 0.02630138210952282 0.02005983516573906 0.09466630965471268
v 0.030641691759228706 0.01878376491367817 0.09385321289300919
v 0.03534021973609924 0.017823167145252228 0.09254582971334457
v 0.04085371643304825 0.017354918643832207 0.0903584361076355
v 0.0453677698969841 0.018778160214424133 0.0869838297367096
v 0.048699453473091125 0.012501555494964123 0.0858117938041687
v 0.052031856030225754 0.017132962122559547 0.08148868381977081
v 0.053834397345781326 0.022356344386935234 0.07767131924629211
v 0.03130865842103958 0.014255862683057785 0.09486576169729233
v 0.03690895438194275 0.011623040772974491 0.09345485270023346
v 0.04380093514919281 0.008516055531799793 0.0902353823184967
v 0.03175858408212662 0.008554518222808838 0.09658162295818329
v 0.02673192322254181 0.016173413023352623 0.09588623046875
v 0.022633198648691177 0.01801961287856102 0.09673324972391129
v 0.019099123775959015 0.01951940730214119 0.09753844887018204
v 0.01604406163096428 0.021098272874951363 0.09841994196176529
v 0.0130387544631958 0.023027919232845306 0.09964411705732346
v 0.013305718079209328 0.019669730216264725 0.10221347957849503
v 0.013444528914988041 0.015855634585022926 0.10469429194927216
v 0.013773959130048752 0.012454302050173283 0.10706128925085068
v 0.015951085835695267 0.017807085067033768 0.10038688778877258
v 0.01614759862422943 0.014108831994235516 0.10237979888916016
v 0.01647973619401455 0.010452118702232838 0.10450434684753418
v 0.019129116088151932 0.015774181112647057 0.09898006916046143
v 0.019173085689544678 0.011887159198522568 0.10077645629644394
v 0.01915929652750492 0.007852690294384956 0.10260051488876343
v 0.022501837462186813 0.004536108113825321 0.10129490494728088
v 0.022909726947546005 0.013601475395262241 0.098088838160038
v 0.02289610356092453 0.009144891984760761 0.09967595338821411
v 0.027129070833325386 0.011375064961612225 0.09733409434556961
v 0.02717551402747631 0.006202559918165207 0.09900566935539246
v 0.031490765511989594 0.002907069632783532 0.09833613783121109
v 0.03675956279039383 0.004918424412608147 0.09537787735462189
v 0.0358365960419178 -0.0010410631075501442 0.09699411690235138
v 0.04165053740143776 0.0002514042134862393 0.0931217297911644
v 0.039640527218580246 -0.005737181752920151 0.09492547810077667
v 0.045320551842451096 -0.006376662291586399 0.09017079323530197
v 0.04840157553553581 -0.0003643796662800014 0.08686279505491257
v 0.05226968228816986 0.0048980144783854485 0.08218922466039658
v 0.042261894792318344 -0.011562843807041645 0.09215054661035538
v 0.05599960684776306 0.010629980824887753 0.07726937532424927
v 0.05854213237762451 0.017869671806693077 0.07267889380455017
v 0.05844924971461296 0.026880228891968727 0.07067103683948517
v 0.04717351496219635 -0.013816152699291706 0.08650036156177521
v 0.05053803324699402 -0.008741878904402256 0.08254402875900269
v 0.05164523795247078 -0.017488867044448853 0.07891761511564255
v 0.055462636053562164 -0.012563426047563553 0.07313782721757889
v 0.05425061285495758 -0.003312170272693038 0.07722647488117218
v 0.05651497095823288 -0.022183045744895935 0.07019484043121338
v 0.05862906575202942 0.002844749018549919 0.07119666039943695
v 0.05950004607439041 -0.007333554793149233 0.06633283942937851
v 0.06041372939944267 -0.01781713217496872 0.06314351409673691
v 0.06301438063383102 0.01131481397897005 0.06307561695575714
v 0.06355049461126328 0.02545897848904133 0.06231774017214775
v 0.06175108999013901 0.03743850812315941 0.06477377563714981
v 0.057843804359436035 0.0360155887901783 0.07164047658443451
v 0.06287296116352081 -0.0021053513046354055 0.057891596108675
v 0.06341758370399475 -0.0136531051248312 0.05500369891524315
v 0.06365275382995605 -0.023872418329119682 0.052916254848241806
v 0.06299378722906113 -0.032419852912425995 0.050840701907873154
v 0.06148562207818031 -0.03981047868728638 0.0465809591114521
v 0.06543679535388947 0.03939441964030266 0.056001607328653336
v 0.0674489289522171 0.02640523388981819 0.051657333970069885
v 0.06873022764921188 0.04164912924170494 0.046313218772411346
v 0.07020346075296402 0.027924446389079094 0.040355827659368515
v 0.06554412096738815 -0.011028727516531944 0.045702651143074036
v 0.06546518951654434 0.0006390479975380003 0.04737834632396698
v 0.06533494591712952 -0.02141582779586315 0.04492262750864029
v 0.06463747471570969 -0.028796548023819923 0.04497119039297104
v 0.06446731835603714 -0.032345063984394073 0.03922020643949509
v 0.06600596010684967 -0.021916482597589493 0.036328382790088654
v 0.06663702428340912 -0.01015315018594265 0.03574179857969284
v 0.05180099606513977 -0.05280742421746254 0.05050854757428169
v 0.047338128089904785 -0.056317444890737534 0.057963453233242035
v 0.04359571263194084 -0.059127140790224075 0.06446941941976547
v 0.040044963359832764 -0.06151607632637024 0.0701257586479187
v 0.03634971007704735 -0.06391169875860214 0.07497963309288025
v 0.0325632207095623 -0.06646571308374405 0.07929679751396179
v 0.028976259753108025 -0.06891781091690063 0.08308533579111099
v 0.029966186732053757 -0.06606942415237427 0.08765896409749985
v 0.025105878710746765 -0.07196037471294403 0.08581046015024185
v 0.020278390496969223 -0.07523620873689651 0.08811059594154358
v 0.01431749202311039 -0.07803439348936081 0.08995487540960312
v 0.007474817801266909 -0.07951632142066956 0.09108448773622513
v 0.027851220220327377 -0.0706392377614975 0.07989346981048584
v 0.019829340279102325 -0.07620450109243393 0.08147625625133514
v 0.024709824472665787 -0.07305540889501572 0.0806279331445694
v 0.013870707713067532 -0.07907287031412125 0.08245693892240524
v 0.007128752302378416 -0.0806252658367157 0.08300475776195526
v 0.029592735692858696 -0.06963669508695602 0.076668381690979
v 0.032019831240177155 -0.06818892061710358 0.07215698063373566
v 0.03474884852766991 -0.06661754101514816 0.06690474599599838
v 0.037348225712776184 -0.0648755207657814 0.06103784963488579
v 0.0403021015226841 -0.06282766908407211 0.05428658425807953
v 0.04408277943730354 -0.06027127802371979 0.04635898023843765
v 0.05728059634566307 -0.047626789659261703 0.04090764746069908
v 0.06243251636624336 -0.03769681602716446 0.029417378827929497
v 0.06592179834842682 -0.023939309641718864 0.026736296713352203
v 0.06783918291330338 -0.010548730380833149 0.024515245109796524
v 0.06901658326387405 0.0029182282742112875 0.027119113132357597
v 0.06726668775081635 0.0020649945363402367 0.03687966242432594
v 0.06676347553730011 -0.016861161217093468 0.01853611320257187
v 0.06485485285520554 -0.025392580777406693 0.018882419914007187
v 0.06294968724250793 -0.025069214403629303 0.010375108569860458
v 0.06497466564178467 -0.017641639336943626 0.013140245340764523
v 0.06398440897464752 -0.013538086786866188 0.0064987000077962875
v 0.06211274489760399 -0.019282257184386253 -0.0017113457433879375
v 0.0628732442855835 -0.007317970972508192 -0.011069980449974537
v 0.06513190269470215 -0.005976149812340736 -0.0008986901375465095
v 0.06658435612916946 -0.011442068964242935 0.008145011961460114
v 0.06811162084341049 -0.006315876264125109 -7.786750938976184e-05
v 0.07118375599384308 0.0005874339258298278 -0.010065761394798756
v 0.06789620965719223 0.0024082872550934553 -0.009703013114631176
v 0.07474862784147263 0.012653615325689316 -0.012115604244172573
v 0.07080475240945816 0.014139251783490181 -0.012690616771578789
v 0.07602106034755707 0.024691428989171982 -0.00884491577744484
v 0.07213921844959259 0.025333475321531296 -0.009661179035902023
v 0.07764507830142975 0.033325135707855225 -0.00645815022289753
v 0.07479514926671982 0.03451190143823624 -0.0069826869294047356
v 0.07786685228347778 0.03722755238413811 -0.0015736246714368463
v 0.0764368325471878 0.039293114095926285 -0.0014409511350095272
v 0.07690558582544327 0.03669867292046547 0.0030368464067578316
v 0.07648598402738571 0.038941625505685806 0.0041794744320213795
v 0.07526957243680954 0.03523271903395653 0.008621005341410637
v 0.07540854066610336 0.0377977192401886 0.010247576050460339
v 0.073465496301651 0.032058581709861755 0.014203283935785294
v 0.07391094416379929 0.03611056134104729 0.017046364024281502
v 0.06426700204610825 0.00402136379852891 -0.01745990850031376
v 0.0665181502699852 0.016656553372740746 -0.020850952714681625
v 0.07046429812908173 0.029569340869784355 -0.020950673148036003
v 0.07465789467096329 0.04251954331994057 -0.017946239560842514
v 0.07765171676874161 0.056894320994615555 -0.010907984338700771
v 0.0777638852596283 0.05644330754876137 0.002274072729051113
v 0.07693064212799072 0.053526461124420166 0.010228601284325123
v 0.07435423135757446 0.027529438957571983 0.011823892593383789
v 0.07664553076028824 0.03192474693059921 0.007720719091594219
v 0.07544396072626114 0.024600502103567123 0.010085596702992916
v 0.07860197871923447 0.02895320951938629 0.007403921335935593
v 0.07938777655363083 0.02624986693263054 0.00550581282004714
v 0.08033598959445953 0.032668352127075195 0.004906621295958757
v 0.0814354419708252 0.029984891414642334 0.004166820552200079
v 0.07695012539625168 0.027257364243268967 0.004936340264976025
v 0.08007204532623291 0.029411427676677704 0.0031905206851661205
v 0.08229252696037292 0.032211288809776306 0.0005650109960697591
v 0.08354450017213821 0.03349711745977402 0.0013394288253039122
v 0.08215778321027756 0.03623215854167938 0.001552336267195642
v 0.07621307671070099 0.02175152860581875 0.007556343916803598
v 0.07370579242706299 0.023583753034472466 0.006191149819642305
v 0.07387954741716385 0.028302671387791634 0.0029506210703402758
v 0.07865755259990692 0.0322754941880703 -0.0005895855720154941
v 0.0786302387714386 0.035608842968940735 0.0031530887354165316
v 0.084297776222229 0.03442934527993202 -0.0030373316258192062
v 0.08014020323753357 0.03810466453433037 -0.0019880100153386593
v 0.08599774539470673 0.03495994582772255 -0.006304339971393347
v 0.08572041243314743 0.03567502275109291 -0.0024629768449813128
v 0.08757307380437851 0.036090459674596786 -0.005741865839809179
v 0.08401186764240265 0.03880593180656433 -0.0026243377942591906
v 0.08548346906900406 0.038777925074100494 -0.006260039284825325
v 0.08712702989578247 0.03405747562646866 -0.009324077516794205
v 0.08901569992303848 0.03528686985373497 -0.00896785594522953
v 0.08663786202669144 0.03752342239022255 -0.009718173183500767
v 0.08284581452608109 0.03089643083512783 -0.008639668114483356
v 0.08173360675573349 0.0359649695456028 -0.0091315358877182
v 0.08777740597724915 0.03174231946468353 -0.01235287170857191
v 0.08716883510351181 0.02370627410709858 -0.014235144481062889
v 0.09053812175989151 0.029348576441407204 -0.014640259556472301
v 0.09028833359479904 0.02236035279929638 -0.015367638319730759
v 0.08769095689058304 0.031187960878014565 -0.015675874426960945
v 0.08749748766422272 0.03497911989688873 -0.013086250983178616
v 0.09009547531604767 0.03290465101599693 -0.012184228748083115
v 0.0866197943687439 0.024098828434944153 -0.016714198514819145
v 0.08778096735477448 0.012851335108280182 -0.011362581513822079
v 0.09001520276069641 0.015469957143068314 -0.014578702859580517
v 0.08550506830215454 0.01693674921989441 -0.016374774277210236
v 0.08981606364250183 0.011040078476071358 -0.013753881677985191
v 0.08460932970046997 0.01226708572357893 -0.015402697026729584
v 0.08488146960735321 0.022027520462870598 -0.010763730853796005
v 0.08124736696481705 0.02607053518295288 -0.012577465735375881
v 0.08542297780513763 0.013792858459055424 -0.007281769998371601
v 0.07943203300237656 0.013853754848241806 -0.01298561692237854
v 0.08298730105161667 0.019638262689113617 -0.0055500357411801815
v 0.08115959912538528 0.025847066193819046 -0.0054395063780248165
v 0.07692066580057144 0.027717793360352516 -0.0021001279819756746
v 0.07820621877908707 0.021657956764101982 -0.0027487429324537516
v 0.07590315490961075 0.023912064731121063 -0.001513215946033597
v 0.0787721648812294 0.01792185939848423 -0.004252901766449213
v 0.07715059071779251 0.013137701898813248 -0.0068592168390750885
v 0.08059529960155487 0.013594692572951317 -0.006013178266584873
v 0.07444688677787781 0.025759976357221603 0.0005899902898818254
v 0.07455176115036011 0.024097736924886703 8.132825314532965e-05
v 0.07270346581935883 0.02362123876810074 0.003831451525911689
v 0.07333200424909592 0.01878579519689083 0.006350492127239704
v 0.07312753796577454 0.017842290922999382 0.009377921931445599
v 0.07072769850492477 0.020283756777644157 0.0042292168363928795
v 0.0734923854470253 0.022763237357139587 0.0023489093873649836
v 0.0741095319390297 0.0220783781260252 0.0009940627496689558
v 0.0731542706489563 0.01973631978034973 0.0011805887334048748
v 0.07217884808778763 0.020038975402712822 0.0022575499024242163
v 0.07197627425193787 0.018275927752256393 -0.0004935150500386953
v 0.06969509273767471 0.017956765368580818 0.0007990218582563102
v 0.06949280202388763 0.015787426382303238 0.0040265764109790325
v 0.06854654103517532 0.014724711887538433 -0.0014991381904110312
v 0.06910258531570435 0.01189726497977972 0.0017646716441959143
v 0.06642013788223267 0.011526498943567276 0.0073743960820138454
v 0.07136033475399017 0.014049628749489784 0.00680857477709651
v 0.07509040832519531 0.02134288288652897 -0.00014464317064266652
v 0.07598632574081421 0.019500743597745895 -0.001551798195578158
v 0.0759197399020195 0.017272183671593666 -0.003567349398508668
v 0.07431111484766006 0.013662745244801044 -0.006964127998799086
v 0.07411602139472961 0.01974124275147915 0.00014469875895883888
v 0.07385072857141495 0.01850104331970215 -0.0010647245217114687
v 0.07351759821176529 0.017047984525561333 -0.0035088802687823772
v 0.07204803824424744 0.01506879087537527 -0.005591493099927902
v 0.07113902270793915 0.01686388999223709 -0.003333114320412278
v 0.06898251175880432 0.011448347941040993 -0.005006805993616581
v 0.06768545508384705 0.008223249576985836 -0.0006239211070351303
v 0.07132262736558914 0.00867205485701561 -0.008102587424218655
v 0.068699412047863 0.004100743681192398 -0.0036943452432751656
v 0.0646410882472992 0.005958284717053175 0.0048498064279556274
v 0.06706273555755615 0.0006267671124078333 0.0024540044832974672
v 0.0710136666893959 -0.0008906184229999781 0.002578357234597206
v 0.0730385109782219 0.0013635512441396713 -0.003967784810811281
v 0.07604918628931046 0.0011253609554842114 -0.002988060237839818
v 0.07421915233135223 -0.0007194682257249951 0.003347477177157998
v 0.0762663260102272 -0.0034724019933491945 0.002492644591256976
v 0.0787503719329834 0.0008822742966003716 -0.0028536475729197264
v 0.0805777758359909 -0.007600382436066866 0.0020754532888531685
v 0.08289538323879242 -0.0013642478734254837 -0.004962089471518993
v 0.08581431955099106 -0.003356490284204483 -0.007937142625451088
v 0.08194858580827713 -0.011146223172545433 -5.050710024079308e-05
v 0.08060494810342789 -0.001824632054194808 -0.009828171692788601
v 0.07662725448608398 -0.010090401396155357 -0.0012500035809352994
v 0.07977872341871262 -0.01082792691886425 0.009165041148662567
v 0.0790119394659996 -0.015260769985616207 0.006110783666372299
v 0.0739598423242569 -0.01358278188854456 0.005199954845011234
v 0.0722852572798729 -0.008416838943958282 -0.0008793086744844913
v 0.07498109340667725 -0.0003930475504603237 -0.010086721740663052
v 0.07558128982782364 -0.006318958941847086 0.008643385954201221
v 0.07018838822841644 -0.011591842398047447 0.005358427297323942
v 0.07283767312765121 -0.0035296876449137926 0.00915156863629818
v 0.06911319494247437 -0.002670367481186986 0.009464354254305363
v 0.06616728752851486 -0.001039961352944374 0.009719747118651867
v 0.06913720816373825 0.001499486737884581 0.01335674338042736
v 0.06937452405691147 -0.0001914781314553693 0.013702684082090855
v 0.0635625571012497 0.0037431770469993353 0.011696437373757362
v 0.06894220411777496 0.004585807211697102 0.012449665926396847
v 0.0666675940155983 0.009353093802928925 0.01244391594082117
v 0.0696803480386734 0.011049780063331127 0.010553288273513317
v 0.07190611958503723 0.012564381584525108 0.00953635387122631
v 0.07224518060684204 0.015295336954295635 0.008588854223489761
v 0.07258305698633194 0.013487772084772587 0.010745224542915821
v 0.071872778236866 0.013747108168900013 0.014014816842973232
v 0.07290302962064743 0.01992526836693287 0.012545593082904816
v 0.0714903473854065 0.014006281271576881 0.017183974385261536
v 0.07268089056015015 0.02243284322321415 0.0152005385607481
v 0.07201409339904785 0.008646626025438309 0.010286659002304077
v 0.07004327327013016 0.00806571077555418 0.011216540820896626
v 0.07265147566795349 0.008561115711927414 0.01162867434322834
v 0.07124019414186478 0.006464890204370022 0.01101655699312687
v 0.07016801834106445 0.006152480375021696 0.011490990407764912
v 0.07144522666931152 0.0051149893552064896 0.011271405965089798
v 0.07225168496370316 0.0254865400493145 0.019164197146892548
v 0.07127534598112106 0.01450037769973278 0.021235132589936256
v 0.07215625047683716 0.006396712735295296 0.013670142740011215
v 0.07162593305110931 0.004003085661679506 0.016414040699601173
v 0.07117539644241333 0.00316333444789052 0.012544816359877586
v 0.07141038775444031 -0.005013780668377876 0.012386353686451912
v 0.07129941135644913 -0.004897548817098141 0.015642009675502777
v 0.07055503875017166 0.003581578843295574 0.021082453429698944
v 0.06979978084564209 -0.0064211273565888405 0.01952386274933815
v 0.07510685920715332 -0.012785715982317924 0.014610226266086102
v 0.07054794579744339 -0.013328180648386478 0.016920780763030052
v 0.0713244378566742 -0.015774203464388847 0.011332591064274311
v 0.06773262470960617 -0.014920028857886791 0.012899324297904968
v 0.07413024455308914 -0.007661368232220411 0.012257169932126999
v 0.08352121710777283 0.007605433464050293 -0.014286048710346222
v 0.08901535719633102 0.005017878022044897 -0.012172183953225613
v 0.086434006690979 0.006066357716917992 -0.008800412528216839
v 0.08172784745693207 0.006746299564838409 -0.0059781973250210285
v 0.07831963896751404 0.00684121111407876 -0.006978608667850494
v 0.07516995817422867 0.00701093440875411 -0.008165066130459309
v -0.04678481072187424 -0.013369736261665821 0.08658463507890701
v -0.047451201826334 -0.021409036591649055 0.08357931673526764
v -0.04760001599788666 -0.029709257185459137 0.08135753124952316
v -0.05037178844213486 -0.008044145070016384 0.08253131061792374
v -0.05145890265703201 -0.016751643270254135 0.07904702425003052
v -0.05216092988848686 -0.025733619928359985 0.07647055387496948
v -0.055587198585271835 -0.011612651869654655 0.0733201652765274
v -0.056615687906742096 -0.02129303105175495 0.07047013938426971
v -0.05970102176070213 -0.006204984150826931 0.06642118841409683
v -0.06077290326356888 -0.016797592863440514 0.06343124061822891
v -0.06336695700883865 -0.0008841310045681894 0.057962220162153244
v -0.06300720572471619 0.012387121096253395 0.06274710595607758
v -0.06367804855108261 0.026304330676794052 0.062017474323511124
v -0.06231386959552765 0.038029663264751434 0.06444042921066284
v -0.05824430286884308 0.036288972944021225 0.07124733924865723
v -0.06397735327482224 -0.012680868618190289 0.055305544286966324
v -0.06437359750270844 -0.023005034774541855 0.0534234456717968
v -0.06616044789552689 0.04031146690249443 0.05573033168911934
v -0.0679137334227562 0.027438323944807053 0.05148335173726082
v -0.06942947208881378 0.042636118829250336 0.04613055661320686
v -0.0708215981721878 0.028943870216608047 0.04026954248547554
v -0.06621508300304413 -0.010186109691858292 0.04610584303736687
v -0.06624674797058105 0.0018237403128296137 0.0475577674806118
v -0.06621607393026352 -0.020680412650108337 0.04551986977458
v -0.06579405814409256 -0.027968011796474457 0.045661356300115585
v -0.06772192567586899 -0.009648943319916725 0.036277949810028076
v -0.07042723149061203 0.003442493500187993 0.027521463111042976
v -0.06832589954137802 0.002977160969749093 0.037162117660045624
v -0.07270301133394241 0.0310603529214859 0.027135666459798813
v -0.07214976847171783 0.045581791549921036 0.03568364307284355
v -0.07416560500860214 0.04868330433964729 0.0254190806299448
v -0.07325872778892517 0.02601086162030697 0.01859554648399353
v -0.07232027500867844 0.015331755392253399 0.021175619214773178
v -0.07149333506822586 0.01610063575208187 0.027926070615649223
v -0.0758453831076622 0.05130694806575775 0.017362019047141075
v -0.0723966732621193 0.0616178885102272 0.03374757617712021
v -0.07441893965005875 0.06623205542564392 0.0249737910926342
v -0.07748040556907654 0.05396727845072746 0.009800483472645283
v -0.07839678972959518 0.057037584483623505 0.001776816206984222
v -0.06972816586494446 0.057070933282375336 0.04282478615641594
v -0.06703214347362518 0.05294860526919365 0.05191284418106079
v -0.06392662227153778 0.04937819391489029 0.06044909358024597
v -0.06052348017692566 0.04610094055533409 0.0682397186756134
v -0.057094182819128036 0.04336508363485336 0.07477521151304245
v -0.06413666158914566 0.06142294406890869 0.05752918869256973
v -0.07038842886686325 0.006110765039920807 0.011747297830879688
v -0.07695259898900986 0.0847986489534378 -0.004919727332890034
v -0.07471872121095657 0.09119460731744766 -0.020971771329641342
v -0.07613897323608398 0.07930304110050201 0.009317610412836075
v -0.005493578966706991 -0.007063409313559532 0.11409204453229904
v -0.007222111336886883 -0.006948713678866625 0.11184241622686386
v -0.004714737646281719 -0.006629571318626404 0.11596497148275375
v -0.009203935042023659 -0.006500808522105217 0.11006772518157959
v -0.004029861651360989 -0.006177262403070927 0.1182553619146347
v -0.011169790290296078 -0.0054053193889558315 0.10918615013360977
v -0.004703756421804428 -0.005313562694936991 0.12020285427570343
v -0.006380172446370125 -0.004480705130845308 0.12118805944919586
v -0.008567563258111477 -0.0035237998235970736 0.12034085392951965
v -0.01021270640194416 -0.00351137132383883 0.11848134547472
v -0.011539969593286514 -0.0034841159358620644 0.11650629341602325
v -0.012385956011712551 -0.0035700835287570953 0.11404188722372055
v -0.012759894132614136 -0.004021229688078165 0.11213904619216919
v -0.012652639299631119 -0.004742815159261227 0.11083574593067169
v -0.012931308709084988 0.00017390459834132344 0.11059445887804031
v -0.011176710948348045 -0.0027495946269482374 0.10583275556564331
v -0.00633795652538538 -0.005069401115179062 0.10656820982694626
v -0.0029874348547309637 -0.0041289906948804855 0.111846923828125
v -0.0035416570026427507 -0.003480992978438735 0.11738687753677368
v -0.006613426376134157 -0.0013879481703042984 0.11844342947006226
v -0.009653057903051376 0.0003160840424243361 0.11553970724344254
v -0.036460816860198975 0.030588403344154358 0.09132877737283707
v -0.0029871745500713587 -0.004128649830818176 0.11184633523225784
v -0.0017677093856036663 -0.00029578537214547396 0.11005955934524536
v -0.0035667719785124063 0.00013386239879764616 0.09929792582988739
v -0.006337292492389679 -0.005069397855550051 0.1065688356757164
v -0.0035415482707321644 -0.0034825049806386232 0.11738663166761398
v -0.0027822437696158886 0.0005544330342672765 0.11388836055994034
v -0.009872028604149818 0.0016672324854880571 0.09918713569641113
v -0.011176741681993008 -0.002749565988779068 0.10583276301622391
v -0.006607662886381149 -0.0013913613511249423 0.11844620108604431
v -0.005001078825443983 0.0026320163160562515 0.11514253169298172
v -0.012398636899888515 0.004169066436588764 0.10790160298347473
v -0.012931324541568756 0.00017389732238370925 0.11059444397687912
v -0.009653066284954548 0.0003160834894515574 0.11553970724344254
v -0.008706596679985523 0.004335913807153702 0.11313646286725998
v -0.012931297533214092 0.0001739210420055315 0.1105944812297821
v -0.012404074892401695 0.004165504593402147 0.1078929752111435
v -0.0038646170869469643 0.003462022403255105 0.10178746283054352
v -0.002829449251294136 0.0032070379238575697 0.10812538862228394
v -0.0032322565093636513 0.00395110622048378 0.10978607833385468
v -0.004136117175221443 0.005691703408956528 0.11022159457206726
v -0.009067004546523094 0.00650394381955266 0.10617616772651672
v -0.0063947406597435474 0.005309919826686382 0.10228215157985687
v -0.005962158553302288 0.0069684903137385845 0.10915962606668472
v -0.00906806904822588 0.006503356620669365 0.10617514699697495
v -0.004081544931977987 0.005428082775324583 0.10731019079685211
v -0.006413579452782869 0.005303708836436272 0.10226074606180191
v -0.0028294092044234276 0.0032069734297692776 0.10812541842460632
v -0.003849787637591362 0.0034428024664521217 0.10177667438983917
v -0.0032322388142347336 0.00395107502117753 0.10978610813617706
v -0.03706342354416847 -0.07894012331962585 0.03241394832730293
v -0.04703877493739128 -0.07806538045406342 0.025082658976316452
v -0.044214412569999695 -0.09363530576229095 0.02467598393559456
v -0.04177870973944664 -0.11076944321393967 0.02358003705739975
v -0.03817758336663246 -0.12883566319942474 0.022098977118730545
v -0.033345092087984085 -0.1477569192647934 0.028043683618307114
v -0.03237614035606384 -0.0949130430817604 0.03167330473661423
v -0.030236180871725082 -0.11294178664684296 0.028776826336979866
v -0.029282812029123306 -0.13066935539245605 0.026156799867749214
v -0.017011744901537895 -0.15189802646636963 0.03058668226003647
v -0.002752132946625352 -0.15408781170845032 0.030878577381372452
v 0.010585889220237732 -0.13197438418865204 0.02635490894317627
v 0.011915752664208412 -0.11440492421388626 0.031850676983594894
v 0.015358042903244495 -0.09552879631519318 0.04145564138889313
v 0.007636146154254675 -0.0926693007349968 0.0483415350317955
v 0.015122957527637482 -0.08476593345403671 0.049286358058452606
v 0.023201340809464455 -0.076629638671875 0.048813220113515854
v 0.02582128718495369 -0.07933023571968079 0.0401604026556015
v 0.03514823690056801 -0.0683826133608818 0.04286094009876251
v 0.03203515708446503 -0.06934413313865662 0.05116606876254082
v 0.007679522503167391 -0.08702613413333893 0.05218828469514847
v 0.040124714374542236 -0.06680888682603836 0.03356434032320976
v 0.04849334806203842 -0.05655933916568756 0.037059515714645386
v 0.05277702957391739 -0.05218445882201195 0.026702512055635452
v 0.045911598950624466 -0.06504019349813461 0.02424822933971882
v 0.05174793303012848 -0.06363416463136673 0.014931347221136093
v 0.055032260715961456 -0.050041042268276215 0.01646556705236435
v 0.05732030048966408 -0.04863826185464859 0.006036271806806326
v 0.0555565319955349 -0.061963122338056564 0.0044600218534469604
v 0.057559315115213394 -0.04682129621505737 -0.0061951628886163235
v 0.05610636994242668 -0.060068607330322266 -0.00742758996784687
v 0.04940668120980263 -0.07775647938251495 0.014041300863027573
v 0.0543116070330143 -0.07571518421173096 0.0037439214065670967
v 0.055315110832452774 -0.07320145517587662 -0.007789717987179756
v 0.047355230897665024 -0.09294282644987106 0.013608739711344242
v 0.052753277122974396 -0.08987060189247131 0.0034233813639730215
v 0.055113933980464935 -0.08656090497970581 -0.007773404475301504
v 0.044936180114746094 -0.10935893654823303 0.013143140822649002
v 0.052136026322841644 -0.10518867522478104 0.0034151531290262938
v 0.042584776878356934 -0.12619750201702118 0.013404708355665207
v 0.052332744002342224 -0.12105407565832138 0.004634812008589506
v 0.05614784359931946 -0.10079877078533173 -0.007761642802506685
v 0.05888904258608818 -0.11523333191871643 -0.006839728448539972
v 0.04181111976504326 -0.14299386739730835 0.018807632848620415
v 0.054176513105630875 -0.1367121934890747 0.008282102644443512
v 0.06523447483778 -0.12831199169158936 -0.003536882810294628
v 0.05166391655802727 -0.05807948485016823 -0.01891934871673584
v 0.052699048072099686 -0.045184072107076645 -0.01836373656988144
v 0.04534109681844711 -0.044240206480026245 -0.030079735442996025
v 0.04590858891606331 -0.032061465084552765 -0.030383698642253876
v 0.03554048016667366 -0.03183969855308533 -0.04153721034526825
v 0.03636972978711128 -0.019462458789348602 -0.043720219284296036
v 0.04722428321838379 -0.01957908272743225 -0.032227084040641785
v 0.038099098950624466 -0.006657678168267012 -0.047644004225730896
v 0.049120355397462845 -0.007153019309043884 -0.036645639687776566
v 0.04114348068833351 0.006572525016963482 -0.05340161547064781
v 0.052009135484695435 0.005580229219049215 -0.04213305190205574
v 0.045876890420913696 0.021770955994725227 -0.059383902698755264
v 0.05608702450990677 0.0198939498513937 -0.04684090614318848
v 0.051025453954935074 0.040544308722019196 -0.06228518858551979
v 0.060863856226205826 0.037574976682662964 -0.048811305314302444
v 0.06553752720355988 0.05641595646739006 -0.04720725119113922
v 0.07191344350576401 0.05028516799211502 -0.031920306384563446
v 0.07532545924186707 0.06830091774463654 -0.02719828486442566
v 0.06847063452005386 0.07607186585664749 -0.042754337191581726
v 0.0673355683684349 0.033726971596479416 -0.03428824618458748
v 0.055169008672237396 0.0612914152443409 -0.06155272200703621
v 0.04000387713313103 0.064583919942379 -0.07308325171470642
v 0.05707884579896927 0.08257954567670822 -0.0567309744656086
v 0.041093919426202774 0.08703464269638062 -0.06819027662277222
v 0.03692787513136864 0.04271950572729111 -0.07292323559522629
v 0.02018713392317295 0.06673888117074966 -0.08031074702739716
v 0.021048998460173607 0.0898565798997879 -0.0758284330368042
v -0.001422666828148067 0.06759456545114517 -0.08310429006814957
v -0.0010895570740103722 0.0912025198340416 -0.07895540446043015
v 0.01854381337761879 0.044154707342386246 -0.07957000285387039
v 0.06287475675344467 0.0181744247674942 -0.033328209072351456
v 0.03239269182085991 0.023386619985103607 -0.06850314140319824
v 0.015917502343654633 0.02417421154677868 -0.07421372085809708
v 0.05949075147509575 0.0048841442912817 -0.029438568279147148
v 0.02794632501900196 0.007395387161523104 -0.06153686344623566
v 0.01332898996770382 0.00800173357129097 -0.06622490286827087
v 0.05757482722401619 -0.007633379194885492 -0.024114469066262245
v 0.02508818358182907 -0.006121747195720673 -0.05531295761466026
v 0.011421790346503258 -0.005527930334210396 -0.059502407908439636
v 0.0562884584069252 -0.019872907549142838 -0.019082970917224884
v 0.023722749203443527 -0.019170479848980904 -0.051705364137887955
v 0.010506507940590382 -0.018778767436742783 -0.05585198476910591
v 0.05456403270363808 -0.032720714807510376 -0.018169885501265526
v 0.05935152620077133 -0.03379904478788376 -0.0041520618833601475
v 0.06031666696071625 -0.03541670739650726 0.008196795359253883
v 0.06139504909515381 -0.036837682127952576 0.018409738317131996
v 0.02309340052306652 -0.0316021703183651 -0.04967821016907692
v 0.010092562064528465 -0.03129197657108307 -0.053824592381715775
v 0.023054398596286774 -0.043384384363889694 -0.04876256734132767
v 0.009969315491616726 -0.04322180524468422 -0.05289779230952263
v 0.0353315994143486 -0.04372762516140938 -0.04070131480693817
v 0.045502159744501114 -0.05683732405304909 -0.03052700310945511
v 0.03630039840936661 -0.05584966391324997 -0.041519228368997574
v 0.02396915853023529 -0.05515769124031067 -0.04933874309062958
v 0.010378330945968628 -0.054904546588659286 -0.05326397344470024
v 0.046765804290771484 -0.06956538558006287 -0.03132342919707298
v 0.0382942371070385 -0.06815828382968903 -0.04290085658431053
v 0.026096634566783905 -0.06732410192489624 -0.051400378346443176
v 0.01155413780361414 -0.06684236228466034 -0.055116236209869385
v 0.05221676453948021 -0.07112686336040497 -0.019513294100761414
v 0.05480916053056717 -0.08390218019485474 -0.02003653161227703
v 0.05831967666745186 -0.09635068476200104 -0.020641839131712914
v 0.06466611474752426 -0.10865897685289383 -0.020118333399295807
v 0.07248947769403458 -0.11855071038007736 -0.01876537688076496
v 0.05085194855928421 -0.0814037099480629 -0.033025968819856644
v 0.04256502911448479 -0.0796961635351181 -0.04575146734714508
v 0.029125597327947617 -0.0793454647064209 -0.05409373715519905
v 0.01369334664195776 -0.07905105501413345 -0.058728814125061035
v 0.05681714043021202 -0.09184733778238297 -0.0352632962167263
v 0.048184845596551895 -0.09025728702545166 -0.04938429966568947
v 0.0339912511408329 -0.08978735655546188 -0.059841401875019073
v 0.01646830141544342 -0.09034167975187302 -0.06486561894416809
v 0.06535010039806366 -0.10120944678783417 -0.03734629228711128
v 0.05664997547864914 -0.09811326861381531 -0.05442522093653679
v 0.040531259030103683 -0.09823177009820938 -0.06711401045322418
v 0.02000286616384983 -0.10050369054079056 -0.07279880344867706
v 0.07405190169811249 -0.10848608613014221 -0.03884175419807434
v 0.06471218913793564 -0.104132279753685 -0.05914217606186867
v 0.04570813849568367 -0.10556555539369583 -0.07437922805547714
v 0.02251395210623741 -0.10974924266338348 -0.08159811794757843
v -0.0028800000436604023 -0.09026344865560532 -0.06631363183259964
v -0.002932941308245063 -0.07860362529754639 -0.06049573794007301
v -0.0029870416037738323 -0.06658755987882614 -0.05646540969610214
v -0.0030332182068377733 -0.054671354591846466 -0.05457162857055664
v -0.003014278132468462 -0.043085794895887375 -0.054116733372211456
v -0.0029246502090245485 -0.03111828677356243 -0.055022791028022766
v -0.0027939481660723686 -0.018502304330468178 -0.05715073645114899
v -0.0026370473206043243 -0.0050327046774327755 -0.06093379482626915
v -0.002417076611891389 0.008358038030564785 -0.06780507415533066
v -0.002119812648743391 0.024294709786772728 -0.07684847712516785
v -0.0017671342939138412 0.044757179915905 -0.08215425163507462
v -0.0028975345194339752 -0.10166161507368088 -0.07406122237443924
v -0.002939571626484394 -0.11249615997076035 -0.0824260488152504
v -0.06720336526632309 0.013611434027552605 0.049579206854104996
v -0.06982788443565369 0.014861517585814 0.03835370019078255
v 0.020788656547665596 -0.03103383630514145 0.09828019887208939
v 0.022363610565662384 -0.030891455709934235 0.09636867046356201
v 0.023684758692979813 -0.030483731999993324 0.09546049684286118
v 0.025186320766806602 -0.029776837676763535 0.09262768179178238
v 0.024180712178349495 -0.02993808686733246 0.09511743485927582
v 0.02393767423927784 -0.030114702880382538 0.09659930318593979
v 0.02365041896700859 -0.030268481001257896 0.09664379060268402
v 0.022742846980690956 -0.03047935850918293 0.09737208485603333
v 0.02090025506913662 -0.030716735869646072 0.09913277626037598
v 0.018447475507855415 -0.03100748173892498 0.10133296996355057
v 0.01733134500682354 -0.01706443540751934 0.020953325554728508
v 0.04239446297287941 0.0337386429309845 0.08592492341995239
v 0.04246247187256813 0.033883534371852875 0.08600793778896332
v 0.04240480810403824 0.034341566264629364 0.08700762689113617
v 0.04175792634487152 0.035022906959056854 0.08836245536804199
v 0.04043193161487579 0.03592652082443237 0.09066356718540192
v 0.037964630872011185 0.036943964660167694 0.09270032495260239
v 0.03454094007611275 0.03793250396847725 0.09487885981798172
v 0.030549319460988045 0.03825489431619644 0.09574112296104431
v 0.026970455422997475 0.037966035306453705 0.09564483165740967
v 0.02363266609609127 0.03704023361206055 0.09423133730888367
v 0.020770186558365822 0.03596283122897148 0.09299937635660172
v 0.018206628039479256 0.034600965678691864 0.0922117531299591
v 0.0164721067994833 0.03324737772345543 0.09279658645391464
v 0.015999753028154373 0.03240073099732399 0.09326031804084778
v 0.016214562579989433 0.03204644098877907 0.09358686953783035
v 0.01663697138428688 0.031883616000413895 0.09368433058261871
v 0.01754504069685936 0.03191200643777847 0.09342554956674576
v 0.01977522484958172 0.032445915043354034 0.09263192862272263
v 0.023192232474684715 0.031712401658296585 0.09431154280900955
v 0.026338880881667137 0.030933137983083725 0.09512770175933838
v 0.030067237094044685 0.03031867928802967 0.0952271819114685
v 0.03373800590634346 0.030277127400040627 0.09405656903982162
v 0.03653727471828461 0.030886199325323105 0.09242871403694153
v 0.039082229137420654 0.03179009258747101 0.08994975686073303
v 0.040742211043834686 0.03263712301850319 0.08792845159769058
v 0.04214753210544586 0.03352062404155731 0.08629132807254791
v 0.033551447093486786 0.030601520091295242 0.09369944781064987
v 0.030090704560279846 0.03049173392355442 0.09480592608451843
v 0.02640608511865139 0.031065108254551888 0.09468399733304977
v 0.023839766159653664 0.03180905058979988 0.0936775952577591
v 0.020642707124352455 0.03262815251946449 0.09180783480405807
v 0.04034126177430153 0.032801732420921326 0.08766107261180878
v 0.039120037108659744 0.03200412169098854 0.08985849469900131
v 0.04106898605823517 0.033537257462739944 0.08598914742469788
v 0.04128903150558472 0.03388815373182297 0.08562576025724411
v 0.04130134359002113 0.03412792086601257 0.08566335588693619
v 0.04125867784023285 0.03437364846467972 0.08621101826429367
v 0.04079349339008331 0.034979432821273804 0.08760341256856918
v 0.039522990584373474 0.03563573583960533 0.0895044133067131
v 0.03758110851049423 0.036705780774354935 0.0915943905711174
v 0.034431543201208115 0.0377981923520565 0.09382212907075882
v 0.030609428882598877 0.038273412734270096 0.09489505738019943
v 0.026720933616161346 0.038025300949811935 0.09479701519012451
v 0.02369428053498268 0.03720802068710327 0.09346277266740799
v 0.02097843773663044 0.03613729402422905 0.09186650812625885
v 0.01942308433353901 0.03494096174836159 0.09117966145277023
v 0.019634278491139412 0.03365563973784447 0.09089392423629761
v 0.01893823966383934 0.033334117382764816 0.0918152704834938
v 0.01731983758509159 0.03265614062547684 0.0930219292640686
v 0.007046234328299761 -0.029864270240068436 0.11185044050216675
v 0.010390084236860275 -0.02994091436266899 0.11039315164089203
v 0.007272259332239628 -0.028034649789333344 0.11355901509523392
v 0.00759338540956378 -0.025034224614501 0.11417597532272339
v 0.01096616592258215 -0.028159623965620995 0.11184649169445038
v 0.011335490271449089 -0.025251340121030807 0.1126343235373497
v 0.013721249997615814 -0.030079159885644913 0.10815733671188354
v 0.014494047500193119 -0.02840106561779976 0.1096944808959961
v 0.015299128368496895 -0.025494398549199104 0.11051979660987854
v 0.016996338963508606 -0.030277902260422707 0.10543034225702286
v 0.018284743651747704 -0.029017716646194458 0.10682156682014465
v 0.0195443257689476 -0.026314301416277885 0.10774034261703491
v 0.02047499641776085 -0.030452637001872063 0.10236041992902756
v 0.021948060020804405 -0.029441645368933678 0.10359721630811691
v 0.023005880415439606 -0.027583491057157516 0.10426312685012817
v 0.023607725277543068 -0.030200691893696785 0.09964804351329803
v 0.024822736158967018 -0.029423628002405167 0.10020019859075546
v 0.026039471849799156 -0.028407523408532143 0.10070357471704483
v 0.025578593835234642 -0.029886983335018158 0.09779460728168488
v 0.026793641969561577 -0.02974056638777256 0.09812469780445099
v 0.02797730267047882 -0.02929338626563549 0.09834912419319153
v 0.026233868673443794 -0.030214935541152954 0.0971323698759079
v 0.027524612843990326 -0.030359074473381042 0.09713198989629745
v 0.028846852481365204 -0.0303264781832695 0.09712173044681549
v 0.02634686790406704 -0.030656572431325912 0.09703803062438965
v 0.027599910274147987 -0.03098827786743641 0.09684880077838898
v 0.02895674668252468 -0.03145439550280571 0.09662676602602005
v 0.0295244287699461 -0.028569957241415977 0.09841513633728027
v 0.02744971215724945 -0.02695792354643345 0.1009005457162857
v 0.024136124178767204 -0.025371335446834564 0.10424523055553436
v 0.020141465589404106 -0.02365436963737011 0.10767140984535217
v 0.015751337632536888 -0.023014681413769722 0.11054614186286926
v 0.011608609929680824 -0.022810954600572586 0.11269084364175797
v 0.007719388697296381 -0.022782595828175545 0.11412595212459564
v 0.008175053633749485 -0.01809552125632763 0.11318188905715942
v 0.004824798554182053 -0.0177554152905941 0.11353353410959244
v 0.01188537385314703 -0.018171094357967377 0.11176865547895432
v 0.0161321759223938 -0.018058525398373604 0.10944131761789322
v 0.021325213834643364 -0.017803937196731567 0.10606840997934341
v 0.026046723127365112 -0.02142571471631527 0.10332011431455612
v 0.02932005375623703 -0.024552756920456886 0.10047998279333115
v 0.031454771757125854 -0.027426326647400856 0.09809476137161255
v 0.032266613095998764 -0.029869263991713524 0.09668691456317902
v 0.030430426821112633 -0.03024183213710785 0.09699791669845581
v 0.030490277335047722 -0.03177222982048988 0.09636425971984863
v 0.032296549528837204 -0.0320865735411644 0.09591527283191681
v 0.011805258691310883 -0.014343488030135632 0.11109994351863861
v 0.008375049568712711 -0.014500931836664677 0.11266697943210602
v 0.005115143489092588 -0.014256683178246021 0.11366048455238342
v 0.015198206529021263 -0.013639437034726143 0.10883200913667679
v 0.0186564102768898 -0.012298515997827053 0.10628664493560791
v 0.021201062947511673 -0.009833239018917084 0.10411978513002396
v 0.02452036738395691 -0.014065604656934738 0.10322369635105133
v 0.028337201103568077 -0.018024984747171402 0.10149266570806503
v 0.031512606889009476 -0.022062979638576508 0.09940605610609055
v 0.03360706567764282 -0.02602129988372326 0.09736887365579605
v 0.0344109982252121 -0.029235530644655228 0.09597460180521011
v 0.03443892300128937 -0.03234716132283211 0.09488849341869354
v 0.03666786849498749 -0.032127536833286285 0.09332583844661713
v 0.03653693571686745 -0.027962403371930122 0.09456279873847961
v 0.035615213215351105 -0.023666173219680786 0.09623770415782928
v 0.03364919126033783 -0.019221879541873932 0.09802398830652237
v 0.030568689107894897 -0.014790654182434082 0.09975212067365646
v 0.026825889945030212 -0.01063744816929102 0.10129652917385101
v 0.004628600087016821 0.01695140451192856 0.11943229287862778
v 0.004870114382356405 0.012344134040176868 0.12301262468099594
v 0.0077659497037529945 0.07204337418079376 0.10131777077913284
v 0.00854072067886591 0.08289910107851028 0.09700673073530197
v 0.01684517413377762 0.08206717669963837 0.09586498141288757
v 0.024929646402597427 0.08061272650957108 0.09391478449106216
v 0.03249887749552727 0.07847358286380768 0.09067238122224808
v 0.03967462107539177 0.0759534239768982 0.08658417314291
v 0.04624929279088974 0.07255616784095764 0.0817808136343956
v 0.05189359933137894 0.06792876124382019 0.07643601298332214
v 0.056744351983070374 0.06254816800355911 0.07117287814617157
v 0.06071598455309868 0.05593103542923927 0.06579269468784332
v 0.05461649224162102 0.0747058317065239 0.06932529807090759
v 0.059838153421878815 0.06821310520172119 0.06366600841283798
v 0.04866039752960205 0.08064980059862137 0.07508319616317749
v 0.041706979274749756 0.08501185476779938 0.08011364936828613
v 0.0343833789229393 0.08843813836574554 0.08458089828491211
v 0.02658212184906006 0.09127084910869598 0.08813901990652084
v 0.06228997930884361 0.0745093896985054 0.055417753756046295
v 0.05664508044719696 0.08201634883880615 0.06146737560629845
v 0.050265442579984665 0.08870253711938858 0.0673786997795105
v 0.04325921833515167 0.09395071864128113 0.072675421833992
v 0.03590432181954384 0.09822652488946915 0.07745366543531418
v 0.027850808575749397 0.10154978185892105 0.08123137801885605
v 0.018075352534651756 0.09318044036626816 0.09043635427951813
v 0.009247212670743465 0.09418069571256638 0.0915808230638504
v 0.019027721136808395 0.10384900122880936 0.08372475206851959
v 0.00983196496963501 0.10501778870820999 0.0849185436964035
v 0.04431920871138573 0.10241924971342087 0.06407839059829712
v 0.0366460420191288 0.10697736591100693 0.06875639408826828
v 0.019387101754546165 0.11302674561738968 0.07508817315101624
v 0.028334885835647583 0.11048677563667297 0.0724739283323288
v 0.010135906748473644 0.11451409757137299 0.07656704634428024
v 0.04521464928984642 0.11065207421779633 0.05459749326109886
v 0.05287680774927139 0.10480830073356628 0.049455199390649796
v 0.05161692202091217 0.09668576717376709 0.058783046901226044
v 0.058571334928274155 0.0896291509270668 0.05301651358604431
v 0.06463252007961273 0.08135420829057693 0.04684777557849884
v 0.0664774626493454 0.06563400477170944 0.04886315390467644
v 0.06910553574562073 0.07102786004543304 0.039915330708026886
v 0.06665786355733871 0.08787532150745392 0.03741339594125748
v 0.07188498228788376 0.07427319884300232 0.029561592265963554
v 0.0654408186674118 0.09602729231119156 0.03248896077275276
v 0.07432113587856293 0.07371949404478073 0.020940415561199188
v 0.06025414913892746 0.0972348302602768 0.04362635314464569
v 0.05088968947529793 0.11258688569068909 0.04282878711819649
v 0.03695131838321686 0.1153416857123375 0.05926446616649628
v 0.028618240728974342 0.11874864995479584 0.06283395737409592
v 0.019479000940918922 0.12122878432273865 0.06557472050189972
v 0.010420819744467735 0.12256040424108505 0.06717272102832794
v 0.03364693745970726 0.12314260751008987 0.05144115164875984
v 0.015253058634698391 0.1285746693611145 0.056172288954257965
v 0.05442005768418312 0.11738774180412292 0.02674379013478756
v 0.036524560302495956 0.12960200011730194 0.03463258594274521
v 0.018202319741249084 0.13548485934734344 0.039576686918735504
v 0.05592608451843262 0.12175372242927551 0.008930610492825508
v 0.06890706717967987 0.10435663163661957 0.0023963896092027426
v 0.06769176572561264 0.10013467818498611 0.018450558185577393
v 0.03869194909930229 0.13410963118076324 0.015205168165266514
v 0.019632749259471893 0.14057211577892303 0.020528797060251236
v 0.00040002528112381697 0.1426878720521927 0.022004399448633194
v 0.06715263426303864 0.10801205784082413 -0.014271068386733532
v 0.07422526180744171 0.0896211788058281 -0.021007342264056206
v 0.07676160335540771 0.0834398940205574 -0.00480375811457634
v 0.06732706725597382 0.09544452279806137 -0.03542819619178772
v 0.06314311921596527 0.10942624509334564 -0.02737221121788025
v 0.0510806068778038 0.12150952965021133 -0.03102797083556652
v 0.05602670833468437 0.10134214162826538 -0.048126257956027985
v 0.03604840114712715 0.12406977266073227 -0.04460529983043671
v 0.03990998864173889 0.10640442371368408 -0.05897367373108864
v 0.018896382302045822 0.126322403550148 -0.05079229921102524
v 0.020484071224927902 0.10982387512922287 -0.06559431552886963
v -0.0008157842676155269 0.11184978485107422 -0.06783227622509003
v -0.0005135723622515798 0.12790820002555847 -0.052579738199710846
v 0.055166684091091156 0.12435202300548553 -0.01025698147714138
v 0.038630254566669464 0.13605709373950958 -0.004599050153046846
v 0.01983204483985901 0.1424388587474823 -0.00012820471602026373
v 0.00024053110973909497 0.144706130027771 0.0014104400761425495
v 0.03591550141572952 0.1346701979637146 -0.022947579622268677
v 0.01875668205320835 0.1405358761548996 -0.019615178927779198
v 1.945582880580332e-05 0.14282944798469543 -0.018639301881194115
v 0.030176065862178802 0.13258251547813416 -0.034799154847860336
v 0.017352456226944923 0.13563571870326996 -0.03607063740491867
v -0.00021708279382437468 0.13738100230693817 -0.036510080099105835
v 0.07203664630651474 0.03031271882355213 0.027352653443813324
v 0.07152388244867325 0.044734466820955276 0.03584694862365723
v 0.07375296205282211 0.04806280881166458 0.025755634531378746
v 0.07057667523622513 0.015278796665370464 0.027892963960766792
v 0.07535655796527863 0.05086665600538254 0.01769741252064705
v 0.07192125916481018 0.06080938130617142 0.03377670794725418
v 0.07390350848436356 0.06538860499858856 0.025002356618642807
v 0.06923577934503555 0.056271743029356 0.042901284992694855
v 0.06628917902708054 0.05221926420927048 0.05214030668139458
v 0.06320424377918243 0.04874691739678383 0.06093892827630043
v 0.05989253520965576 0.04577651992440224 0.06885810941457748
v 0.056554172188043594 0.0433349683880806 0.075533926486969
v 0.06382536888122559 0.06055663526058197 0.057637445628643036
v 0.06868910789489746 0.0063662538304924965 0.012296182103455067
v 0.025446195155382156 -0.07295390218496323 0.07556900382041931
v 0.020106013864278793 -0.07638875395059586 0.07536343485116959
v 0.013876501470804214 -0.07950187474489212 0.07557939738035202
v 0.006970338523387909 -0.08109305799007416 0.07571042329072952
v 0.007043387275189161 -0.0812240019440651 0.06887874752283096
v 0.007225555833429098 -0.08125471323728561 0.06279093772172928
v 0.014067603275179863 -0.0794612467288971 0.06911280751228333
v 0.014315548352897167 -0.07949525117874146 0.06275706738233566
v 0.0206686332821846 -0.07619151473045349 0.06939871609210968
v 0.02132272906601429 -0.07570358365774155 0.06312751770019531
v 0.02822335809469223 -0.0712175965309143 0.06461487710475922
v 0.02674679644405842 -0.07226908951997757 0.07033857703208923
v 0.0074103232473134995 -0.08291853219270706 0.05692419037222862
v 0.014780913479626179 -0.08072128891944885 0.056317172944545746
v 0.02210927940905094 -0.07565516978502274 0.056470293551683426
v 0.0298741664737463 -0.07012009620666504 0.05835501849651337
v 0.06900060176849365 0.013913910835981369 0.038306254893541336
v 0.06667620688676834 0.012550408020615578 0.04964866489171982
v 0.008114206604659557 -0.006785715464502573 0.11245397478342056
v 0.006439669523388147 -0.006884750910103321 0.11458203941583633
v 0.005474334117025137 -0.00645424285903573 0.11633863300085068
v 0.010089216753840446 -0.006480835378170013 0.1108839213848114
v 0.004378769546747208 -0.005939273163676262 0.11843433231115341
v 0.011742684058845043 -0.005557481199502945 0.10991831868886948
v 0.0047378502786159515 -0.005054514855146408 0.12029111385345459
v 0.006269763223826885 -0.004206273704767227 0.12122610211372375
v 0.008472442626953125 -0.003126689000055194 0.12043106555938721
v 0.010186596773564816 -0.0031611844897270203 0.11860374361276627
v 0.011598240584135056 -0.0031697675585746765 0.11666455119848251
v 0.01248036976903677 -0.0033419281244277954 0.11435054242610931
v 0.012922465801239014 -0.003963255323469639 0.11256111413240433
v 0.012938053347170353 -0.004798476584255695 0.1113852709531784
v 0.013232717290520668 0.0005356002948246896 0.11086872220039368
v 0.011652263812720776 -0.00275644869543612 0.10645323991775513
v 0.006908017676323652 -0.004871727433055639 0.10727711766958237
v 0.0035145150031894445 -0.003987014293670654 0.11223497241735458
v 0.0038532346952706575 -0.0033503042068332434 0.11751867830753326
v 0.006499179173260927 -0.001033871085382998 0.11850656569004059
v 0.00967040192335844 0.0007035064045339823 0.11565007269382477
v 0.03643592447042465 0.031027577817440033 0.09188803285360336
v 0.0035141967236995697 -0.003986672032624483 0.11223439872264862
v 0.006907387170940638 -0.004871736746281385 0.10727767646312714
v 0.0036911056376993656 0.0003418022533878684 0.09984201937913895
v 0.001990047749131918 -0.00021819266839884222 0.1104443147778511
v 0.0038532884791493416 -0.0033518753480166197 0.11751846969127655
v 0.0029246960766613483 0.0006562928901985288 0.11411032825708389
v 0.010095230303704739 0.001823923783376813 0.09959065169095993
v 0.011652270331978798 -0.0027564449701458216 0.10645324736833572
v 0.006493312306702137 -0.0010373735567554832 0.11850912868976593
v 0.004932514391839504 0.0028032083064317703 0.11529457569122314
v 0.012684479355812073 0.004611493553966284 0.10811088979244232
v 0.013232680037617683 0.0005356217152439058 0.11086878180503845
v 0.009670436382293701 0.0007035004091449082 0.11565004289150238
v 0.008713869377970695 0.0045977127738296986 0.11326665431261063
v 0.013232744298875332 0.0005355558823794127 0.11086862534284592
v 0.0126907117664814 0.004607965238392353 0.1081024706363678
v 0.003739898791536689 0.0038179324474185705 0.10226728022098541
v 0.002694247756153345 0.0033624544739723206 0.1084599494934082
v 0.003076567780226469 0.004129830282181501 0.11001472920179367
v 0.004018066450953484 0.0059100305661559105 0.1104455441236496
v 0.00908450223505497 0.006915009580552578 0.1061844676733017
v 0.006456443574279547 0.00577715365216136 0.10235974192619324
v 0.005881046410650015 0.007238044403493404 0.10936525464057922
v 0.00908577535301447 0.0069144107401371 0.10618321597576141
v 0.0039088246412575245 0.005753448233008385 0.10755514353513718
v 0.006476401351392269 0.005770537536591291 0.10233660042285919
v 0.002694261260330677 0.0033624814823269844 0.10845993459224701
v 0.003725480753928423 0.0037980061024427414 0.10225734114646912
v 0.003076571272686124 0.004129838198423386 0.11001471430063248
v 0.033449411392211914 -0.08001666516065598 0.03117821179330349
v 0.04217439144849777 -0.07938793301582336 0.023203043267130852
v 0.03897085413336754 -0.09517007321119308 0.02257859706878662
v 0.035948943346738815 -0.11228284984827042 0.021341728046536446
v 0.032109834253787994 -0.12963534891605377 0.020479721948504448
v 0.027390340343117714 -0.14827534556388855 0.02699866145849228
v 0.028201056644320488 -0.09591995179653168 0.030473817139863968
v 0.02517843432724476 -0.11368907243013382 0.02736372873187065
v 0.023634234443306923 -0.13095563650131226 0.024899248033761978
v 0.011360538192093372 -0.151961550116539 0.029950229451060295
v -0.0028869621455669403 -0.10166196525096893 -0.0740613266825676
v -0.00293956627137959 -0.11249615997076035 -0.082426056265831
v 0.07603852450847626 0.07816815376281738 0.009572168812155724
v -0.003871335880830884 -0.03351008892059326 0.09183938801288605
v 0.00029399411869235337 -0.03409506380558014 0.09340183436870575
v 0.00027871926431544125 -0.03191936016082764 0.08996704965829849
v -0.004091606009751558 -0.031611088663339615 0.08885446935892105
v 0.0003037547576241195 -0.03630223870277405 0.09491021931171417
v -0.005276154726743698 -0.035152617841959 0.09295076876878738
v -0.004768481478095055 -0.028881266713142395 0.08288734406232834
v 0.0002482244453858584 -0.028693635016679764 0.0825674906373024
v -0.006299445405602455 -0.02596205659210682 0.07028898596763611
v 0.0002056591329164803 -0.026902426034212112 0.06981228291988373
v -0.006815904285758734 -0.025536702945828438 0.05638953298330307
v 0.0001719712163321674 -0.02686854638159275 0.05651327967643738
v -0.0065438346937298775 -0.028094928711652756 0.04577717185020447
v 0.00015093463298399001 -0.028966477140784264 0.04583815485239029
v -0.006369725335389376 -0.03269604220986366 0.03895406797528267
v 0.0001475869066780433 -0.033470772206783295 0.039400864392519
v -0.006184621248394251 -0.03984778746962547 0.03401677682995796
v 0.0001537507341708988 -0.04013039544224739 0.0342245027422905
v -0.008848852477967739 -0.033208202570676804 0.08882179111242294
v -0.01119279582053423 -0.030704613775014877 0.0828089714050293
v -0.014061401598155499 -0.027301888912916183 0.0711856409907341
v -0.014716453850269318 -0.0262066088616848 0.0552142858505249
v -0.013242167420685291 -0.028746334835886955 0.0454387441277504
v -0.012351448647677898 -0.033652909100055695 0.038588233292102814
v -0.011705511249601841 -0.04011055454611778 0.034280482679605484
v -0.010947166942059994 -0.03662245720624924 0.08891857415437698
v -0.006214400287717581 -0.03803182765841484 0.09247500449419022
v 0.0003077425353694707 -0.03885258734226227 0.09439951926469803
v -0.014592739753425121 -0.03449828550219536 0.08167720586061478
v -0.017348501831293106 -0.032134681940078735 0.07032637298107147
v -0.01875063218176365 -0.031415294855833054 0.05720777437090874
v -0.01866556517779827 -0.032903969287872314 0.047485459595918655
v -0.01743491180241108 -0.0361354686319828 0.04147224873304367
v -0.016490593552589417 -0.04100792855024338 0.03750312700867653
v 0.005867393221706152 -0.035125620663166046 0.09291749447584152
v 0.004447310697287321 -0.03348816558718681 0.09181365370750427
v 0.004639860242605209 -0.03158847987651825 0.08882570266723633
v 0.005265933461487293 -0.02885592356324196 0.08285379409790039
v 0.006710055749863386 -0.025934256613254547 0.07024736702442169
v 0.007152794394642115 -0.02550889551639557 0.0563468262553215
v 0.00683996919542551 -0.02808103896677494 0.04574756324291229
v 0.006657499819993973 -0.03270324692130089 0.038942161947488785
v 0.006489785388112068 -0.039829157292842865 0.033987414091825485
v 0.00939960591495037 -0.033171962946653366 0.08875767886638641
v 0.011694752611219883 -0.030656717717647552 0.0827300027012825
v 0.014481591060757637 -0.027244459837675095 0.07109182327985764
v 0.015050926245748997 -0.02614772319793701 0.055122777819633484
v 0.013542070984840393 -0.02870015613734722 0.04536791518330574
v 0.012644916772842407 -0.033618029206991196 0.038532793521881104
v 0.012013978324830532 -0.04005611687898636 0.03421303629875183
v 0.006814918015152216 -0.03800555691123009 0.09243301302194595
v 0.011506856419146061 -0.036581799387931824 0.088833287358284
v 0.01509762927889824 -0.03443862497806549 0.08157177269458771
v 0.01778319478034973 -0.032064829021692276 0.07021059095859528
v 0.019120587036013603 -0.0313403457403183 0.05708960443735123
v 0.019000425934791565 -0.03282058238983154 0.04736977070569992
v 0.017759989947080612 -0.03604637458920479 0.04136575758457184
v 0.016818072646856308 -0.040925540030002594 0.03739742562174797
v -0.006213638465851545 -0.038036245852708817 0.09247379004955292
v -0.00610822718590498 -0.040424883365631104 0.0893903598189354
v 0.0002996610419359058 -0.0413212925195694 0.09027867764234543
v 0.000307741662254557 -0.03885255753993988 0.09439953416585922
v -0.010946197435259819 -0.03663194924592972 0.08891667425632477
v -0.0104698296636343 -0.039080165326595306 0.0870794951915741
v -0.014592751860618591 -0.03449832275509834 0.08167720586061478
v -0.012670128606259823 -0.038750872015953064 0.08082365989685059
v -0.01410495676100254 -0.03760538250207901 0.06997069716453552
v -0.01734846457839012 -0.03213483467698097 0.07032635807991028
v -0.018747543916106224 -0.03138881176710129 0.05720403790473938
v -0.01563459075987339 -0.03726675733923912 0.058542683720588684
v -0.01866120472550392 -0.03293482959270477 0.04749828577041626
v -0.016071151942014694 -0.03787766396999359 0.05061545595526695
v 0.0002757777401711792 -0.0413023978471756 0.08316590636968613
v -0.00685467105358839 -0.04095616564154625 0.08239219337701797
v 0.0002457076625432819 -0.042031221091747284 0.07159990072250366
v -0.0076315621845424175 -0.04090636596083641 0.07111335545778275
v 0.0002392835885984823 -0.0444851778447628 0.060399919748306274
v -0.008949355222284794 -0.041432760655879974 0.060380272567272186
v -0.010145911015570164 -0.04115884751081467 0.05351528525352478
v -0.008094657212495804 -0.04233850911259651 0.04956727847456932
v -0.01314045675098896 -0.040800586342811584 0.04561837390065193
v -0.01743500307202339 -0.03613561391830444 0.04147233068943024
v -0.01649077981710434 -0.041008111089468 0.037503309547901154
v 0.007395416963845491 -0.04092240706086159 0.08234059810638428
v 0.006694882642477751 -0.04039734974503517 0.08934395015239716
v 0.006814188789576292 -0.038009848445653915 0.09243182837963104
v 0.011505925096571445 -0.03659113496541977 0.08883142471313477
v 0.011029123328626156 -0.03903725743293762 0.08699832856655121
v 0.015097571536898613 -0.03443846479058266 0.08157180994749069
v 0.013186495751142502 -0.038692500442266464 0.08072936534881592
v 0.014560471288859844 -0.0375450924038887 0.0698726698756218
v 0.01778322272002697 -0.03206471726298332 0.07021060585975647
v 0.019117321819067 -0.03131360933184624 0.057085853070020676
v 0.016037259250879288 -0.03720460832118988 0.0584375336766243
v 0.018996337428689003 -0.03285115584731102 0.04738246276974678
v 0.016449226066470146 -0.037814609706401825 0.05050980672240257
v 0.00811115000396967 -0.04086863249540329 0.0710572898387909
v 0.009383570402860641 -0.04139605164527893 0.06031084433197975
v 0.01055293157696724 -0.0411202497780323 0.05343584716320038
v 0.008490175008773804 -0.04230804368853569 0.049496859312057495
v 0.0135172288864851 -0.04074231907725334 0.04553399607539177
v 0.017759913578629494 -0.03604624792933464 0.04136568680405617
v 0.016817983239889145 -0.04092545062303543 0.03739733621478081
v -0.008885887451469898 -0.017029868438839912 0.10265681892633438
v -0.007878972217440605 -0.025564363226294518 0.10173192620277405
v -0.004388025961816311 -0.02298903279006481 0.10412731766700745
v -0.003847914980724454 -0.017013628035783768 0.10259652137756348
v 0.00044032433652319014 -0.01766938902437687 0.10509680956602097
v 0.0002968141052406281 -0.02605288289487362 0.10399684309959412
v -0.011903217993676662 -0.016365939751267433 0.10123022645711899
v -0.01190087478607893 -0.023206260055303574 0.1005840077996254
v -0.016011081635951996 -0.01665686070919037 0.09930381923913956
v -0.014541780576109886 -0.0249027106910944 0.09821537882089615
v -0.019195634871721268 -0.016329355537891388 0.09706766158342361
v -0.018192581832408905 -0.02317499741911888 0.09617380797863007
v -0.015804652124643326 -0.00893643219023943 0.09524022787809372
v -0.023297695443034172 -0.008961565792560577 0.09130487591028214
v -0.01936153508722782 -0.0249506663531065 0.091652512550354
v -0.01826372556388378 -0.0271964892745018 0.09603521972894669
v -0.018524929881095886 -0.028963103890419006 0.09117220342159271
v -0.022032499313354492 -0.022392932325601578 0.08881279081106186
v -0.02322518266737461 -0.023415077477693558 0.08566679805517197
v -0.021644579246640205 -0.029809191823005676 0.08849337697029114
v -0.022217240184545517 -0.028165005147457123 0.08506538718938828
v -0.024668077006936073 -0.023334382101893425 0.08051106333732605
v -0.024570468813180923 -0.028652694076299667 0.08028378337621689
v -0.026896962895989418 -0.022549161687493324 0.07336954027414322
v -0.026470541954040527 -0.028270816430449486 0.07276831567287445
v -0.028834229335188866 -0.007326057180762291 0.07980955392122269
v -0.029114866629242897 -0.020558122545480728 0.06451988965272903
v -0.02800651825964451 -0.0267152339220047 0.06423252075910568
v -0.02544954977929592 -0.006029317155480385 0.06475848704576492
v -0.031405285000801086 -0.01903575100004673 0.05655024200677872
v -0.02989225462079048 -0.024951918050646782 0.05632273480296135
v -0.0171065591275692 -0.03153384476900101 0.09487573057413101
v -0.01372965145856142 -0.0273492019623518 0.0970798060297966
v -0.018325258046388626 -0.032263923436403275 0.09854158014059067
v -0.011989128775894642 -0.027100402861833572 0.10103731602430344
v -0.011415284126996994 -0.03163355588912964 0.10041346400976181
v -0.0076203616335988045 -0.028418149799108505 0.10079390555620193
v -0.010412905365228653 -0.03182632103562355 0.1039513349533081
v -0.004845823161303997 -0.0271340012550354 0.10596898943185806
v -0.004102025646716356 -0.032663725316524506 0.10384015738964081
v 0.0005076454253867269 -0.02834182418882847 0.1072528064250946
v 0.0005077016539871693 -0.032459188252687454 0.10591574758291245
v -0.00752283213660121 -0.031331151723861694 0.1016998440027237
v -0.01410830207169056 -0.030378499999642372 0.09620606154203415
v -0.016325196251273155 -0.031404029577970505 0.09061410278081894
v -0.017554670572280884 -0.029596593230962753 0.08167009800672531
v -0.020468030124902725 -0.028256356716156006 0.0706482082605362
v -0.02126907929778099 -0.02643381617963314 0.0634097084403038
v -0.022935548797249794 -0.02590816654264927 0.05568424239754677
v -0.029646888375282288 -0.024819768965244293 0.05364283174276352
v -0.030509861186146736 -0.02093430794775486 0.05006422847509384
v -0.026906657963991165 -0.004550423007458448 0.04209647327661514
v -0.030119502916932106 -0.022948404774069786 0.03640066087245941
v -0.02830018848180771 -0.0233039241284132 0.04747028276324272
v -0.02356119453907013 -0.024671604856848717 0.05241706967353821
v -0.024679578840732574 -0.02181379683315754 0.05034103989601135
v -0.02437417395412922 -0.02353815920650959 0.04742169752717018
v -0.007588727865368128 -0.010080228559672832 0.10032837092876434
v 0.0002759942726697773 -0.010395138524472713 0.1023029237985611
v 0.004403571132570505 -0.01700085774064064 0.10255993157625198
v 0.004978119395673275 -0.022978607565164566 0.10409028828144073
v 0.009796026162803173 -0.016862981021404266 0.10254477709531784
v 0.008468931540846825 -0.025543946772813797 0.10168834775686264
v 0.012464179657399654 -0.01634531468153 0.10116113722324371
v 0.012486386112868786 -0.02320241928100586 0.10050880908966064
v 0.016857018694281578 -0.016443515196442604 0.09909207373857498
v 0.01511345710605383 -0.024890953674912453 0.09812638908624649
v 0.019732870161533356 -0.016287654638290405 0.09695407748222351
v 0.018741082400083542 -0.023099523037672043 0.0960792526602745
v 0.016584692522883415 -0.008903845213353634 0.09506028145551682
v 0.02375970594584942 -0.008906377479434013 0.0911618024110794
v 0.019931180402636528 -0.024918166920542717 0.09154064208269119
v 0.01882748119533062 -0.027148041874170303 0.09592366218566895
v 0.01908930577337742 -0.028906594961881638 0.0910310298204422
v 0.022564740851521492 -0.022349858656525612 0.08868471533060074
v 0.023736998438835144 -0.02336999960243702 0.08552949875593185
v 0.022184180095791817 -0.029799945652484894 0.08836424350738525
v 0.022734230384230614 -0.0281508956104517 0.08493492752313614
v 0.025137944146990776 -0.02327127754688263 0.08036109805107117
v 0.025047963485121727 -0.02855445072054863 0.08013368397951126
v 0.027316030114889145 -0.022443147376179695 0.07317540049552917
v 0.026932766661047935 -0.028220277279615402 0.07256501168012619
v 0.02922040782868862 -0.007232606876641512 0.07963841408491135
v 0.029517577961087227 -0.020435551181435585 0.06437123566865921
v 0.02840520069003105 -0.02667960152029991 0.06405481696128845
v 0.02590058743953705 -0.005510344635695219 0.06477797031402588
v 0.03184618800878525 -0.018830815330147743 0.05635569989681244
v 0.030280184000730515 -0.02486632950603962 0.056130871176719666
v 0.01768183521926403 -0.031504884362220764 0.0947403684258461
v 0.030948782339692116 -0.020641908049583435 0.04985083267092705
v 0.027255073189735413 -0.004099042154848576 0.041936468333005905
v 0.03002242185175419 -0.024717165157198906 0.053425535559654236
v 0.030575307086110115 -0.02247689478099346 0.03621014207601547
v 0.028723614290356636 -0.022984767332673073 0.047317955642938614
v 0.020874308422207832 -0.02817784622311592 0.07053203880786896
v 0.018044261261820793 -0.02954125963151455 0.0815761536359787
v 0.021637972444295883 -0.026349999010562897 0.06328653544187546
v 0.023266250267624855 -0.02584347501397133 0.055542558431625366
v 0.023885982111096382 -0.024581478908658028 0.052257224917411804
v 0.025018850341439247 -0.021658433601260185 0.050169944763183594
v 0.024725964292883873 -0.023358479142189026 0.047278352081775665
v 0.01428718026727438 -0.027317019179463387 0.09698569029569626
v 0.019093511626124382 -0.03198905289173126 0.09834269434213638
v 0.012576713226735592 -0.02709566242992878 0.10097558796405792
v 0.012006538920104504 -0.03160717338323593 0.10034079104661942
v 0.00821344181895256 -0.028390144929289818 0.1007356196641922
v 0.011362136341631413 -0.03168698772788048 0.10392601788043976
v 0.005904015619307756 -0.02711581625044346 0.10587535798549652
v 0.0047237020917236805 -0.03264222666621208 0.10381095856428146
v 0.008131062611937523 -0.03130386024713516 0.10164394229650497
v 0.014670363627374172 -0.03035895712673664 0.09609398245811462
v 0.016856541857123375 -0.031354665756225586 0.09051638096570969
v -0.02824106626212597 -0.0275944322347641 0.04901702329516411
v -0.02830023691058159 -0.02330382727086544 0.047470301389694214
v -0.030119488015770912 -0.022948486730456352 0.03640082851052284
v -0.02995476685464382 -0.03260010480880737 0.0349922813475132
v -0.02824394404888153 -0.04151548817753792 0.036836106330156326
v -0.026349015533924103 -0.04540569335222244 0.0456353984773159
v -0.029145993292331696 -0.03048492968082428 0.05463527888059616
v -0.027436543256044388 -0.04655691981315613 0.056198712438344955
v -0.024422021582722664 -0.023847755044698715 0.04717583581805229
v -0.02379528060555458 -0.028367141261696815 0.048834674060344696
v -0.02821384370326996 -0.033886995166540146 0.06388135999441147
v -0.02603478915989399 -0.03511065989732742 0.07149563729763031
v -0.024675197899341583 -0.04834161698818207 0.07433868944644928
v -0.022633111104369164 -0.03662732616066933 0.07986024767160416
v -0.02106250636279583 -0.03668590635061264 0.08431749045848846
v -0.0181305930018425 -0.050590064376592636 0.08500244468450546
v -0.027409013360738754 -0.02600748836994171 0.054710764437913895
v -0.027687236666679382 -0.026108354330062866 0.05604913458228111
v -0.02286461554467678 -0.02628743276000023 0.05322885140776634
v -0.026223592460155487 -0.02747347764670849 0.06447817385196686
v -0.025355922058224678 -0.02904755249619484 0.07241841405630112
v -0.02245907485485077 -0.03074888326227665 0.0796709880232811
v -0.019676659256219864 -0.031643014401197433 0.08425617963075638
v -0.02039255015552044 -0.037545181810855865 0.08769834041595459
v -0.019691232591867447 -0.030405571684241295 0.08765233308076859
v -0.018161945044994354 -0.03731976076960564 0.0899747759103775
v -0.01607459969818592 -0.03916776925325394 0.09309497475624084
v -0.013650097884237766 -0.051061563193798065 0.09026411175727844
v -0.01326050702482462 -0.038037531077861786 0.09610823541879654
v -0.010411623865365982 -0.039833735674619675 0.09756927937269211
v -0.007949696853756905 -0.051973287016153336 0.09413816779851913
v -0.007147052325308323 -0.039477456361055374 0.0995434895157814
v -0.003698933869600296 -0.040233463048934937 0.10089772939682007
v 0.00032015866599977016 -0.05181531980633736 0.09568631649017334
v 0.0003181460197083652 -0.04055783897638321 0.10126244276762009
v -0.020277375355362892 -0.027029499411582947 0.06314458698034286
v -0.02225084789097309 -0.02662617340683937 0.05544990673661232
v -0.017274925485253334 -0.03179796040058136 0.08988471329212189
v -0.0037343697622418404 -0.03644595667719841 0.10203428566455841
v 0.0003225870314054191 -0.037190958857536316 0.10169698297977448
v -0.003705874551087618 -0.032163333147764206 0.10234233736991882
v 0.0005316193564794958 -0.031999439001083374 0.10707103461027145
v -0.006720283068716526 -0.03620264679193497 0.10031813383102417
v -0.006640052422881126 -0.032155752182006836 0.10141260176897049
v -0.010371473617851734 -0.03551708534359932 0.09900583326816559
v -0.010522007942199707 -0.03145914897322655 0.09916752576828003
v -0.012492861598730087 -0.035092443227767944 0.09584593027830124
v -0.012785668484866619 -0.0312613844871521 0.09696557372808456
v -0.016279464587569237 -0.03503445163369179 0.09392622858285904
v -0.015523751266300678 -0.030436774715781212 0.09380540996789932
v -0.007426286116242409 -0.03209846094250679 0.10056349635124207
v -0.013291542418301105 -0.03147666156291962 0.09523136168718338
v 0.0004292886587791145 -0.035833992063999176 0.10289471596479416
v -0.015880901366472244 -0.031476039439439774 0.09090600907802582
v -0.01714407093822956 -0.030466465279459953 0.08111248910427094
v -0.019212158396840096 -0.028825273737311363 0.07060607522726059
v 0.007246462162584066 -0.03212779015302658 0.10137231647968292
v 0.008029090240597725 -0.03206319361925125 0.1005212590098381
v 0.011103762313723564 -0.03141266852617264 0.09910982102155685
v 0.010966533794999123 -0.03546351194381714 0.09894736111164093
v 0.007330555934458971 -0.03617411106824875 0.10027669370174408
v 0.004329240880906582 -0.03214580565690994 0.10231699049472809
v 0.004367157816886902 -0.03642144426703453 0.10201047360897064
v 0.013061760924756527 -0.03503081575036049 0.09578077495098114
v 0.013347724452614784 -0.03120860829949379 0.09689288586378098
v 0.01684018038213253 -0.035014841705560684 0.09382294118404388
v 0.01608343981206417 -0.030409090220928192 0.09371517598628998
v 0.01779850944876671 -0.031742632389068604 0.08978523313999176
v 0.013843820430338383 -0.03143966943025589 0.09515257179737091
v 0.00433000223711133 -0.04020850732922554 0.10087346285581589
v 0.008581123314797878 -0.0519416481256485 0.09408949315547943
v 0.007763101253658533 -0.03944524750113487 0.09950047731399536
v 0.011008837260305882 -0.03977450355887413 0.09751064330339432
v 0.014253783971071243 -0.051007483154535294 0.0901796743273735
v 0.01384212076663971 -0.037983741611242294 0.09603235125541687
v 0.01664222776889801 -0.039104171097278595 0.09300008416175842
v 0.018702587112784386 -0.050518639385700226 0.08488927036523819
v 0.018705273047089577 -0.03725317120552063 0.08986906707286835
v 0.020921463146805763 -0.03747909143567085 0.08757337927818298
v 0.021573731675744057 -0.03660114109516144 0.08418603986501694
v 0.025074446573853493 -0.04825567081570625 0.07424172759056091
v 0.023121889680624008 -0.0365377776324749 0.07972019165754318
v 0.02649356983602047 -0.03500499203801155 0.07133983820676804
v 0.02781318873167038 -0.046174466609954834 0.05601055547595024
v 0.028676610440015793 -0.03379486873745918 0.06373196840286255
v 0.029609596356749535 -0.0303178820759058 0.054465875029563904
v 0.02672697603702545 -0.04530084878206253 0.04546169191598892
v 0.028663869947195053 -0.027356060221791267 0.0488864928483963
v 0.028620760887861252 -0.04132583364844322 0.0366535484790802
v 0.030385030433535576 -0.03225038945674896 0.03479994833469391
v 0.03057529591023922 -0.022476963698863983 0.036210283637046814
v 0.028723575174808502 -0.02298484370112419 0.04731794819235802
v 0.02477601170539856 -0.02365822158753872 0.04703927040100098
v 0.024155328050255775 -0.028203006833791733 0.04870743677020073
v 0.02776564098894596 -0.025814499706029892 0.05453905835747719
v 0.028044750913977623 -0.025922080501914024 0.05587884411215782
v 0.023181967437267303 -0.02617286704480648 0.05306930094957352
v 0.026618104428052902 -0.027317605912685394 0.06430530548095703
v 0.025791898369789124 -0.028939520940184593 0.07225174456834793
v 0.022940628230571747 -0.03067096509039402 0.0795314684510231
v 0.020171936601400375 -0.03157635033130646 0.08413336426019669
v 0.020199542865157127 -0.030338304117321968 0.08753222972154617
v 0.02258460409939289 -0.026530517265200615 0.05532985180616379
v 0.020665550604462624 -0.026939421892166138 0.06302809715270996
v 0.019624855369329453 -0.028749890625476837 0.07049675285816193
v 0.01762569323182106 -0.03039593994617462 0.08100028336048126
v 0.016414811834692955 -0.03143051266670227 0.09081120043992996
v 0.00025765030295588076 -0.01756763458251953 0.09256476908922195
v 0.0005157593404874206 -0.029677413403987885 0.10785449296236038
v -0.007530286442488432 -0.0313456654548645 0.10171101242303848
v -0.014154764823615551 -0.03045928291976452 0.09622730314731598
v -0.013073161244392395 -0.01738232932984829 0.08396437764167786
v -0.017831791192293167 -0.028977662324905396 0.09114426374435425
v -0.017554694786667824 -0.02959662303328514 0.08167009055614471
v -0.017645658925175667 -0.017099924385547638 0.06321489810943604
v -0.02054019086062908 -0.028371864929795265 0.07064497470855713
v -0.021269138902425766 -0.0264339130371809 0.0634097009897232
v -0.022919712588191032 -0.025870541110634804 0.055684205144643784
v 0.00016979800420813262 -0.010025164112448692 0.0681501030921936
v 0.00012419579434208572 -0.008444145321846008 0.05410978943109512
v -0.01502267736941576 -0.010191485285758972 0.05615314468741417
v -0.024500392377376556 -0.021762920543551445 0.05031450092792511
v -0.0236117634922266 -0.02476847730576992 0.052344370633363724
v -0.015420026145875454 -0.015481305308640003 0.043633364140987396
v 0.0001093231767299585 -0.013868273235857487 0.04236587509512901
v -0.024587539955973625 -0.023649126291275024 0.04740804806351662
v -0.013995548710227013 -0.021885626018047333 0.03476586565375328
v -0.017767922952771187 -0.02664761245250702 0.03961857408285141
v 0.00010207769810222089 -0.018000993877649307 0.03339889273047447
v -0.023795414716005325 -0.028366990387439728 0.04883463680744171
v -0.017084551975131035 -0.043776627629995346 0.029695427045226097
v -0.016490666195750237 -0.04100802168250084 0.0375031903386116
v -0.013885997235774994 -0.02765584923326969 0.019223622977733612
v -0.014432759955525398 -0.044200245290994644 0.015747616067528725
v 8.600646106060594e-05 -0.022793054580688477 0.015629999339580536
v 0.00011803457164205611 -0.043569695204496384 0.011310488916933537
v -0.013173592276871204 -0.04082675278186798 0.04564468562602997
v 0.01567850448191166 -0.015374830923974514 0.04353935271501541
v 0.015290345065295696 -0.010133170522749424 0.056060660630464554
v 0.01798054575920105 -0.01703735813498497 0.06310855597257614
v 0.013545837253332138 -0.017347345128655434 0.0838882327079773
v 0.01804409548640251 -0.029541028663516045 0.08157613128423691
v 0.01839149370789528 -0.028923457488417625 0.09100109338760376
v 0.014717294834554195 -0.030440304428339005 0.0961146429181099
v 0.00813866127282381 -0.031318299472332 0.10165510326623917
v 0.02094687707722187 -0.02829398587346077 0.07052178680896759
v 0.02163786068558693 -0.026349801570177078 0.06328655034303665
v 0.023250192403793335 -0.025804957374930382 0.05554288625717163
v 0.024838615208864212 -0.021608129143714905 0.05014759302139282
v 0.02393689565360546 -0.024678988382220268 0.05218212306499481
v 0.02494327910244465 -0.023461991921067238 0.047266870737075806
v 0.014266853220760822 -0.02175779826939106 0.0346800871193409
v 0.018002940341830254 -0.02655663900077343 0.0395221970975399
v 0.024155357852578163 -0.028202977031469345 0.04870743677020073
v 0.017409609630703926 -0.04371476545929909 0.02960130386054516
v 0.016818039119243622 -0.04092549905180931 0.03739739581942558
v 0.014180905185639858 -0.02744477055966854 0.0191281009465456
v 0.014722333289682865 -0.04410470649600029 0.01566324196755886
v 0.013550326228141785 -0.04076802358031273 0.04556061327457428
v -0.022250961512327194 -0.0266260989010334 0.055449970066547394
v -0.013164298608899117 -0.040801744908094406 0.04561347886919975
v -0.023795409128069878 -0.028367068618535995 0.048834752291440964
v -0.022864630445837975 -0.02628740854561329 0.05322885140776634
v -0.0202774815261364 -0.027029365301132202 0.06314462423324585
v -0.01921229623258114 -0.028825078159570694 0.07060613483190536
v -0.010856902226805687 -0.04675010219216347 0.06726148724555969
v -0.01714002713561058 -0.030473975464701653 0.08111058175563812
v -0.007450627628713846 -0.04613426327705383 0.08361148834228516
v -0.015876296907663345 -0.0314810611307621 0.09090465307235718
v -0.013288937509059906 -0.03148096799850464 0.0952291414141655
v -0.007426389493048191 -0.03209862485527992 0.10056377202272415
v 0.000291004020255059 -0.04280196875333786 0.08986981958150864
v 0.0004710487264674157 -0.03365239128470421 0.10434907674789429
v 0.0002532654325477779 -0.045804429799318314 0.06955131888389587
v 0.00029192332294769585 -0.04716229811310768 0.08449511229991913
v 0.00029200638527981937 -0.04704204574227333 0.0846790224313736
v 0.00023928328300826252 -0.04448515549302101 0.060399867594242096
v -0.008094611577689648 -0.042338479310274124 0.049567241221666336
v 0.008029164746403694 -0.032063309103250504 0.10052146762609482
v 0.008020044304430485 -0.04609961807727814 0.08356484025716782
v 0.013841165229678154 -0.03144405782222748 0.09515034407377243
v 0.01641007885336876 -0.031435634940862656 0.09080980718135834
v 0.01762142963707447 -0.03040385991334915 0.08099827915430069
v 0.011351349763572216 -0.04670156538486481 0.0671878308057785
v 0.019624844193458557 -0.02874990552663803 0.07049674540758133
v 0.013541009277105331 -0.04074324667453766 0.04552922770380974
v 0.02066553570330143 -0.02693944424390793 0.06302810460329056
v 0.022584622725844383 -0.026530500501394272 0.05532986298203468
v 0.024155357852578163 -0.028202995657920837 0.04870746284723282
v 0.02318185567855835 -0.026173008605837822 0.053069304674863815
v 0.008490104228258133 -0.04230799525976181 0.04949682205915451
v 0.008215449750423431 0.019754279404878616 0.040943920612335205
v -0.04744414985179901 0.06340677291154861 0.03005109913647175
v -0.04541473090648651 0.06518089771270752 0.03300943970680237
v -0.04444542154669762 0.0676923468708992 0.029060080647468567
v -0.0454782098531723 0.066615030169487 0.027290480211377144
v -0.042411480098962784 0.06902893632650375 0.031319230794906616
v -0.043009381741285324 0.06702569872140884 0.035620588809251785
v -0.03966154903173447 0.07029850035905838 0.033408451825380325
v -0.040066249668598175 0.06872589141130447 0.03772306814789772
v -0.036163151264190674 0.07152757048606873 0.035236701369285583
v -0.03655543923377991 0.07001922279596329 0.039121709764003754
v -0.03208395093679428 0.07183046638965607 0.03579618036746979
v -0.03266683965921402 0.07062002271413803 0.039771899580955505
v -0.02870021015405655 0.07026404142379761 0.03962662070989609
v -0.028675509616732597 0.07141438126564026 0.03539714962244034
v -0.025561319664120674 0.07025997340679169 0.0343983992934227
v -0.024965709075331688 0.06912562996149063 0.038781680166721344
v -0.02280014008283615 0.06872948259115219 0.033170659095048904
v -0.021587839350104332 0.06751646846532822 0.03737425059080124
v -0.020081890746951103 0.06678398698568344 0.032099321484565735
v -0.01871434971690178 0.06554138660430908 0.0354207381606102
v -0.042999811470508575 0.06923306733369827 0.041570380330085754
v -0.04670238122344017 0.06694910675287247 0.03891301155090332
v -0.03378884866833687 0.07222650200128555 0.044552549719810486
v -0.03862360119819641 0.07101933658123016 0.04347861185669899
v -0.028778690844774246 0.07188508659601212 0.04463138058781624
v -0.01958942972123623 0.06894606351852417 0.04214714094996452
v -0.023942919448018074 0.07078877091407776 0.04383593052625656
v -0.015991199761629105 0.06647008657455444 0.039668191224336624
v -0.049560800194740295 0.06428194046020508 0.03564145043492317
v -0.05195460841059685 0.06186208128929138 0.031727079302072525
v -0.04919769987463951 0.061909858137369156 0.026780439540743828
v -0.05353790149092674 0.059618689119815826 0.027325499802827835
v -0.04627595096826553 0.06555093824863434 0.025691339746117592
v 0.04744414985179901 0.06340677291154861 0.03005109913647175
v 0.0454782098531723 0.066615030169487 0.027290480211377144
v 0.04444542154669762 0.0676923468708992 0.029060080647468567
v 0.04541473090648651 0.06518089771270752 0.03300943970680237
v 0.042411480098962784 0.06902893632650375 0.031319230794906616
v 0.043009381741285324 0.06702569872140884 0.035620588809251785
v 0.03966154903173447 0.07029850035905838 0.033408451825380325
v 0.040066249668598175 0.06872589141130447 0.03772306814789772
v 0.036163151264190674 0.07152757048606873 0.035236701369285583
v 0.03655543923377991 0.07001922279596329 0.039121709764003754
v 0.03208395093679428 0.07183046638965607 0.03579618036746979
v 0.03266683965921402 0.07062002271413803 0.039771899580955505
v 0.02870021015405655 0.07026404142379761 0.03962662070989609
v 0.028675509616732597 0.07141438126564026 0.03539714962244034
v 0.025561319664120674 0.07025997340679169 0.0343983992934227
v 0.024965709075331688 0.06912562996149063 0.038781680166721344
v 0.02280014008283615 0.06872948259115219 0.033170659095048904
v 0.021587839350104332 0.06751646846532822 0.03737425059080124
v 0.020081890746951103 0.06678398698568344 0.032099321484565735
v 0.01871434971690178 0.06554138660430908 0.0354207381606102
v 0.042999811470508575 0.06923306733369827 0.041570380330085754
v 0.04670238122344017 0.06694910675287247 0.03891301155090332
v 0.049560800194740295 0.06428194046020508 0.03564145043492317
v 0.05195460841059685 0.06186208128929138 0.031727079302072525
v 0.028778690844774246 0.07188508659601212 0.04463138058781624
v 0.01958942972123623 0.06894606351852417 0.04214714094996452
v 0.023942919448018074 0.07078877091407776 0.04383593052625656
v 0.015991199761629105 0.06647008657455444 0.039668191224336624
v 0.04919769987463951 0.061909858137369156 0.026780439540743828
v 0.05353790149092674 0.059618689119815826 0.027325499802827835
v 0.04627595096826553 0.06555093824863434 0.025691339746117592
v 0.03378884866833687 0.07222650200128555 0.044552549719810486
v 0.03862360119819641 0.07101933658123016 0.04347861185669899

vt 0.4999589 0.3973928
vt 0.4999504 0.4023446
vt 0.5059708 0.4027572
vt 0.5055175 0.3973424
vt 0.5121014 0.3972808
vt 0.5126541 0.4032501
vt 0.5188805 0.3977286
vt 0.520732 0.4038037
vt 0.5283416 0.3986819
vt 0.5290135 0.4040537
vt 0.5361199 0.3998064
vt 0.5363418 0.4043951
vt 0.5466785 0.3997456
vt 0.5444874 0.4050488
vt 0.5549789 0.400626
vt 0.5505861 0.4050256
vt 0.5573236 0.4052934
vt 0.5641873 0.4021341
vt 0.5602116 0.4056782
vt 0.5657027 0.403253
vt 0.5614837 0.4057971
vt 0.5667943 0.4042112
vt 0.56142 0.4059564
vt 0.5666053 0.4052004
vt 0.5609483 0.4061259
vt 0.5654262 0.406814
vt 0.5570944 0.4065957
vt 0.5621436 0.4097204
vt 0.5503298 0.4070098
vt 0.5526965 0.4113061
vt 0.5427049 0.4067334
vt 0.5435675 0.4124539
vt 0.5334384 0.4076767
vt 0.5334551 0.4147447
vt 0.5239328 0.4085611
vt 0.5242044 0.4165211
vt 0.5151042 0.4089894
vt 0.5161151 0.418211
vt 0.5059161 0.4091151
vt 0.5085982 0.4180165
vt 0.5000007 0.4089482
vt 0.5000005 0.4180729
vt 0.5000002 0.4333457
vt 0.5086322 0.4325407
vt 0.5163776 0.430499
vt 0.5252461 0.4273719
vt 0.4999999 0.4433819
vt 0.5087351 0.4433626
vt 0.4999997 0.4508183
vt 0.5096399 0.4530383
vt 0.5166958 0.4415617
vt 0.5180721 0.4518556
vt 0.5267805 0.438085
vt 0.5285144 0.4485721
vt 0.5348845 0.4235846
vt 0.5370805 0.4346189
vt 0.5398068 0.4446226
vt 0.5451109 0.4204243
vt 0.5487392 0.4296539
vt 0.5525528 0.4387105
vt 0.5561309 0.4172259
vt 0.5606749 0.4247427
vt 0.564654 0.431229
vt 0.5654657 0.4132678
vt 0.570644 0.4182141
vt 0.5745632 0.4228203
vt 0.571193 0.4086056
vt 0.5752398 0.4114997
vt 0.5792196 0.4149213
vt 0.5734687 0.4055529
vt 0.5771986 0.4071704
vt 0.5816068 0.4093961
vt 0.5740664 0.4041693
vt 0.5777123 0.4047084
vt 0.5823787 0.4054354
vt 0.5847162 0.4190582
vt 0.5794984 0.4280152
vt 0.5697956 0.4375634
vt 0.5562969 0.4462094
vt 0.5421101 0.4514465
vt 0.5299001 0.4549453
vt 0.5189669 0.4575289
vt 0.5102389 0.4585928
vt 0.4999996 0.4556453
vt 0.4999995 0.4620972
vt 0.5070931 0.4646147
vt 0.5077653 0.4736999
vt 0.5127637 0.4735845
vt 0.5222682 0.4713251
vt 0.5337363 0.4694695
vt 0.54772 0.4673607
vt 0.5663032 0.465089
vt 0.4999992 0.4735042
vt 0.4999989 0.4868861
vt 0.5083955 0.4866288
vt 0.5144145 0.4864599
vt 0.5245233 0.4842261
vt 0.5359135 0.4831614
vt 0.5489596 0.4834655
vt 0.5631416 0.4864704
vt 0.5756175 0.4949035
vt 0.5807103 0.4780033
vt 0.5784936 0.4496444
vt 0.587832 0.4360748
vt 0.5927481 0.4247383
vt 0.5953753 0.4156736
vt 0.5875573 0.4120221
vt 0.5884138 0.4065591
vt 0.5962831 0.4080124
vt 0.5889603 0.4615779
vt 0.5969706 0.4458102
vt 0.6022267 0.4319322
vt 0.6048585 0.4204866
vt 0.605765 0.4099136
vt 0.5987494 0.4740246
vt 0.5909983 0.4909283
vt 0.5836864 0.5064344
vt 0.5760901 0.5183884
vt 0.5702006 0.5077814
vt 0.5612364 0.5003484
vt 0.5587718 0.5086629
vt 0.5488629 0.5041194
vt 0.5490729 0.4958014
vt 0.5370046 0.502088
vt 0.5365371 0.4946758
vt 0.5260592 0.5003864
vt 0.5255716 0.4945613
vt 0.515652 0.4962
vt 0.5165297 0.5028099
vt 0.508689 0.4956383
vt 0.5085188 0.50264
vt 0.4999987 0.4959472
vt 0.4999985 0.5026293
vt 0.565829 0.5155666
vt 0.4999984 0.5097114
vt 0.5070687 0.5100371
vt 0.4999982 0.5161291
vt 0.5054983 0.5169973
vt 0.5105268 0.5173578
vt 0.5119736 0.5107477
vt 0.526783 0.504687
vt 0.519604 0.506935
vt 0.5154764 0.5116778
vt 0.5337479 0.5057101
vt 0.5126942 0.5175127
vt 0.5416054 0.5106305
vt 0.5378943 0.5110472
vt 0.548489 0.5124469
vt 0.5560208 0.5164635
vt 0.5105141 0.5234438
vt 0.512722 0.5231246
vt 0.5124758 0.5295868
vt 0.5146593 0.5280009
vt 0.5191115 0.5326688
vt 0.5197998 0.5313505
vt 0.5251737 0.5336498
vt 0.5250119 0.5322547
vt 0.5307124 0.5324121
vt 0.5300988 0.5310598
vt 0.5357713 0.5291377
vt 0.5345365 0.5279709
vt 0.5395681 0.5243049
vt 0.5376977 0.5232326
vt 0.54162 0.5180542
vt 0.5391179 0.5176684
vt 0.5318661 0.535656
vt 0.5253061 0.5371772
vt 0.5466453 0.520174
vt 0.543094 0.5267735
vt 0.538153 0.5318967
vt 0.552219 0.5240826
vt 0.5472723 0.530892
vt 0.5413024 0.5362293
vt 0.5332969 0.5404919
vt 0.5257047 0.5425283
vt 0.5192805 0.5365653
vt 0.5121557 0.5358402
vt 0.5057777 0.5291254
vt 0.5054147 0.5230675
vt 0.4999979 0.528826
vt 0.4999981 0.5223267
vt 0.4999977 0.5355971
vt 0.5057915 0.5356736
vt 0.5127361 0.5422724
vt 0.5061034 0.5424792
vt 0.4999976 0.5429142
vt 0.5198101 0.5421714
vt 0.5269784 0.5484241
vt 0.5211803 0.5488688
vt 0.5305663 0.5541942
vt 0.5246896 0.5556535
vt 0.531378 0.5625167
vt 0.5343465 0.5588912
vt 0.541652 0.5583433
vt 0.5411468 0.5651115
vt 0.5390365 0.5521806
vt 0.535707 0.5460542
vt 0.5445096 0.5418208
vt 0.5513663 0.5362945
vt 0.5574411 0.5296313
vt 0.5475928 0.5481302
vt 0.5621871 0.5225008
vt 0.5705812 0.5246423
vt 0.5662315 0.5296424
vt 0.5730208 0.5351807
vt 0.5684562 0.5355614
vt 0.5614833 0.5359826
vt 0.5551408 0.5426379
vt 0.5690761 0.5466065
vt 0.5646255 0.5420362
vt 0.5583373 0.5491856
vt 0.5503151 0.5549566
vt 0.5523686 0.5623547
vt 0.5616241 0.5561223
vt 0.5808142 0.5357446
vt 0.5745598 0.5530453
vt 0.5654777 0.56485
vt 0.5546567 0.571427
vt 0.5405375 0.5736184
vt 0.5252051 0.5694069
vt 0.5179044 0.557945
vt 0.5143518 0.5494553
vt 0.5068565 0.5503513
vt 0.4999974 0.551138
vt 0.508549 0.5597441
vt 0.4999971 0.5607286
vt 0.5428053 0.586625
vt 0.5275711 0.5854916
vt 0.5450071 0.5966236
vt 0.5297244 0.5988938
vt 0.5498672 0.6135055
vt 0.5331712 0.6157371
vt 0.5551348 0.6317826
vt 0.535096 0.632324
vt 0.5516391 0.6481743
vt 0.5680038 0.6401629
vt 0.5645846 0.6499608
vt 0.576063 0.6447781
vt 0.5739472 0.6515865
vt 0.5807426 0.6531443
vt 0.5743942 0.6591055
vt 0.582033 0.6588965
vt 0.5854532 0.6544458
vt 0.587077 0.658762
vt 0.5906798 0.6588066
vt 0.5948016 0.6628143
vt 0.5907356 0.6637199
vt 0.5989734 0.6665777
vt 0.5964022 0.6683408
vt 0.6026586 0.671896
vt 0.6048784 0.6691121
vt 0.6122342 0.6713229
vt 0.610429 0.6749384
vt 0.6209443 0.6725804
vt 0.6200868 0.676883
vt 0.6326289 0.6727697
vt 0.6325485 0.6772364
vt 0.6445754 0.6712677
vt 0.6457785 0.6762145
vt 0.6556641 0.6701249
vt 0.6570784 0.6748684
vt 0.6660507 0.6689725
vt 0.6669282 0.6727744
vt 0.6725118 0.667073
vt 0.6757951 0.669921
vt 0.6782646 0.6643606
vt 0.6814791 0.6660836
vt 0.6181698 0.686245
vt 0.606174 0.6830311
vt 0.6321002 0.687404
vt 0.6478117 0.686428
vt 0.6608934 0.6841392
vt 0.6715717 0.6802534
vt 0.6799048 0.6751893
vt 0.6855515 0.6675739
vt 0.6789831 0.6623449
vt 0.683259 0.6607853
vt 0.6876615 0.6594473
vt 0.6155858 0.6972941
vt 0.6009045 0.6930348
vt 0.5968717 0.6774871
vt 0.5900708 0.6718336
vt 0.5853509 0.6648942
vt 0.5881584 0.6857964
vt 0.5809457 0.6767473
vt 0.5769575 0.6676207
vt 0.5799249 0.6970486
vt 0.5699555 0.6839374
vt 0.5972875 0.7064317
vt 0.6149635 0.7107444
vt 0.632984 0.7114269
vt 0.6327268 0.6985167
vt 0.6498953 0.697405
vt 0.664858 0.694209
vt 0.6769415 0.6895114
vt 0.6846638 0.681932
vt 0.6926839 0.6704682
vt 0.6950236 0.6574023
vt 0.686232 0.6513255
vt 0.6813097 0.6553369
vt 0.6777238 0.6589492
vt 0.6724977 0.6566526
vt 0.6760556 0.6507542
vt 0.6655964 0.6545808
vt 0.6675105 0.6475234
vt 0.6547464 0.6536784
vt 0.6564925 0.6454057
vt 0.6439637 0.6527517
vt 0.644604 0.6442599
vt 0.6327993 0.6440166
vt 0.6327186 0.6525303
vt 0.6221725 0.6529203
vt 0.6216391 0.6444914
vt 0.613244 0.653764
vt 0.6117324 0.6462948
vt 0.6041022 0.6561105
vt 0.6025751 0.6484689
vt 0.5966977 0.6530349
vt 0.5952798 0.6474363
vt 0.5891695 0.6479475
vt 0.5924428 0.6524906
vt 0.5903539 0.6537963
vt 0.5859349 0.6507386
vt 0.5896143 0.655664
vt 0.5819343 0.6480881
vt 0.5856762 0.6441309
vt 0.5812808 0.6392031
vt 0.5924852 0.6412531
vt 0.6010482 0.6413522
vt 0.5888572 0.6347495
vt 0.5983316 0.6311434
vt 0.6102527 0.6386688
vt 0.6212653 0.6362037
vt 0.6333679 0.6350075
vt 0.6457732 0.6345178
vt 0.6583223 0.6355495
vt 0.6703054 0.6385284
vt 0.6805372 0.6441985
vt 0.6324483 0.6234884
vt 0.6457021 0.621842
vt 0.6197108 0.6257749
vt 0.6083463 0.6282715
vt 0.6598277 0.621751
vt 0.6744815 0.6253333
vt 0.6863554 0.6344606
vt 0.693085 0.6456357
vt 0.7043549 0.6547455
vt 0.7006432 0.6718777
vt 0.6935114 0.689814
vt 0.680081 0.6989753
vt 0.6671122 0.7053688
vt 0.6501865 0.7093322
vt 0.6993401 0.6363805
vt 0.6899115 0.6203846
vt 0.7101114 0.673527
vt 0.7132358 0.6493738
vt 0.6530452 0.725907
vt 0.6341182 0.7293114
vt 0.614574 0.7299746
vt 0.5935643 0.7270139
vt 0.569132 0.7188535
vt 0.5564988 0.6931275
vt 0.5655593 0.6711871
vt 0.5639792 0.6599606
vt 0.5519889 0.6758759
vt 0.5510843 0.6616088
vt 0.5355242 0.6640332
vt 0.5353534 0.6485966
vt 0.5187174 0.6661765
vt 0.5180312 0.6497498
vt 0.4999946 0.667487
vt 0.4999951 0.6507353
vt 0.5364662 0.6802946
vt 0.5187904 0.6833754
vt 0.4999942 0.6853588
vt 0.5173346 0.6330892
vt 0.4999954 0.6337084
vt 0.5387239 0.6996609
vt 0.519774 0.7050899
vt 0.4999937 0.7077444
vt 0.5436216 0.7260195
vt 0.5213979 0.7300581
vt 0.4999931 0.7313679
vt 0.5163716 0.6162735
vt 0.4999958 0.6166327
vt 0.5148441 0.6001544
vt 0.4999962 0.6005766
vt 0.5133123 0.584937
vt 0.4999966 0.585694
vt 0.5115147 0.5713654
vt 0.4999969 0.5721185
vt 0.4851484 0.6001537
vt 0.4836199 0.6162727
vt 0.4826563 0.6330884
vt 0.4819594 0.6497489
vt 0.4812724 0.6661756
vt 0.4646372 0.648595
vt 0.4644648 0.6640316
vt 0.4483509 0.6481719
vt 0.4489053 0.6616064
vt 0.4354059 0.6499577
vt 0.4319867 0.6401597
vt 0.4239272 0.6447746
vt 0.4260429 0.6515831
vt 0.4192469 0.6531405
vt 0.4255955 0.659102
vt 0.4179566 0.6588926
vt 0.4145365 0.6544418
vt 0.4129128 0.6587578
vt 0.4093101 0.6588023
vt 0.405188 0.6628098
vt 0.4092543 0.6637156
vt 0.401016 0.666573
vt 0.403587 0.6683363
vt 0.3973309 0.6718912
vt 0.3951108 0.6691072
vt 0.3877551 0.6713176
vt 0.38956 0.6749333
vt 0.3790447 0.6725746
vt 0.3799019 0.6768774
vt 0.3673602 0.6727634
vt 0.3674406 0.6772301
vt 0.3554137 0.671261
vt 0.3542103 0.6762076
vt 0.3443248 0.6701176
vt 0.3429105 0.6748611
vt 0.3339385 0.6689647
vt 0.3330611 0.6727665
vt 0.3274774 0.667065
vt 0.324194 0.6699128
vt 0.3217247 0.6643522
vt 0.3185103 0.6660751
vt 0.381819 0.6862395
vt 0.3938148 0.6830262
vt 0.3678882 0.6873978
vt 0.3521768 0.686421
vt 0.3390951 0.6841316
vt 0.3284169 0.6802454
vt 0.3200842 0.6751808
vt 0.3144376 0.6675652
vt 0.3210066 0.6623366
vt 0.3167305 0.6607767
vt 0.3123282 0.6594384
vt 0.3844021 0.6972886
vt 0.3990836 0.69303
vt 0.4031169 0.6774825
vt 0.4099184 0.6718295
vt 0.4146389 0.6648902
vt 0.41183 0.6857923
vt 0.4190431 0.6767434
vt 0.4230319 0.667617
vt 0.420063 0.6970448
vt 0.4300328 0.6839342
vt 0.4027001 0.7064272
vt 0.3850237 0.710739
vt 0.3670031 0.7114207
vt 0.3672609 0.6985104
vt 0.3500925 0.6973979
vt 0.33513 0.6942013
vt 0.3230468 0.6895031
vt 0.3153248 0.6819233
vt 0.3073051 0.6704592
vt 0.304966 0.6573931
vt 0.3137582 0.6513167
vt 0.3186804 0.6553284
vt 0.3222662 0.6589409
vt 0.3274919 0.6566445
vt 0.3239344 0.6507459
vt 0.3343936 0.6545731
vt 0.3324797 0.6475155
vt 0.3452435 0.6536711
vt 0.3434979 0.6453983
vt 0.3560263 0.6527449
vt 0.3553864 0.6442531
vt 0.3671911 0.6440104
vt 0.3672714 0.652524
vt 0.3778175 0.6529145
vt 0.3783515 0.6444857
vt 0.386746 0.6537586
vt 0.3882577 0.6462895
vt 0.3958876 0.6561056
vt 0.3974153 0.6484641
vt 0.4032927 0.6530304
vt 0.4047104 0.6474319
vt 0.4108206 0.6479434
vt 0.4075473 0.6524862
vt 0.4096359 0.653792
vt 0.4140554 0.6507345
vt 0.4103758 0.6556597
vt 0.4180555 0.6480842
vt 0.4143142 0.6441268
vt 0.4187101 0.6391993
vt 0.4075056 0.6412487
vt 0.3989422 0.6413474
vt 0.4111337 0.6347454
vt 0.4016594 0.6311387
vt 0.389738 0.6386636
vt 0.3787253 0.636198
vt 0.3666229 0.6350012
vt 0.3542176 0.6345109
vt 0.3416684 0.635542
vt 0.3296852 0.6385204
vt 0.3194532 0.64419
vt 0.3675433 0.6234822
vt 0.3542894 0.6218351
vt 0.3802804 0.6257692
vt 0.3401639 0.6217436
vt 0.3255098 0.6253251
vt 0.3136355 0.6344518
vt 0.3069055 0.6456267
vt 0.295635 0.6547358
vt 0.2993459 0.6718683
vt 0.3064769 0.6898049
vt 0.3199071 0.6989669
vt 0.3328755 0.7053609
vt 0.3498008 0.7093252
vt 0.3006506 0.6363711
vt 0.3100801 0.6203757
vt 0.2898776 0.6735172
vt 0.2867544 0.6493637
vt 0.3469413 0.7258997
vt 0.3658682 0.7293051
vt 0.3854128 0.7299691
vt 0.4064222 0.7270096
vt 0.4308549 0.7188503
vt 0.4434893 0.6931249
vt 0.4344299 0.671184
vt 0.4360105 0.6599576
vt 0.4480004 0.6758735
vt 0.4635226 0.6802929
vt 0.4811977 0.6833745
vt 0.4612639 0.699659
vt 0.4802135 0.705089
vt 0.4563652 0.7260175
vt 0.4785884 0.7300571
vt 0.4534882 0.7587512
vt 0.4290102 0.7564942
vt 0.4047737 0.7562505
vt 0.3825237 0.7551311
vt 0.3616772 0.7515829
vt 0.3411216 0.7451493
vt 0.3285463 0.7195833
vt 0.3139468 0.7089442
vt 0.3002021 0.6948652
vt 0.3217347 0.7336572
vt 0.3042135 0.7183918
vt 0.3110042 0.7494596
vt 0.2911997 0.7298349
vt 0.332397 0.7648491
vt 0.3547472 0.7745931
vt 0.3773975 0.7811508
vt 0.4005991 0.7856611
vt 0.4253072 0.7886567
vt 0.4505005 0.7912635
vt 0.4770465 0.760748
vt 0.4999924 0.7613012
vt 0.5229383 0.760749
vt 0.5464967 0.7587533
vt 0.5709749 0.7564975
vt 0.5952114 0.756255
vt 0.6174617 0.7551366
vt 0.6383082 0.7515893
vt 0.658864 0.7451568
vt 0.6714405 0.7195914
vt 0.6860408 0.708953
vt 0.6997858 0.6948745
vt 0.6782514 0.7336656
vt 0.6957735 0.7184011
vt 0.6889812 0.7494684
vt 0.7087868 0.7298447
vt 0.6675876 0.7648569
vt 0.645237 0.7745999
vt 0.6225864 0.7811565
vt 0.5993847 0.7856658
vt 0.5746765 0.7886603
vt 0.5494829 0.7912657
vt 0.5246058 0.7930197
vt 0.4999919 0.7928229
vt 0.6548986 0.7965333
vt 0.6794758 0.7839136
vt 0.6665088 0.8178574
vt 0.6927676 0.8013797
vt 0.7029645 0.7669752
vt 0.7246561 0.7435679
vt 0.7186361 0.7826082
vt 0.6391459 0.8304962
vt 0.6299478 0.8062804
vt 0.6047571 0.8133926
vt 0.6115419 0.8400291
vt 0.5788351 0.8185649
vt 0.5836952 0.8469466
vt 0.5525095 0.8221428
vt 0.5558403 0.8518975
vt 0.5262199 0.8243076
vt 0.5279747 0.8546628
vt 0.499991 0.8249241
vt 0.4999904 0.8555318
vt 0.619087 0.8639541
vt 0.6496168 0.85267
vt 0.678717 0.8370789
vt 0.7051858 0.8170167
vt 0.7277635 0.7919229
vt 0.5592942 0.8783339
vt 0.5888947 0.8724266
vt 0.738799 0.8032454
vt 0.7482209 0.7610952
vt 0.7603567 0.7706822
vt 0.7168148 0.8313774
vt 0.6904712 0.8543682
vt 0.659223 0.8715675
vt 0.6271112 0.8849319
vt 0.594848 0.8946422
vt 0.5627085 0.9013604
vt 0.5293912 0.8818119
vt 0.4999895 0.8828441
vt 0.531278 0.9059474
vt 0.499989 0.9072431
vt 0.7261073 0.8448873
vt 0.7493966 0.814694
vt 0.6989419 0.8683951
vt 0.6678252 0.8871187
vt 0.6339557 0.9020227
vt 0.6018927 0.9126988
vt 0.5665201 0.9219703
vt 0.5348296 0.9263805
vt 0.4999887 0.928776
vt 0.7488649 0.8338711
vt 0.7760338 0.7743969
vt 0.7913758 0.7697856
vt 0.6974081 0.8835836
vt 0.6297224 0.9184155
vt 0.5584 0.9413862
vt 0.4999878 0.9523618
vt 0.7676129 0.8366007
vt 0.7241395 0.8832097
vt 0.664335 0.9240155
vt 0.5926189 0.9598037
vt 0.4999857 0.9993255
vt 0.7901456 0.8419372
vt 0.7560477 0.8861586
vt 0.7138646 0.925931
vt 0.665063 0.9629478
vt 0.628258 0.9993255
vt 0.8140535 0.8510432
vt 0.7915947 0.890798
vt 0.7629577 0.9291704
vt 0.7354971 0.964901
vt 0.7227433 0.9993255
vt 0.8342054 0.8598278
vt 0.8324563 0.8953369
vt 0.8567965 0.8315771
vt 0.8734974 0.8601036
vt 0.8592633 0.9256571
vt 0.8942145 0.8981498
vt 0.8775887 0.9600896
vt 0.9168666 0.9445478
vt 0.9502662 0.9993255
vt 0.8968439 0.9993255
vt 0.806488 0.9338763
vt 0.7931083 0.9668011
vt 0.7926601 0.9993255
vt 0.8350042 0.9427846
vt 0.8395753 0.9674125
vt 0.8503627 0.9993255
vt 0.8992941 0.8242828
vt 0.881862 0.7916052
vt 0.9197702 0.7759222
vt 0.9406565 0.8068991
vt 0.9220243 0.8627225
vt 0.9353151 0.7251537
vt 0.9522308 0.7466145
vt 0.9673995 0.8423346
vt 0.9538294 0.915653
vt 0.9992505 0.9024882
vt 0.9992505 0.9993255
vt 0.9746256 0.770631
vt 0.9038813 0.747421
vt 0.8678114 0.762337
vt 0.8927354 0.7199985
vt 0.9196572 0.7004514
vt 0.9071527 0.6773722
vt 0.8578675 0.7259471
vt 0.8838556 0.6889831
vt 0.8818813 0.6546384
vt 0.8972956 0.655673
vt 0.8920686 0.6361914
vt 0.8802655 0.6473802
vt 0.8685123 0.6554545
vt 0.8673112 0.6632908
vt 0.8575851 0.6558689
vt 0.8550632 0.6616709
vt 0.8462375 0.653154
vt 0.8435311 0.6589617
vt 0.8359725 0.6450398
vt 0.8311658 0.6546397
vt 0.888876 0.6319875
vt 0.8958113 0.6099015
vt 0.8935912 0.6073338
vt 0.8942469 0.5792996
vt 0.892468 0.5806364
vt 0.8928497 0.5457758
vt 0.8872131 0.5549696
vt 0.8804737 0.5387112
vt 0.8839732 0.5317492
vt 0.8962035 0.5411745
vt 0.8787361 0.5015752
vt 0.8526 0.4802751
vt 0.8593353 0.5140389
vt 0.8437296 0.5142668
vt 0.8337133 0.4772325
vt 0.9030975 0.5815644
vt 0.9030522 0.6199086
vt 0.8889042 0.5823961
vt 0.8895252 0.6105145
vt 0.8855543 0.6004894
vt 0.8845731 0.5837758
vt 0.8837689 0.5603952
vt 0.8803077 0.5643981
vt 0.8758698 0.5673918
vt 0.8802786 0.5838878
vt 0.8720884 0.5695985
vt 0.8765376 0.5831511
vt 0.8666536 0.560228
vt 0.8719574 0.5573701
vt 0.8754894 0.5533901
vt 0.8721361 0.5829702
vt 0.8676983 0.572974
vt 0.8619907 0.5653505
vt 0.8791527 0.5482355
vt 0.869148 0.5830019
vt 0.8644853 0.574882
vt 0.8580584 0.5689023
vt 0.8609495 0.5779868
vt 0.8658091 0.5847361
vt 0.8537396 0.5744821
vt 0.8614447 0.5883039
vt 0.8575926 0.5820861
vt 0.8523288 0.5788621
vt 0.8466514 0.5783181
vt 0.846602 0.574744
vt 0.8535584 0.5873044
vt 0.8570755 0.5932298
vt 0.8499498 0.5835611
vt 0.8459215 0.5835584
vt 0.8725202 0.5930291
vt 0.8750383 0.5940052
vt 0.8691809 0.5930894
vt 0.8649498 0.5946516
vt 0.8604746 0.5979807
vt 0.8540679 0.5989364
vt 0.8578131 0.6026032
vt 0.8630456 0.6027605
vt 0.8610191 0.6052429
vt 0.8521878 0.6052868
vt 0.8498189 0.5935287
vt 0.8473077 0.6019875
vt 0.8564419 0.6075975
vt 0.852572 0.6128312
vt 0.8563814 0.6131076
vt 0.853492 0.6206179
vt 0.8474495 0.6126569
vt 0.8491774 0.6222552
vt 0.8514885 0.6326331
vt 0.8449934 0.6227431
vt 0.8487461 0.6359061
vt 0.8561565 0.6402153
vt 0.8564304 0.6367574
vt 0.8562179 0.6443217
vt 0.8482561 0.6406779
vt 0.8620256 0.6374055
vt 0.8625621 0.640369
vt 0.8631414 0.6442352
vt 0.8411837 0.6292991
vt 0.8550458 0.6283525
vt 0.8614105 0.6327912
vt 0.8583256 0.6508145
vt 0.8477205 0.6462168
vt 0.8667245 0.6359404
vt 0.8678169 0.6488532
vt 0.8699914 0.6339377
vt 0.8675485 0.6383412
vt 0.8710493 0.6362135
vt 0.8683506 0.6424713
vt 0.8720797 0.6399792
vt 0.8725711 0.6310044
vt 0.8743428 0.6338169
vt 0.8762277 0.6382003
vt 0.8698274 0.6273833
vt 0.877521 0.6422349
vt 0.8749604 0.6267058
vt 0.8781157 0.6194392
vt 0.8790972 0.6252542
vt 0.8812197 0.6190059
vt 0.8820274 0.6296735
vt 0.8792119 0.6340373
vt 0.8771275 0.6294557
vt 0.8845558 0.6228374
vt 0.8788103 0.6066908
vt 0.8812664 0.6112653
vt 0.8847063 0.6138434
vt 0.8814757 0.6057127
vt 0.8852 0.6076412
vt 0.8753371 0.617667
vt 0.8855517 0.6292006
vt 0.8757172 0.6059707
vt 0.8720492 0.6143751
vt 0.8682493 0.6233514
vt 0.861987 0.6258796
vt 0.8658758 0.6181771
vt 0.8619583 0.6206111
vt 0.8691094 0.6106309
vt 0.8699192 0.6018329
vt 0.8731266 0.6035954
vt 0.858125 0.6235616
vt 0.8592615 0.620868
vt 0.8564142 0.6188793
vt 0.8588252 0.6175135
vt 0.8586532 0.6131766
vt 0.8596568 0.6092475
vt 0.8611195 0.6164445
vt 0.8637215 0.6134837
vt 0.8665502 0.6015843
vt 0.8658675 0.6090937
vt 0.8605688 0.6134664
vt 0.8617077 0.6106333
vt 0.8631946 0.6069024
vt 0.8786376 0.5956537
vt 0.8817798 0.5972681
vt 0.8392236 0.635179
vt 0.8332486 0.6215917
vt 0.8375961 0.6155882
vt 0.8317357 0.6010005
vt 0.8356019 0.6010571
vt 0.8425329 0.6107519
vt 0.8403836 0.6003624
vt 0.8444957 0.6045669
vt 0.8434045 0.5983546
vt 0.8458229 0.5930718
vt 0.8473874 0.5889586
vt 0.8429341 0.5911928
vt 0.8449086 0.5890651
vt 0.8405488 0.5910789
vt 0.8433849 0.5874837
vt 0.8446015 0.5864885
vt 0.8430095 0.585539
vt 0.8394783 0.5864037
vt 0.8374869 0.579475
vt 0.8433137 0.581696
vt 0.8521174 0.5654163
vt 0.8464373 0.5607594
vt 0.830471 0.5739504
vt 0.8406996 0.5506955
vt 0.8600211 0.5483181
vt 0.8558494 0.539884
vt 0.8683231 0.5441176
vt 0.8670717 0.5356702
vt 0.8569424 0.560326
vt 0.8262487 0.5279035
vt 0.8134663 0.4793285
vt 0.7883425 0.4798627
vt 0.7876765 0.4255054
vt 0.7712485 0.4434896
vt 0.7450674 0.3823234
vt 0.7434266 0.414789
vt 0.7417219 0.4399476
vt 0.7199564 0.421269
vt 0.7222722 0.4517122
vt 0.7009264 0.4340352
vt 0.6965469 0.4049337
vt 0.7160671 0.3926005
vt 0.690697 0.3773802
vt 0.6791535 0.417765
vt 0.6738986 0.3899949
vt 0.6590576 0.4029072
vt 0.6517841 0.3759483
vt 0.6273996 0.3619308
vt 0.640763 0.3911404
vt 0.6265739 0.3856221
vt 0.633366 0.4082011
vt 0.6161437 0.3831346
vt 0.6228152 0.4018624
vt 0.6069008 0.3839192
vt 0.6135703 0.3988088
vt 0.6043351 0.3985683
vt 0.5990307 0.3862564
vt 0.5953445 0.3997029
vt 0.5913591 0.3897703
vt 0.5876101 0.4005787
vt 0.5843477 0.3928742
vt 0.581493 0.4013856
vt 0.5785362 0.3955342
vt 0.5736241 0.3974301
vt 0.5768574 0.4021596
vt 0.5689605 0.3995648
vt 0.5727898 0.4026204
vt 0.5661674 0.3927943
vt 0.5730456 0.3877615
vt 0.5548108 0.3895854
vt 0.5607164 0.3835219
vt 0.5429978 0.3871144
vt 0.5386322 0.3932084
vt 0.5279136 0.3921041
vt 0.5184314 0.3916434
vt 0.5111358 0.3910694
vt 0.5052369 0.3909844
vt 0.4999214 0.3909357
vt 0.4998742 0.383992
vt 0.5061446 0.3840173
vt 0.4998182 0.3756562
vt 0.5074468 0.3755853
vt 0.5131396 0.3842883
vt 0.5158776 0.3757671
vt 0.5214652 0.3847749
vt 0.5254405 0.3764009
vt 0.5314336 0.3856732
vt 0.5365431 0.3775815
vt 0.5488439 0.3797491
vt 0.4997347 0.3677441
vt 0.5086978 0.3677143
vt 0.5183702 0.3678814
vt 0.5291001 0.3685973
vt 0.5410049 0.3701685
vt 0.5537671 0.3729545
vt 0.5666451 0.3773198
vt 0.5777835 0.3841604
vt 0.5836316 0.3795254
vt 0.4996661 0.3584612
vt 0.5102411 0.3585337
vt 0.5213854 0.3591807
vt 0.5332201 0.3607177
vt 0.5458134 0.3630701
vt 0.5589515 0.3664796
vt 0.5722567 0.3710026
vt 0.589876 0.3744628
vt 0.4996152 0.3493627
vt 0.5116561 0.3498964
vt 0.5239557 0.351108
vt 0.5367639 0.3530104
vt 0.5501384 0.3558137
vt 0.5639914 0.3597363
vt 0.5776199 0.3657328
vt 0.5964956 0.3698665
vt 0.4995819 0.3401849
vt 0.5127299 0.3410172
vt 0.5261329 0.342622
vt 0.5398943 0.3449954
vt 0.5542139 0.3482425
vt 0.5690784 0.352625
vt 0.5832746 0.3598547
vt 0.6042616 0.3665338
vt 0.6137488 0.3632742
vt 0.589522 0.3544107
vt 0.5960411 0.3481848
vt 0.4995747 0.3304626
vt 0.5137573 0.3313264
vt 0.5281353 0.3333356
vt 0.542889 0.3362151
vt 0.5582203 0.3399954
vt 0.5743973 0.344837
vt 0.4995867 0.3188844
vt 0.5147713 0.3198953
vt 0.5301824 0.3225603
vt 0.5458988 0.3262385
vt 0.5623808 0.3307971
vt 0.5790924 0.3379343
vt 0.602623 0.3410808
vt 0.4996615 0.3042027
vt 0.5157254 0.3055264
vt 0.5321374 0.3095671
vt 0.5488885 0.3147253
vt 0.5663168 0.3203186
vt 0.5834285 0.3292449
vt 0.6043767 0.3284756
vt 0.6251776 0.3414366
vt 0.6464052 0.3531687
vt 0.4997702 0.2894722
vt 0.5169716 0.2907279
vt 0.5342526 0.2958259
vt 0.551648 0.3026158
vt 0.5695513 0.3091252
vt 0.5859317 0.318366
vt 0.6675339 0.3646129
vt 0.6595772 0.3399487
vt 0.6822656 0.3496009
vt 0.7093693 0.3622513
vt 0.5730503 0.2982135
vt 0.5875298 0.3072228
vt 0.6033825 0.3145628
vt 0.5553834 0.2906313
vt 0.537157 0.2826781
vt 0.5187057 0.2761555
vt 0.499876 0.2741102
vt 0.6209713 0.3235573
vt 0.639567 0.3318121
vt 0.6113499 0.3053969
vt 0.6277806 0.3101628
vt 0.6461436 0.314037
vt 0.667843 0.3191447
vt 0.6951095 0.3267739
vt 0.7290571 0.3391314
vt 0.7648348 0.3580396
vt 0.5976105 0.3016532
vt 0.588117 0.2992224
vt 0.5784245 0.2896374
vt 0.5861374 0.2874914
vt 0.5689487 0.27341
vt 0.5613394 0.2806108
vt 0.5418909 0.2706329
vt 0.5213063 0.2625405
vt 0.4999833 0.2594375
vt 0.5243552 0.2525975
vt 0.5474282 0.2620448
vt 0.5000059 0.2488128
vt 0.5000067 0.2410773
vt 0.52747 0.2448719
vt 0.5000051 0.2345356
vt 0.5305713 0.2382828
vt 0.5535253 0.2550715
vt 0.560185 0.2488655
vt 0.5781123 0.2680642
vt 0.5871552 0.2669937
vt 0.610005 0.2881994
vt 0.5970705 0.2871126
vt 0.5000049 0.2277302
vt 0.5333008 0.2313845
vt 0.5359074 0.2238383
vt 0.5000052 0.2201967
vt 0.567144 0.2420485
vt 0.5986838 0.2638041
vt 0.625617 0.2885067
vt 0.6458321 0.2878747
vt 0.6725494 0.2877759
vt 0.6132426 0.2584479
vt 0.6343457 0.2509815
vt 0.5746822 0.2119661
vt 0.573023 0.2320531
vt 0.5363843 0.2144136
vt 0.5000057 0.1989182
vt 0.5000054 0.2109939
vt 0.5633782 0.1748293
vt 0.5000063 0.1738414
vt 0.500007 0.1411463
vt 0.5582496 0.1383632
vt 0.7056752 0.2943617
vt 0.7419051 0.3032796
vt 0.7739773 0.3138973
vt 0.7941724 0.368535
vt 0.8220468 0.3764883
vt 0.8059218 0.3225942
vt 0.8500146 0.3842508
vt 0.8368769 0.3300273
vt 0.7539285 0.2640174
vt 0.7902052 0.2712317
vt 0.8241829 0.2780327
vt 0.7338929 0.2188221
vt 0.774833 0.2237945
vt 0.8126022 0.2288745
vt 0.7159194 0.1773998
vt 0.7613528 0.1798161
vt 0.6984035 0.138052
vt 0.7481587 0.1383261
vt 0.8031827 0.1831695
vt 0.7949224 0.1399552
vt 0.6816602 0.1006746
vt 0.7375064 0.1006746
vt 0.7914238 0.1006746
vt 0.8659558 0.3365701
vt 0.8763443 0.3893445
vt 0.9016128 0.393636
vt 0.9094632 0.4456742
vt 0.9318798 0.4499985
vt 0.9381564 0.5031326
vt 0.9173544 0.4971308
vt 0.942534 0.5570233
vt 0.9250229 0.5473942
vt 0.9443425 0.6108209
vt 0.9324394 0.5972621
vt 0.941417 0.667266
vt 0.9275498 0.6495264
vt 0.9583045 0.6841157
vt 0.9779884 0.6993667
vt 0.9146545 0.6333639
vt 0.9160268 0.5881698
vt 0.9606193 0.6228696
vt 0.9793454 0.6323066
vt 0.9071839 0.5424171
vt 0.960287 0.5650741
vt 0.9793297 0.5704197
vt 0.8958734 0.4936421
vt 0.9584219 0.5086548
vt 0.9783182 0.5123673
vt 0.8860109 0.4414506
vt 0.8633995 0.4393581
vt 0.8389978 0.4344861
vt 0.8147097 0.4296968
vt 0.9546623 0.4556792
vt 0.9768334 0.459242
vt 0.9506373 0.4035472
vt 0.9748371 0.4076851
vt 0.9262839 0.3975281
vt 0.8932451 0.3418119
vt 0.920283 0.346784
vt 0.9465675 0.3520992
vt 0.9727086 0.356427
vt 0.885421 0.2905031
vt 0.9141483 0.2966012
vt 0.9423814 0.301235
vt 0.9705248 0.3046154
vt 0.8558215 0.2840551
vt 0.8468257 0.2338003
vt 0.8400888 0.1867749
vt 0.8359417 0.1406733
vt 0.8365915 0.1006746
vt 0.8784921 0.2393281
vt 0.9084757 0.2464418
vt 0.9378002 0.2507105
vt 0.9677405 0.2521828
vt 0.8731956 0.1903331
vt 0.9033113 0.1933556
vt 0.932846 0.1990683
vt 0.9639471 0.200565
vt 0.8701003 0.1406545
vt 0.8994336 0.1420547
vt 0.9274293 0.14724
vt 0.9580027 0.1499518
vt 0.8708465 0.1006746
vt 0.8983263 0.1006746
vt 0.9240094 0.1006746
vt 0.9501827 0.1006746
vt 0.9992505 0.1996821
vt 0.9992505 0.254112
vt 0.9992505 0.3100222
vt 0.9992505 0.3623191
vt 0.9992505 0.4115176
vt 0.9992505 0.4608909
vt 0.9992505 0.5130154
vt 0.9992505 0.5709011
vt 0.9992505 0.6368788
vt 0.9992505 0.7113022
vt 0.9992505 0.7990599
vt 0.005982809 0.08971156
vt 0.009376533 0.090547
vt 0.01038843 0.08706387
vt 0.00689698 0.08639288
vt 0.01144429 0.08354442
vt 0.007922776 0.08312209
vt 0.01274648 0.07990563
vt 0.009435333 0.07954812
vt 0.0142011 0.07660744
vt 0.01132324 0.07647641
vt 0.01574609 0.0734219
vt 0.0131568 0.07338595
vt 0.02140385 0.08688664
vt 0.01976889 0.0935823
vt 0.02418876 0.07518924
vt 0.01772717 0.07027532
vt 0.02704772 0.06607004
vt 0.03496429 0.08827163
vt 0.03434068 0.09657447
vt 0.03655154 0.07441942
vt 0.03773433 0.06409875
vt 0.04080555 0.0570536
vt 0.02717835 0.06125076
vt 0.02340782 0.06410377
vt 0.02234656 0.0658325
vt 0.01987657 0.067755
vt 0.02366486 0.06320244
vt 0.07255518 0.0882687
vt 0.07409188 0.09656264
vt 0.0590606 0.07219981
vt 0.05440867 0.06153688
vt 0.05332989 0.0516118
vt 0.07513872 0.06461006
vt 0.07811219 0.0567227
vt 0.07837719 0.04919326
vt 0.09534419 0.05103247
vt 0.0929502 0.06265814
vt 0.08622026 0.07074568
vt 0.1100782 0.0558999
vt 0.1043361 0.06924003
vt 0.09389409 0.07790039
vt 0.07053837 0.07156192
vt 0.08289081 0.08456209
vt 0.1234162 0.06309391
vt 0.1164007 0.07926189
vt 0.1017007 0.08881207
vt 0.08683917 0.09414605
vt 0.1043361 0.06924003
vt 0.1100782 0.0558999
vt 0.0929502 0.06265814
vt 0.09534419 0.05103247
vt 0.07811219 0.0567227
vt 0.07837719 0.04919326
vt 0.05332989 0.0516118
vt 0.07513872 0.06461006
vt 0.05440867 0.06153688
vt 0.04080555 0.0570536
vt 0.03773433 0.06409875
vt 0.02704772 0.06607004
vt 0.02418876 0.07518924
vt 0.01772717 0.07027532
vt 0.01574609 0.0734219
vt 0.0142011 0.07660744
vt 0.01132324 0.07647641
vt 0.009435333 0.07954812
vt 0.01274648 0.07990563
vt 0.007922776 0.08312209
vt 0.01144429 0.08354442
vt 0.00689698 0.08639288
vt 0.01038843 0.08706387
vt 0.0131568 0.07338595
vt 0.02140385 0.08688664
vt 0.03496429 0.08827163
vt 0.03655154 0.07441942
vt 0.07255518 0.0882687
vt 0.0590606 0.07219981
vt 0.08289081 0.08456209
vt 0.07053837 0.07156192
vt 0.09389409 0.07790039
vt 0.08622026 0.07074568
vt 0.1129525 0.03694193
vt 0.1199287 0.03345422
vt 0.1184084 0.03058911
vt 0.1102005 0.03125417
vt 0.1167073 0.02762928
vt 0.104789 0.02014579
vt 0.1147597 0.02437946
vt 0.1126827 0.02112591
vt 0.1105708 0.01784884
vt 0.108298 0.01470829
vt 0.09977511 0.01094962
vt 0.0981648 0.04316342
vt 0.09604865 0.03489095
vt 0.09205624 0.02094058
vt 0.08915777 0.01014094
vt 0.0985016 0.006698046
vt 0.1042312 0.01057214
vt 0.1060014 0.01227069
vt 0.1024898 0.008620199
vt 0.1022693 0.007839167
vt 0.08883754 0.003658686
vt 0.06697071 0.04746623
vt 0.06689975 0.03784548
vt 0.06835999 0.02264893
vt 0.07247188 0.00970565
vt 0.07133351 0.0004166756
vt 0.05116277 0.0123733
vt 0.0451571 0.0004033912
vt 0.03592002 0.01767454
vt 0.02697109 0.006211642
vt 0.02720439 0.0280076
vt 0.03930339 0.0339955
vt 0.04489249 0.02473558
vt 0.01168358 0.01773477
vt 0.03572721 0.0456664
vt 0.02041716 0.04176562
vt 0.001814671 0.03542056
vt 0.05038089 0.03757226
vt 0.05333242 0.02918162
vt 0.05761327 0.01891977
vt 0.04861677 0.04747966
vt 0.02720439 0.0280076
vt 0.03930339 0.0339955
vt 0.03592002 0.01767454
vt 0.04489249 0.02473558
vt 0.02697109 0.006211642
vt 0.0451571 0.0004033912
vt 0.05116277 0.0123733
vt 0.07133351 0.0004166756
vt 0.07247188 0.00970565
vt 0.08883754 0.003658686
vt 0.08915777 0.01014094
vt 0.0985016 0.006698046
vt 0.09977511 0.01094962
vt 0.1042312 0.01057214
vt 0.1060014 0.01227069
vt 0.1024898 0.008620199
vt 0.1022693 0.007839167
vt 0.09205624 0.02094058
vt 0.104789 0.02014579
vt 0.108298 0.01470829
vt 0.1105708 0.01784884
vt 0.1126827 0.02112591
vt 0.1147597 0.02437946
vt 0.1167073 0.02762928
vt 0.1102005 0.03125417
vt 0.1184084 0.03058911
vt 0.09604865 0.03489095
vt 0.06689975 0.03784548
vt 0.06835999 0.02264893
vt 0.05038089 0.03757226
vt 0.05333242 0.02918162
vt 0.05761327 0.01891977
vt 0.1149223 0.02024257
vt 0.1124209 0.01712038
vt 0.1172798 0.0233931
vt 0.1193791 0.02663126
vt 0.1216467 0.03002991
vt 0.1226331 0.03228868
vt 0.109816 0.01419252
vt 0.1073512 0.0114263
vt 0.1053805 0.009388108
vt 0.1043884 0.008483034
vt 0.1042833 0.008350076
vt 0.1216467 0.03002991
vt 0.1193791 0.02663126
vt 0.1172798 0.0233931
vt 0.1149223 0.02024257
vt 0.1124209 0.01712038
vt 0.109816 0.01419252
vt 0.1073512 0.0114263
vt 0.1053805 0.009388108
vt 0.1043884 0.008483034
vt 0.1042833 0.008350076
vt 0.02170148 0.06402491
vt 0.02173191 0.06427999
vt 0.02083942 0.06530257
vt 0.018536 0.06738489
vt 0.01555088 0.07011314
vt 0.6776623 0.6623612
vt 0.6769964 0.6634076
vt 0.6721066 0.6646141
vt 0.6657803 0.6657159
vt 0.6550668 0.6671023
vt 0.6440507 0.6679243
vt 0.6325589 0.6692632
vt 0.6214221 0.6691338
vt 0.6133064 0.6683009
vt 0.6064517 0.6666647
vt 0.600717 0.6650491
vt 0.597401 0.662086
vt 0.5924543 0.6585038
vt 0.5910915 0.6559746
vt 0.5917008 0.6546801
vt 0.5931776 0.6541141
vt 0.5967305 0.6546654
vt 0.6046394 0.6584243
vt 0.6140266 0.6566783
vt 0.622378 0.6561615
vt 0.6328067 0.6556385
vt 0.6438751 0.6560436
vt 0.6547195 0.6567824
vt 0.6656939 0.6578395
vt 0.6722361 0.6589455
vt 0.6767278 0.6606935
vt 0.6447504 0.6619008
vt 0.6332341 0.6619008
vt 0.6222019 0.6619008
vt 0.6146771 0.6619008
vt 0.6082683 0.6619008
vt 0.673161 0.6619008
vt 0.6681772 0.6619008
vt 0.6757309 0.6619008
vt 0.677118 0.6623873
vt 0.6757291 0.6628198
vt 0.673161 0.6628198
vt 0.6681772 0.6628198
vt 0.6563504 0.6628198
vt 0.6447504 0.6628198
vt 0.6332341 0.6628198
vt 0.6222019 0.6628198
vt 0.6146771 0.6628198
vt 0.6082683 0.6628198
vt 0.6027293 0.6628198
vt 0.6017553 0.6623588
vt 0.6027293 0.6619008
vt 0.6005417 0.6601174
vt 0.594774 0.6567299
vt 0.6770843 0.6084671
vt 0.6616725 0.6029874
vt 0.6458778 0.6048805
vt 0.6313467 0.6090938
vt 0.6180952 0.6137016
vt 0.6058481 0.6176418
vt 0.5948541 0.6219879
vt 0.5844976 0.626992
vt 0.5757422 0.6327298
vt 0.5689837 0.6232793
vt 0.615517 0.5975406
vt 0.6028147 0.6046419
vt 0.5910776 0.6105666
vt 0.5803753 0.6168157
vt 0.5644135 0.6090775
vt 0.5603276 0.5937937
vt 0.55843 0.583025
vt 0.5758603 0.6032833
vt 0.5731439 0.5891861
vt 0.569975 0.5757208
vt 0.5870323 0.595604
vt 0.5841237 0.5808882
vt 0.5798622 0.5656416
vt 0.5899007 0.5518285
vt 0.5997344 0.537769
vt 0.5915028 0.5204754
vt 0.5996355 0.5058714
vt 0.6081209 0.5236373
vt 0.6070904 0.4897503
vt 0.6160081 0.5076504
vt 0.6060101 0.457346
vt 0.612294 0.4416055
vt 0.6151085 0.4273092
vt 0.6160389 0.4133314
vt 0.6137384 0.4728896
vt 0.6225733 0.4905472
vt 0.6194746 0.4555595
vt 0.6282768 0.4715355
vt 0.6245224 0.4374151
vt 0.633267 0.45074
vt 0.6247143 0.4202716
vt 0.6352858 0.4298882
vt 0.6334857 0.5105445
vt 0.6259966 0.5281416
vt 0.6469878 0.5343966
vt 0.6388171 0.5507389
vt 0.6170772 0.5437043
vt 0.6251005 0.5661859
vt 0.6122754 0.5781401
vt 0.5995769 0.5876009
vt 0.5954932 0.5696979
vt 0.6072746 0.556941
vt 0.6294271 0.5907426
vt 0.6456273 0.5791978
vt 0.6630702 0.5668954
vt 0.6813246 0.5835138
vt 0.6963516 0.6021227
vt 0.7074637 0.6240031
vt 0.6894788 0.5556244
vt 0.7060925 0.5796115
vt 0.7196829 0.6081501
vt 0.7243391 0.6422009
vt 0.7173802 0.5523162
vt 0.695647 0.5273645
vt 0.670173 0.534456
vt 0.6534818 0.5107644
vt 0.6395401 0.4897535
vt 0.6444925 0.4666133
vt 0.6486847 0.4414534
vt 0.646639 0.4174927
vt 0.5503322 0.394571
vt 0.560776 0.3965545
vt 0.4916023 0.4866284
vt 0.4922331 0.4736995
vt 0.4929057 0.4646143
vt 0.4897602 0.4585923
vt 0.4903594 0.4530378
vt 0.4912643 0.4433621
vt 0.4913686 0.4325403
vt 0.4914033 0.4180161
vt 0.4940855 0.4091149
vt 0.483886 0.4182102
vt 0.484897 0.408989
vt 0.4757963 0.4165199
vt 0.476068 0.4085605
vt 0.4665461 0.4147431
vt 0.4665629 0.407676
vt 0.4564338 0.4124519
vt 0.4572963 0.4067324
vt 0.4473051 0.4113036
vt 0.4496718 0.4070086
vt 0.4378583 0.4097175
vt 0.4429072 0.4065943
vt 0.434561 0.4067967
vt 0.4390538 0.4061244
vt 0.4333726 0.4051734
vt 0.4385816 0.4059549
vt 0.4331771 0.4041803
vt 0.438518 0.4057956
vt 0.4342792 0.4032286
vt 0.4397902 0.4056767
vt 0.4358144 0.4021311
vt 0.442678 0.405292
vt 0.4449653 0.4005639
vt 0.4494156 0.4050243
vt 0.455514 0.4050477
vt 0.453255 0.3996752
vt 0.4636027 0.4043157
vt 0.4638045 0.3997421
vt 0.470883 0.4039881
vt 0.4715642 0.3986329
vt 0.4791632 0.4037615
vt 0.4810318 0.3976857
vt 0.487245 0.4032202
vt 0.487812 0.3972502
vt 0.4939294 0.4027398
vt 0.4943986 0.3973244
vt 0.4946058 0.3909459
vt 0.4936014 0.3839742
vt 0.492182 0.3755191
vt 0.4887047 0.391012
vt 0.4865999 0.3841962
vt 0.483743 0.3756239
vt 0.4814043 0.3915557
vt 0.4782603 0.3846218
vt 0.4741522 0.376156
vt 0.4718764 0.3920037
vt 0.4682747 0.385448
vt 0.4630187 0.3772123
vt 0.4611887 0.3930437
vt 0.456692 0.3868144
vt 0.4506845 0.3792542
vt 0.4494736 0.3943694
vt 0.4448674 0.389242
vt 0.4387655 0.3829443
vt 0.426639 0.3874046
vt 0.433581 0.3925205
vt 0.4390586 0.3963768
vt 0.4212744 0.3952871
vt 0.4261644 0.3972225
vt 0.4184003 0.4011996
vt 0.4230425 0.4020115
vt 0.4309075 0.3994283
vt 0.427102 0.4025114
vt 0.4217884 0.3835883
vt 0.4154662 0.3925518
vt 0.4324865 0.3763187
vt 0.4454195 0.3720486
vt 0.41228 0.4003522
vt 0.4157528 0.3787925
vt 0.4083998 0.3893809
vt 0.4398696 0.365116
vt 0.4532057 0.3620504
vt 0.4582965 0.3695025
vt 0.4702868 0.3681665
vt 0.481069 0.3676429
vt 0.4907685 0.3676098
vt 0.4890705 0.3583696
vt 0.4778733 0.3587915
vt 0.4659451 0.360039
vt 0.4875511 0.3496401
vt 0.4751641 0.3505481
vt 0.4622011 0.3520623
vt 0.448595 0.354416
vt 0.4344424 0.3578852
vt 0.4263188 0.3694017
vt 0.4210654 0.3641621
vt 0.4093711 0.3735979
vt 0.4006265 0.3858002
vt 0.4045324 0.3994493
vt 0.3955101 0.3983031
vt 0.4026669 0.3689062
vt 0.392685 0.3834224
vt 0.4442735 0.3464783
vt 0.4289925 0.3502285
vt 0.4153717 0.3581727
vt 0.3862565 0.3985662
vt 0.3770397 0.4016813
vt 0.3834185 0.3826573
vt 0.3665385 0.4080753
vt 0.3730638 0.3852395
vt 0.3948896 0.3655842
vt 0.3854907 0.3624123
vt 0.4091153 0.3527514
vt 0.402718 0.3466802
vt 0.4400561 0.3378399
vt 0.4557844 0.3347793
vt 0.4588942 0.3437929
vt 0.4728755 0.3418819
vt 0.4864029 0.3406794
vt 0.4853326 0.330907
vt 0.4707955 0.3324604
vt 0.4843426 0.319437
vt 0.4687496 0.3215874
vt 0.4527142 0.3246025
vt 0.4835277 0.3051051
vt 0.4668902 0.308619
vt 0.4497002 0.313059
vt 0.4357639 0.3282683
vt 0.4233341 0.3418043
vt 0.4191279 0.3356088
vt 0.4315089 0.3175421
vt 0.4150321 0.327239
vt 0.3963195 0.3397492
vt 0.3720408 0.3612441
vt 0.3590054 0.3908639
vt 0.3533 0.4173935
vt 0.3408157 0.4027173
vt 0.3479476 0.3755883
vt 0.394757 0.3272693
vt 0.3742412 0.3406409
vt 0.3532503 0.3526879
vt 0.4290311 0.3068042
vt 0.4472749 0.3011129
vt 0.4650109 0.2949893
vt 0.4824945 0.2903447
vt 0.3259492 0.3897605
vt 0.3207705 0.4176274
vt 0.3322497 0.3642913
vt 0.3033695 0.4047833
vt 0.2990325 0.433947
vt 0.2800069 0.4211863
vt 0.2777033 0.4516492
vt 0.2838772 0.3924966
vt 0.3091756 0.3771732
vt 0.3175915 0.4456506
vt 0.3371522 0.4302101
vt 0.3373908 0.4574315
vt 0.3513082 0.4414374
vt 0.3646982 0.4298488
vt 0.3555006 0.4665994
vt 0.366729 0.4507304
vt 0.3752622 0.4202099
vt 0.3754768 0.4374082
vt 0.3717182 0.4715263
vt 0.3805223 0.4555523
vt 0.3774216 0.490539
vt 0.3862578 0.4728827
vt 0.3839868 0.5076432
vt 0.3929055 0.4897439
vt 0.3918737 0.5236313
vt 0.4003605 0.5058658
vt 0.4002604 0.5377638
vt 0.4084926 0.5204705
vt 0.419181 0.5357407
vt 0.41631 0.5064301
vt 0.423906 0.5183847
vt 0.4269744 0.5351773
vt 0.429415 0.524639
vt 0.4337642 0.5296393
vt 0.4378094 0.5224979
vt 0.4341674 0.5155635
vt 0.4412247 0.5086601
vt 0.4297962 0.5077781
vt 0.4387607 0.5003455
vt 0.4511341 0.5041171
vt 0.4509249 0.495799
vt 0.4629925 0.5020863
vt 0.4634608 0.4946741
vt 0.4739379 0.5003852
vt 0.4744259 0.4945601
vt 0.4843457 0.4961993
vt 0.4834673 0.5028092
vt 0.4913079 0.4956379
vt 0.4914787 0.5026395
vt 0.492928 0.5100367
vt 0.4944981 0.5169971
vt 0.4894691 0.5173573
vt 0.488023 0.5107471
vt 0.473214 0.5046858
vt 0.4803929 0.5069341
vt 0.4845202 0.5116771
vt 0.4873026 0.5175121
vt 0.4894815 0.5234433
vt 0.4872745 0.523124
vt 0.4875199 0.5295862
vt 0.4853361 0.5280002
vt 0.4808842 0.5326679
vt 0.4801961 0.5313495
vt 0.4748223 0.5336486
vt 0.4749838 0.5322535
vt 0.4692828 0.5324106
vt 0.4698965 0.5310584
vt 0.4642245 0.529136
vt 0.4654594 0.5279693
vt 0.4604284 0.5243031
vt 0.4622988 0.5232309
vt 0.4583763 0.5180522
vt 0.4608781 0.5176666
vt 0.4583913 0.5106286
vt 0.4621019 0.5110454
vt 0.4662486 0.5057085
vt 0.451508 0.5124446
vt 0.4439756 0.5164609
vt 0.4533513 0.5201718
vt 0.4569023 0.5267715
vt 0.4618427 0.5318949
vt 0.4477767 0.5240803
vt 0.4527239 0.5308897
vt 0.4586935 0.5362273
vt 0.468129 0.5356545
vt 0.4746896 0.537176
vt 0.4807154 0.5365644
vt 0.4878402 0.5358396
vt 0.4942177 0.5291251
vt 0.4945814 0.5230672
vt 0.4942036 0.5356733
vt 0.4872595 0.5422718
vt 0.4938921 0.5424789
vt 0.4801854 0.5421705
vt 0.4742904 0.5425271
vt 0.473017 0.5484228
vt 0.4788142 0.5488678
vt 0.4694287 0.5541928
vt 0.4753053 0.5556523
vt 0.4686159 0.5625152
vt 0.4656475 0.5588896
vt 0.4583424 0.5583413
vt 0.4588473 0.5651095
vt 0.4609578 0.5521788
vt 0.464288 0.5460526
vt 0.4666983 0.5404904
vt 0.4554855 0.5418187
vt 0.4486293 0.5362921
vt 0.4425551 0.5296286
vt 0.4524021 0.5481279
vt 0.4385123 0.5359797
vt 0.4448539 0.5426353
vt 0.4353699 0.5420332
vt 0.4315393 0.5355582
vt 0.4309189 0.5466033
vt 0.4416575 0.5491829
vt 0.4496797 0.5549542
vt 0.4476257 0.5623523
vt 0.4383704 0.5561194
vt 0.4254349 0.5530418
vt 0.4345164 0.5648469
vt 0.4453371 0.5714245
vt 0.4594562 0.5736165
vt 0.4747892 0.5694057
vt 0.4820901 0.5579442
vt 0.485643 0.5494547
vt 0.4931379 0.550351
vt 0.4914458 0.5597437
vt 0.4571878 0.586623
vt 0.4724225 0.5854903
vt 0.4549851 0.5966215
vt 0.4702681 0.5988925
vt 0.4501246 0.6135032
vt 0.4668203 0.6157355
vt 0.4448558 0.63178
vt 0.4648949 0.6323223
vt 0.4242488 0.6327262
vt 0.4154935 0.6269881
vt 0.4051375 0.6219834
vt 0.3916448 0.6282665
vt 0.3941434 0.6176368
vt 0.3818969 0.613696
vt 0.3686456 0.6090876
vt 0.3541145 0.6048736
vt 0.3383197 0.6029798
vt 0.3229076 0.6084588
vt 0.3186688 0.5835051
vt 0.3036407 0.6021134
vt 0.2925279 0.6239933
vt 0.3705657 0.5907365
vt 0.3543664 0.579191
vt 0.3369237 0.5668876
vt 0.3748936 0.56618
vt 0.3844756 0.5975352
vt 0.3971775 0.6046371
vt 0.4089144 0.6105623
vt 0.4196164 0.6168119
vt 0.4310076 0.6232761
vt 0.4355786 0.6090744
vt 0.4396655 0.5937909
vt 0.4415632 0.5830222
vt 0.4241322 0.6032798
vt 0.4268491 0.5891826
vt 0.4300182 0.5757175
vt 0.4129604 0.5955999
vt 0.4158698 0.5808842
vt 0.4201319 0.5656378
vt 0.4100941 0.5518243
vt 0.4004163 0.5875962
vt 0.404501 0.5696934
vt 0.3877181 0.5781348
vt 0.3927199 0.556936
vt 0.3829173 0.5436982
vt 0.3611777 0.5507324
vt 0.3739976 0.5281342
vt 0.3530062 0.5343875
vt 0.3665084 0.5105354
vt 0.3465111 0.5107517
vt 0.3298204 0.5344439
vt 0.3105157 0.5556145
vt 0.3604538 0.4897421
vt 0.2939008 0.5796013
vt 0.2803096 0.6081394
vt 0.2756512 0.6421902
vt 0.341365 0.484924
vt 0.3243012 0.5055246
vt 0.3201529 0.4760952
vt 0.299688 0.4962336
vt 0.3043466 0.5273484
vt 0.2973999 0.4642929
vt 0.2826143 0.5523039
vt 0.2787744 0.5178794
vt 0.2765353 0.4835649
vt 0.2609844 0.5861027
vt 0.2577909 0.6361898
vt 0.2648848 0.6771044
vt 0.2784804 0.6735517
vt 0.2563418 0.5387885
vt 0.2548375 0.500689
vt 0.2562505 0.4675354
vt 0.2582533 0.439886
vt 0.2565431 0.4147336
vt 0.2493219 0.6816733
vt 0.2372304 0.6383474
vt 0.2311523 0.6866708
vt 0.2169301 0.6424836
vt 0.2306771 0.5120906
vt 0.2318034 0.5510654
vt 0.2340602 0.4779451
vt 0.2395784 0.4536572
vt 0.2287364 0.4434568
vt 0.2116522 0.4798415
vt 0.2054704 0.5188992
vt 0.2905552 0.3621286
vt 0.3175741 0.3493473
vt 0.3401825 0.339573
vt 0.3600736 0.3312638
vt 0.3784988 0.3227586
vt 0.3959467 0.3135997
vt 0.4115242 0.3056027
vt 0.412868 0.3165826
vt 0.4258755 0.296333
vt 0.4438066 0.2893601
vt 0.462326 0.2819731
vt 0.4810181 0.2758863
vt 0.4110295 0.2977821
vt 0.4380634 0.2795624
vt 0.4208264 0.2881989
vt 0.4578072 0.2701292
vt 0.4785676 0.2623462
vt 0.4017886 0.3006621
vt 0.3881293 0.3044772
vt 0.3718642 0.3095292
vt 0.3536753 0.3136959
vt 0.3320218 0.3189075
vt 0.304819 0.3266484
vt 0.2549331 0.3823099
vt 0.2123204 0.4254881
vt 0.1865306 0.479312
vt 0.1737465 0.527887
vt 0.1851855 0.566282
vt 0.2078531 0.5588134
vt 0.1562667 0.5142506
vt 0.1662852 0.4772168
vt 0.1473983 0.4802585
vt 0.140661 0.5140219
vt 0.1160226 0.5317311
vt 0.121261 0.5015574
vt 0.1037914 0.5411559
vt 0.1071463 0.5457573
vt 0.1195217 0.5386933
vt 0.1127816 0.5549514
vt 0.1075254 0.5806182
vt 0.1057466 0.579281
vt 0.1064011 0.6073152
vt 0.1041809 0.609883
vt 0.1111149 0.6319692
vt 0.1079224 0.6361729
vt 0.119725 0.6473625
vt 0.1181084 0.6546203
vt 0.1314778 0.6554371
vt 0.1326784 0.6632735
vt 0.1424051 0.655852
vt 0.1449265 0.6616542
vt 0.1537522 0.6531376
vt 0.1564587 0.6589454
vt 0.164018 0.6450239
vt 0.1688242 0.654624
vt 0.09689587 0.5815454
vt 0.09693938 0.6198897
vt 0.102694 0.6556544
vt 0.1161329 0.688965
vt 0.1421205 0.725931
vt 0.1595394 0.7205337
vt 0.1676831 0.7114837
vt 0.1607669 0.6351631
vt 0.1522697 0.6462003
vt 0.1588075 0.629283
vt 0.1517346 0.6406615
vt 0.1512444 0.6358896
vt 0.1437727 0.6443049
vt 0.1438342 0.6401986
vt 0.1485027 0.6326165
vt 0.1435606 0.6367406
vt 0.1379651 0.6373885
vt 0.1374288 0.6403519
vt 0.1368487 0.6442181
vt 0.1549978 0.6227268
vt 0.1508144 0.6222388
vt 0.1449456 0.6283357
vt 0.1385805 0.6327742
vt 0.1416643 0.6507977
vt 0.1332661 0.6359231
vt 0.1321731 0.6488359
vt 0.1299992 0.6339203
vt 0.1324421 0.6383239
vt 0.1289414 0.636196
vt 0.13164 0.6424539
vt 0.1279111 0.6399617
vt 0.1274198 0.6309868
vt 0.1256483 0.6337993
vt 0.1237628 0.6381826
vt 0.1301637 0.6273659
vt 0.1224694 0.6422172
vt 0.1250307 0.6266882
vt 0.1218759 0.6194215
vt 0.1208943 0.6252363
vt 0.118772 0.6189879
vt 0.1179635 0.6296555
vt 0.1207791 0.6340194
vt 0.1228634 0.6294381
vt 0.1154354 0.6228193
vt 0.1211819 0.606673
vt 0.1187258 0.6112474
vt 0.1152856 0.6138253
vt 0.1185167 0.6056947
vt 0.1147922 0.6076231
vt 0.1246547 0.6176493
vt 0.1144392 0.6291824
vt 0.1242751 0.605953
vt 0.1104669 0.6104961
vt 0.1279427 0.6143575
vt 0.1317422 0.6233341
vt 0.1380041 0.6258627
vt 0.134116 0.61816
vt 0.1380331 0.6205943
vt 0.1308824 0.6106135
vt 0.130073 0.6018155
vt 0.1268659 0.6035778
vt 0.1418661 0.6235447
vt 0.1407298 0.620851
vt 0.1464993 0.6206014
vt 0.1525422 0.6126405
vt 0.1574589 0.6107357
vt 0.1474199 0.6128146
vt 0.1435776 0.6188625
vt 0.1411666 0.6174967
vt 0.1413389 0.6131597
vt 0.1436107 0.6130908
vt 0.1403351 0.6092308
vt 0.1435505 0.6075807
vt 0.1478043 0.6052702
vt 0.1421793 0.6025863
vt 0.1459248 0.5989197
vt 0.1501737 0.5935122
vt 0.1526846 0.6019711
vt 0.1388724 0.6164274
vt 0.1362706 0.6134666
vt 0.1341248 0.6090764
vt 0.1334419 0.601567
vt 0.1394228 0.6134496
vt 0.1382841 0.6106162
vt 0.1367974 0.6068852
vt 0.1369465 0.6027434
vt 0.1389733 0.6052259
vt 0.1395178 0.5979639
vt 0.142917 0.593213
vt 0.1350431 0.5946344
vt 0.1385484 0.5882869
vt 0.1464344 0.5872878
vt 0.142401 0.5820692
vt 0.1390441 0.5779698
vt 0.1341844 0.5847189
vt 0.1308451 0.5829846
vt 0.1355085 0.5748649
vt 0.1322953 0.5729567
vt 0.1278572 0.5829527
vt 0.1279057 0.569581
vt 0.1234559 0.5831333
vt 0.1197148 0.5838698
vt 0.1241241 0.5673741
vt 0.1154199 0.5837577
vt 0.1196867 0.5643802
vt 0.1333406 0.5602107
vt 0.1280372 0.5573526
vt 0.1245055 0.5533724
vt 0.1162257 0.5603771
vt 0.111089 0.5823779
vt 0.1380033 0.5653335
vt 0.1208424 0.5482177
vt 0.1419353 0.5688854
vt 0.1462541 0.5744654
vt 0.1476645 0.5788455
vt 0.1533422 0.5783018
vt 0.1533917 0.5747277
vt 0.1500432 0.5835446
vt 0.1540719 0.5835421
vt 0.1526053 0.5889424
vt 0.1541701 0.5930555
vt 0.1565882 0.5983384
vt 0.1554968 0.6045507
vt 0.1596086 0.6003464
vt 0.1643903 0.6010413
vt 0.1623957 0.6155723
vt 0.1682566 0.6009849
vt 0.1667427 0.6215761
vt 0.1570586 0.5911767
vt 0.1550842 0.5890488
vt 0.159444 0.5910628
vt 0.1566084 0.5874676
vt 0.1553918 0.5864723
vt 0.1569837 0.5855228
vt 0.1731798 0.6289276
vt 0.1778961 0.6013797
vt 0.1605149 0.5863877
vt 0.1625068 0.5794593
vt 0.1566799 0.5816799
vt 0.1478765 0.5653998
vt 0.1535568 0.5607431
vt 0.1695226 0.5739348
vt 0.1592954 0.5506795
vt 0.139974 0.5483012
vt 0.1441457 0.5398673
vt 0.1316723 0.5441003
vt 0.132924 0.5356529
vt 0.1430518 0.5603092
vt 0.1144379 0.6004713
vt 0.1182127 0.5972501
vt 0.1213549 0.5956358
vt 0.1249543 0.5939876
vt 0.1274723 0.5930116
vt 0.1308118 0.593072
vt 0.658627 0.4849414
vt 0.6625982 0.4574572
vt 0.6628073 0.4302908
vt 0.6756909 0.5055429
vt 0.6798362 0.4761233
vt 0.6823915 0.4456951
vt 0.7003037 0.4962581
vt 0.7025862 0.4643317
vt 0.7212182 0.517902
vt 0.7234537 0.4836005
vt 0.7436515 0.5388107
vt 0.7390085 0.5861157
vt 0.7421999 0.6362016
vt 0.7351044 0.6771156
vt 0.7215086 0.6735622
vt 0.745155 0.5007207
vt 0.7437385 0.4675769
vt 0.7506666 0.681685
vt 0.7627606 0.63836
vt 0.768836 0.6866833
vt 0.7830604 0.6424969
vt 0.7693177 0.512114
vt 0.7681906 0.551084
vt 0.7659339 0.4779719
vt 0.7604125 0.453694
vt 0.7945248 0.5189172
vt 0.8148082 0.5662978
vt 0.7921409 0.5588298
vt 0.8090118 0.6447316
vt 0.7870641 0.6925146
vt 0.8045104 0.6981577
vt 0.8268114 0.6289428
vt 0.822096 0.6013949
vt 0.8097703 0.6019971
vt 0.818239 0.7041796
vt 0.7807004 0.739116
vt 0.7928455 0.7481267
vt 0.8323041 0.7114993
vt 0.8404483 0.7205492
vt 0.7669851 0.7308218
vt 0.752709 0.7232463
vt 0.7384393 0.7161286
vt 0.7223786 0.7065333
vt 0.7100416 0.7000299
vt 0.7363493 0.7523009
vt 0.8459866 0.586017
vt 0.8222591 0.791548
vt 0.8401113 0.8098158
vt 0.8059229 0.7784603
vt 0.521864 0.5102463
vt 0.5270918 0.5084623
vt 0.5186689 0.5137584
vt 0.5317599 0.5094329
vt 0.516064 0.5184648
vt 0.5340257 0.5129075
vt 0.5158852 0.5225728
vt 0.5170134 0.5257196
vt 0.5208188 0.5284036
vt 0.5249981 0.5291948
vt 0.529031 0.5280504
vt 0.5320533 0.5245008
vt 0.53398 0.52087
vt 0.535023 0.5175413
vt 0.5285933 0.5189166
vt 0.5305179 0.5139171
vt 0.5301997 0.5128888
vt 0.5256927 0.5157735
vt 0.5200558 0.5195029
vt 0.5220329 0.5240836
vt 0.5254781 0.5235652
vt 0.6563504 0.6619008
vt 0.1282332 0.00458066
vt 0.1278173 0.009278174
vt 0.1348751 0.01345415
vt 0.1343196 0.005001874
vt 0.1232605 0.002569618
vt 0.1244173 0.007880002
vt 0.1387167 0.01262451
vt 0.1398752 0.005643466
vt 0.1200853 0.00376869
vt 0.1217179 0.008691151
vt 0.1457895 0.01089928
vt 0.1457145 0.005599264
vt 0.116618 0.006826557
vt 0.1183701 0.01127985
vt 0.1119925 0.01008348
vt 0.1138726 0.01500968
vt 0.1343911 0.01676053
vt 0.1275447 0.01394952
vt 0.1255031 0.01361201
vt 0.1236718 0.01449801
vt 0.1442496 0.01620967
vt 0.1389302 0.01760652
vt 0.1213721 0.01575379
vt 0.1178913 0.01833277
vt 0.1236222 0.01759679
vt 0.1204546 0.02243545
vt 0.1264755 0.01780785
vt 0.1239121 0.02380093
vt 0.1254995 0.01512878
vt 0.6754129 0.2517276
vt 0.7167128 0.2561327
vt 0.6901559 0.2148779
vt 0.6688651 0.1746846
vt 0.649421 0.1361635
vt 0.6230234 0.1006746
vt 0.6406361 0.2122144
vt 0.6208259 0.174447
vt 0.6120307 0.1369944
vt 0.5609998 0.1006746
vt 0.500008 0.1006746
vt 0.4417646 0.1383604
vt 0.4366347 0.1748264
vt 0.4253287 0.2119619
vt 0.4636264 0.2144119
vt 0.4269771 0.2320409
vt 0.3868099 0.258454
vt 0.3656946 0.2509789
vt 0.3274184 0.2877072
vt 0.3540979 0.2877053
vt 0.4641032 0.2238368
vt 0.2943304 0.2943413
vt 0.27095 0.3391218
vt 0.2351711 0.3580287
vt 0.2581015 0.3032682
vt 0.2260287 0.3138845
vt 0.2058309 0.3685212
vt 0.1779561 0.3764732
vt 0.1940836 0.3225798
vt 0.1499881 0.3842344
vt 0.1631283 0.3300114
vt 0.24608 0.2640055
vt 0.2098024 0.2712181
vt 0.1758248 0.2780175
vt 0.2661176 0.2188111
vt 0.2251768 0.2237815
vt 0.1874078 0.2288598
vt 0.2840931 0.1773896
vt 0.2386596 0.1798038
vt 0.3016106 0.1380427
vt 0.2518556 0.1383145
vt 0.1968292 0.1831553
vt 0.2050915 0.1399413
vt 0.3183559 0.1006661
vt 0.2625096 0.1006635
vt 0.2085919 0.1006609
vt 0.1340491 0.336553
vt 0.1236584 0.3893268
vt 0.09838928 0.3936171
vt 0.09053643 0.4456548
vt 0.06812096 0.4499772
vt 0.06184082 0.5031117
vt 0.08264345 0.4971109
vt 0.05746156 0.5570021
vt 0.07497255 0.5473738
vt 0.05565131 0.6107994
vt 0.06755328 0.5972417
vt 0.05857381 0.6672465
vt 0.0724403 0.6495063
vt 0.06467131 0.7251332
vt 0.08033079 0.7004317
vt 0.0961059 0.7474032
vt 0.1072512 0.7199801
vt 0.1321766 0.7623215
vt 0.1181262 0.7915903
vt 0.09283602 0.677353
vt 0.08021745 0.7759054
vt 0.05933326 0.8068839
vt 0.1006931 0.8242689
vt 0.07796365 0.8627126
vt 0.04775989 0.7465979
vt 0.03259322 0.8423178
vt 0.04615641 0.9156524
vt 0.000749588 0.9024525
vt 0.000749588 0.9993255
vt 0.02536836 0.7706186
vt 0.08533654 0.6333444
vt 0.04168826 0.6840981
vt 0.02200803 0.6993467
vt 0.0839664 0.5881502
vt 0.03937569 0.6228491
vt 0.02065197 0.632284
vt 0.0928122 0.5423979
vt 0.0397099 0.5650516
vt 0.02066854 0.5703963
vt 0.1041238 0.4936234
vt 0.04157637 0.5086325
vt 0.02168158 0.5123442
vt 0.11399 0.4414323
vt 0.1366008 0.439341
vt 0.1610025 0.4344702
vt 0.1852899 0.4296812
vt 0.04533793 0.455657
vt 0.02316595 0.4592184
vt 0.04936408 0.4035253
vt 0.02516374 0.4076615
vt 0.07371774 0.3975074
vt 0.1067595 0.3417933
vt 0.07972067 0.3467639
vt 0.05343549 0.3520775
vt 0.02729321 0.3564036
vt 0.1145858 0.290485
vt 0.08585809 0.2965816
vt 0.05762366 0.3012138
vt 0.02947782 0.3045921
vt 0.1441858 0.2840383
vt 0.153184 0.233784
vt 0.159923 0.1867588
vt 0.1640723 0.1406576
vt 0.1634242 0.1006588
vt 0.1215174 0.2393104
vt 0.09153314 0.2464226
vt 0.06220761 0.2506898
vt 0.03226383 0.2521602
vt 0.1268161 0.1903156
vt 0.09670048 0.1933367
vt 0.06716473 0.1990479
vt 0.03605979 0.2005427
vt 0.129914 0.1406371
vt 0.1005805 0.1420358
vt 0.07258444 0.1472199
vt 0.04200774 0.1499301
vt 0.1291697 0.1006572
vt 0.1016897 0.1006558
vt 0.07600647 0.1006547
vt 0.0498333 0.1006534
vt 0.000749588 0.1996576
vt 0.000749588 0.2540871
vt 0.000749588 0.3099971
vt 0.000749588 0.3622941
vt 0.000749588 0.4114926
vt 0.000749588 0.4608659
vt 0.000749588 0.5129902
vt 0.000749588 0.5708758
vt 0.000749588 0.6368534
vt 0.000749588 0.7112758
vt 0.000749588 0.7990304
vt 0.9992505 0.1595757
vt 0.9992505 0.1006746
vt 0.7670387 0.5920176
vt 0.7899175 0.5972169
vt 0.01987657 0.067755
vt 0.02234656 0.0658325
vt 0.02340782 0.06410377
vt 0.02717835 0.06125076
vt 0.02366486 0.06320244
vt 0.02170148 0.06402491
vt 0.02173191 0.06427999
vt 0.02083942 0.06530257
vt 0.018536 0.06738489
vt 0.01555088 0.07011314
vt 0.01168358 0.01773477
vt 0.3223275 0.6623529
vt 0.322993 0.6633992
vt 0.3278829 0.664606
vt 0.3342093 0.6657081
vt 0.3449227 0.6670949
vt 0.3559386 0.6679175
vt 0.3674305 0.669257
vt 0.3785672 0.6691281
vt 0.386683 0.6682955
vt 0.3935375 0.6666597
vt 0.3992724 0.6650444
vt 0.4025881 0.6620814
vt 0.4075356 0.6584994
vt 0.4088983 0.6559703
vt 0.4082891 0.6546758
vt 0.4068127 0.6541097
vt 0.4032598 0.6546608
vt 0.3953502 0.6584193
vt 0.3859631 0.656673
vt 0.3776116 0.6561558
vt 0.3671832 0.6556322
vt 0.3561145 0.6560369
vt 0.3452703 0.6567752
vt 0.3342959 0.6578317
vt 0.3277536 0.6589374
vt 0.3232618 0.6606852
vt 0.3552392 0.661894
vt 0.3667553 0.6618945
vt 0.3777878 0.661895
vt 0.3853124 0.6618953
vt 0.3917212 0.6618956
vt 0.3268285 0.6618926
vt 0.3318126 0.6618928
vt 0.3242586 0.6618925
vt 0.3228713 0.662379
vt 0.3242604 0.6628115
vt 0.3268285 0.6628116
vt 0.3318126 0.6628119
vt 0.3436395 0.6628125
vt 0.3552392 0.6628131
vt 0.3667553 0.6628135
vt 0.3777877 0.662814
vt 0.3853124 0.6628144
vt 0.3917212 0.6628147
vt 0.3972603 0.662815
vt 0.3982342 0.662354
vt 0.3972604 0.6618959
vt 0.399448 0.6601127
vt 0.4052158 0.6567254
vt 0.4836225 0.4304982
vt 0.4747549 0.4273707
vt 0.4833041 0.4415609
vt 0.4819277 0.4518547
vt 0.4732195 0.4380837
vt 0.4714851 0.4485706
vt 0.4651157 0.4235829
vt 0.4629199 0.434617
vt 0.4601927 0.4446204
vt 0.4548894 0.4204217
vt 0.4512604 0.4296508
vt 0.4474463 0.4387069
vt 0.4438683 0.4172213
vt 0.4393222 0.4247364
vt 0.4353429 0.4312227
vt 0.4345271 0.4132568
vt 0.4293449 0.4181997
vt 0.4254106 0.4227695
vt 0.4287763 0.4085715
vt 0.4247146 0.4114118
vt 0.4207366 0.4148132
vt 0.4264558 0.4054771
vt 0.4227232 0.4070449
vt 0.4183234 0.4092532
vt 0.4258373 0.4040734
vt 0.4221982 0.4045823
vt 0.4175342 0.4052696
vt 0.4152508 0.4189464
vt 0.4204801 0.4279612
vt 0.4302021 0.4375578
vt 0.4437017 0.4462059
vt 0.4578888 0.4514442
vt 0.470099 0.4549437
vt 0.4810321 0.4575279
vt 0.4777306 0.471324
vt 0.4872351 0.4735839
vt 0.4662617 0.4694678
vt 0.4522785 0.4673582
vt 0.4336957 0.4650856
vt 0.4215047 0.4496392
vt 0.412166 0.4360699
vt 0.4072407 0.4246468
vt 0.4045845 0.4155329
vt 0.4123827 0.4118671
vt 0.4115037 0.4063722
vt 0.4036412 0.4078257
vt 0.4640847 0.4831597
vt 0.4754746 0.4842249
vt 0.4855832 0.4864592
vt 0.4510382 0.4834631
vt 0.4368561 0.4864674
vt 0.4243799 0.4948999
vt 0.4192868 0.477999
vt 0.4110377 0.4615729
vt 0.4030278 0.4458052
vt 0.397774 0.4318772
vt 0.3951262 0.4203874
vt 0.3941688 0.4097518
vt 0.3839127 0.4132237
vt 0.3848903 0.4272612
vt 0.387705 0.4415996
vt 0.3939874 0.4573402
vt 0.4012476 0.474019
vt 0.4089984 0.4909233
vt 0.4866813 0.5849364
vt 0.4884796 0.5713648
vt 0.4753781 0.7930186
vt 0.4737622 0.8243064
vt 0.4474726 0.8221403
vt 0.4211472 0.8185611
vt 0.3952253 0.8133876
vt 0.3700351 0.8062744
vt 0.3450847 0.796526
vt 0.3205078 0.7839051
vt 0.29702 0.7669656
vt 0.2753295 0.7435573
vt 0.3072155 0.8013707
vt 0.2813478 0.7825979
vt 0.3334735 0.8178495
vt 0.3608359 0.8304896
vt 0.3884393 0.8400238
vt 0.4162858 0.8469427
vt 0.2722202 0.7919124
vt 0.2947966 0.817007
vt 0.3212645 0.8370705
vt 0.3503639 0.852663
vt 0.3808931 0.8639485
vt 0.4110849 0.8724225
vt 0.4441405 0.8518949
vt 0.472006 0.8546615
vt 0.4406852 0.8783312
vt 0.4705881 0.8818105
vt 0.3407567 0.87156
vt 0.3728679 0.884926
vt 0.4372697 0.9013575
vt 0.4051306 0.8946378
vt 0.4687001 0.905946
vt 0.332154 0.8871111
vt 0.3010382 0.868386
vt 0.3095094 0.8543591
vt 0.283167 0.8313673
vt 0.2611843 0.8032345
vt 0.2517643 0.7610837
vt 0.2396282 0.7706704
vt 0.2505867 0.8146832
vt 0.2239516 0.7743848
vt 0.2511182 0.8338608
vt 0.2086104 0.7697728
vt 0.2738743 0.8448771
vt 0.3025719 0.8835757
vt 0.3660226 0.9020165
vt 0.3980849 0.9126941
vt 0.4334574 0.9219672
vt 0.4651474 0.9263788
vt 0.3702554 0.9184101
vt 0.4415764 0.9413834
vt 0.2758428 0.8832026
vt 0.335644 0.9240111
vt 0.4073567 0.9598014
vt 0.2439389 0.886152
vt 0.2098422 0.8419272
vt 0.2323723 0.8365907
vt 0.2861194 0.9259277
vt 0.334915 0.9629472
vt 0.3717092 0.9993255
vt 0.1859375 0.851033
vt 0.1598782 0.8098031
vt 0.1777289 0.7915353
vt 0.1431941 0.8315647
vt 0.1657881 0.8598172
vt 0.1675445 0.8953274
vt 0.1264937 0.8600917
vt 0.1407491 0.9256453
vt 0.1057743 0.8981389
vt 0.1224545 0.9600902
vt 0.08310607 0.9445393
vt 0.04962432 0.9993255
vt 0.1032872 0.9993255
vt 0.2083987 0.8907902
vt 0.2370364 0.929167
vt 0.264493 0.9648994
vt 0.277231 0.9993255
vt 0.1935218 0.9338693
vt 0.2069095 0.9667986
vt 0.2073611 0.9993255
vt 0.1650201 0.9427748
vt 0.1604775 0.9674077
vt 0.1497529 0.9993255
vt 0.1909785 0.6447171
vt 0.2129244 0.6925012
vt 0.1954778 0.6981437
vt 0.1902221 0.6019825
vt 0.1817487 0.704165
vt 0.219286 0.7391031
vt 0.2071409 0.7481136
vt 0.2330014 0.7308095
vt 0.2472778 0.7232345
vt 0.2615478 0.7161174
vt 0.277609 0.7065229
vt 0.2899462 0.70002
vt 0.2636361 0.7522898
vt 0.1540065 0.5860009
vt 0.4133504 0.2864996
vt 0.430619 0.2725819
vt 0.4524159 0.2616766
vt 0.4756248 0.2525057
vt 0.4725419 0.2448332
vt 0.4694468 0.2382696
vt 0.446399 0.2548161
vt 0.4398063 0.2487454
vt 0.4216477 0.2675522
vt 0.4128385 0.2668596
vt 0.3897747 0.2876932
vt 0.4026425 0.2865011
vt 0.46671 0.2313824
vt 0.4328611 0.2420286
vt 0.4013024 0.2636333
vt 0.3742615 0.2882862
vt 0.2100752 0.5972028
vt 0.2329541 0.5920039
vt 0.4729048 0.5084611
vt 0.4781323 0.5102453
vt 0.4813281 0.5137575
vt 0.4682373 0.5094314
vt 0.4839323 0.518464
vt 0.4659709 0.5129059
vt 0.4841105 0.522572
vt 0.4829821 0.5257189
vt 0.479177 0.5284026
vt 0.4749977 0.5291936
vt 0.4709647 0.528049
vt 0.4679427 0.5244994
vt 0.4660162 0.5208684
vt 0.4649733 0.5175396
vt 0.471403 0.5189152
vt 0.4694788 0.5139157
vt 0.4697965 0.5128874
vt 0.4743037 0.5157723
vt 0.47994 0.5195019
vt 0.4779631 0.5240826
vt 0.4745179 0.523564
vt 0.3436395 0.6618934
vt 0.1282332 0.00458066
vt 0.1343196 0.005001874
vt 0.1348751 0.01345415
vt 0.1278173 0.009278174
vt 0.1232605 0.002569618
vt 0.1244173 0.007880002
vt 0.1387167 0.01262451
vt 0.1398752 0.005643466
vt 0.1200853 0.00376869
vt 0.1217179 0.008691151
vt 0.1457895 0.01089928
vt 0.1457145 0.005599264
vt 0.116618 0.006826557
vt 0.1183701 0.01127985
vt 0.1119925 0.01008348
vt 0.1138726 0.01500968
vt 0.1343911 0.01676053
vt 0.1275447 0.01394952
vt 0.1255031 0.01361201
vt 0.1236718 0.01449801
vt 0.1442496 0.01620967
vt 0.1389302 0.01760652
vt 0.1213721 0.01575379
vt 0.1178913 0.01833277
vt 0.1236222 0.01759679
vt 0.1204546 0.02243545
vt 0.1264755 0.01780785
vt 0.1239121 0.02380093
vt 0.1254995 0.01512878
vt 0.3246667 0.2517656
vt 0.2832959 0.2561225
vt 0.3098545 0.2148689
vt 0.3311471 0.1746766
vt 0.3505933 0.1361565
vt 0.3769925 0.1006688
vt 0.3593744 0.2122068
vt 0.3791866 0.1744413
vt 0.3879836 0.1369891
vt 0.4390167 0.1006717
vt 0.000749588 0.1595522
vt 0.0007655919 0.1006511
vt 0.1940641 0.7784476
vt 0.8619542 0.07629824
vt 0.8561361 0.08278558
vt 0.8639882 0.08554251
vt 0.8686808 0.0777599
vt 0.8513231 0.08059727
vt 0.8594447 0.07241111
vt 0.8817658 0.07973737
vt 0.8801413 0.09005705
vt 0.908405 0.08134747
vt 0.9072549 0.09498821
vt 0.9361705 0.08322331
vt 0.9353846 0.09783141
vt 0.9578757 0.08393071
vt 0.9589774 0.09801843
vt 0.9743842 0.08269793
vt 0.9766116 0.09639845
vt 0.9922808 0.07973027
vt 0.995023 0.09332647
vt 0.8697551 0.06781921
vt 0.8837088 0.06624234
vt 0.9087349 0.06568156
vt 0.9394573 0.06821807
vt 0.9582897 0.07092313
vt 0.9743456 0.07071124
vt 0.9899664 0.06829076
vt 0.8671256 0.05994401
vt 0.8563793 0.06719761
vt 0.8472751 0.07737839
vt 0.8847755 0.05530106
vt 0.9102647 0.05397326
vt 0.9372097 0.0550596
vt 0.9572214 0.05708978
vt 0.9714213 0.05845817
vt 0.984644 0.05717095
vt 0.8594447 0.07241111
vt 0.8619542 0.07629824
vt 0.8686808 0.0777599
vt 0.8817658 0.07973737
vt 0.908405 0.08134747
vt 0.9361705 0.08322331
vt 0.9578757 0.08393071
vt 0.9743842 0.08269793
vt 0.9922808 0.07973027
vt 0.8697551 0.06781921
vt 0.8837088 0.06624234
vt 0.9087349 0.06568156
vt 0.9394573 0.06821807
vt 0.9582897 0.07092313
vt 0.9743456 0.07071124
vt 0.9899664 0.06829076
vt 0.8563793 0.06719761
vt 0.8671256 0.05994401
vt 0.8847755 0.05530106
vt 0.9102647 0.05397326
vt 0.9372097 0.0550596
vt 0.9572214 0.05708978
vt 0.9714213 0.05845817
vt 0.984644 0.05717095
vt 0.8771047 0.01844363
vt 0.8852081 0.01611257
vt 0.8822657 0.002243824
vt 0.8716592 0.004225248
vt 0.8852713 0.02951536
vt 0.8904052 0.02542832
vt 0.9003227 0.0395296
vt 0.9031846 0.02996067
vt 0.9259077 0.03493678
vt 0.9240821 0.04870974
vt 0.9522361 0.05394893
vt 0.9504802 0.0392223
vt 0.9733677 0.0527306
vt 0.9676039 0.03993279
vt 0.8980864 0.001509588
vt 0.9000767 0.01691981
vt 0.9232209 0.001798223
vt 0.9240994 0.01906968
vt 0.94754 0.001380145
vt 0.9471064 0.02205757
vt 0.9617717 0.024948
vt 0.9704388 0.02000289
vt 0.979201 0.03166099
vt 0.9872245 0.04639703
vt 0.9983644 0.03715519
vt 0.9000767 0.01691981
vt 0.8852081 0.01611257
vt 0.8771047 0.01844363
vt 0.8852713 0.02951536
vt 0.8904052 0.02542832
vt 0.9003227 0.0395296
vt 0.9031846 0.02996067
vt 0.9259077 0.03493678
vt 0.9240821 0.04870974
vt 0.9522361 0.05394893
vt 0.9504802 0.0392223
vt 0.9733677 0.0527306
vt 0.9676039 0.03993279
vt 0.9240994 0.01906968
vt 0.9471064 0.02205757
vt 0.9617717 0.024948
vt 0.9704388 0.02000289
vt 0.979201 0.03166099
vt 0.9872245 0.04639703
vt 0.9983644 0.03715519
vt 0.4462003 0.06924784
vt 0.4467985 0.04163574
vt 0.4315881 0.04905193
vt 0.42992 0.07013997
vt 0.4133641 0.06572138
vt 0.4171844 0.0359461
vt 0.4586016 0.07317699
vt 0.460463 0.0504882
vt 0.4710758 0.07124593
vt 0.4725056 0.04483023
vt 0.486631 0.07392145
vt 0.486318 0.0514116
vt 0.4781032 0.09762416
vt 0.510873 0.09706546
vt 0.5007172 0.04315407
vt 0.4869595 0.03863045
vt 0.5006734 0.02713517
vt 0.5140159 0.05187175
vt 0.5249941 0.04669405
vt 0.5122042 0.03178996
vt 0.5242611 0.02863238
vt 0.5419995 0.0449904
vt 0.5409486 0.02749658
vt 0.5672037 0.04412129
vt 0.5658866 0.02495348
vt 0.5544397 0.09706546
vt 0.5974254 0.04563975
vt 0.5945627 0.02431015
vt 0.6041795 0.09405505
vt 0.6259341 0.04605635
vt 0.6217708 0.02655134
vt 0.4864518 0.02559691
vt 0.4731235 0.03527278
vt 0.4739127 0.02382219
vt 0.4605219 0.03780806
vt 0.4607439 0.0241113
vt 0.4481024 0.03187995
vt 0.4500763 0.02020822
vt 0.4329056 0.03436382
vt 0.4354312 0.01836897
vt 0.4187565 0.02532388
vt 0.4222245 0.01293857
vt 0.4493697 0.01714268
vt 0.4766665 0.02050681
vt 0.498192 0.01772649
vt 0.5269729 0.007948404
vt 0.5672472 0.003703406
vt 0.5931213 0.001444349
vt 0.6212847 0.003233584
vt 0.6305652 0.0254353
vt 0.6471818 0.03393155
vt 0.6851472 0.08708443
vt 0.6937125 0.02202837
vt 0.6563259 0.02338484
vt 0.6339578 0.005680813
vt 0.6458828 0.01202293
vt 0.6573036 0.01033743
vt 0.4452288 0.09466542
vt 0.4181326 0.0926901
vt 0.42992 0.07013997
vt 0.4315881 0.04905193
vt 0.4462003 0.06924784
vt 0.4467985 0.04163574
vt 0.4586016 0.07317699
vt 0.460463 0.0504882
vt 0.4710758 0.07124593
vt 0.4725056 0.04483023
vt 0.486631 0.07392145
vt 0.486318 0.0514116
vt 0.4781032 0.09762416
vt 0.510873 0.09706546
vt 0.5007172 0.04315407
vt 0.4869595 0.03863045
vt 0.5006734 0.02713517
vt 0.5140159 0.05187175
vt 0.5249941 0.04669405
vt 0.5122042 0.03178996
vt 0.5242611 0.02863238
vt 0.5419995 0.0449904
vt 0.5409486 0.02749658
vt 0.5672037 0.04412129
vt 0.5658866 0.02495348
vt 0.5544397 0.09706546
vt 0.5974254 0.04563975
vt 0.5945627 0.02431015
vt 0.6041795 0.09405505
vt 0.6259341 0.04605635
vt 0.6217708 0.02655134
vt 0.4864518 0.02559691
vt 0.6471818 0.03393155
vt 0.6851472 0.08708443
vt 0.6305652 0.0254353
vt 0.6937125 0.02202837
vt 0.6563259 0.02338484
vt 0.5672472 0.003703406
vt 0.5269729 0.007948404
vt 0.5931213 0.001444349
vt 0.6212847 0.003233584
vt 0.6339578 0.005680813
vt 0.6458828 0.01202293
vt 0.6573036 0.01033743
vt 0.4731235 0.03527278
vt 0.4739127 0.02382219
vt 0.4605219 0.03780806
vt 0.4607439 0.0241113
vt 0.4481024 0.03187995
vt 0.4500763 0.02020822
vt 0.4329056 0.03436382
vt 0.4354312 0.01836897
vt 0.4493697 0.01714268
vt 0.4766665 0.02050681
vt 0.498192 0.01772649
vt 0.1811392 0.02972888
vt 0.1687272 0.01910717
vt 0.1331578 0.02351266
vt 0.1338861 0.05531959
vt 0.1437484 0.08547448
vt 0.1757101 0.09625445
vt 0.2016991 0.04224594
vt 0.2168111 0.09731626
vt 0.1728399 0.008227526
vt 0.1854667 0.01316024
vt 0.234821 0.04969572
vt 0.2621923 0.05025482
vt 0.2815177 0.09520596
vt 0.2938974 0.04955094
vt 0.3097764 0.04709294
vt 0.3260459 0.09520996
vt 0.2022246 0.02566862
vt 0.2069528 0.02638735
vt 0.1999322 0.009982885
vt 0.2357072 0.02559036
vt 0.2623566 0.02880748
vt 0.289462 0.02936265
vt 0.3082637 0.02675243
vt 0.3217911 0.04885129
vt 0.3201178 0.02887671
vt 0.3331225 0.04599641
vt 0.3463241 0.05074583
vt 0.3515499 0.093446
vt 0.3597845 0.04498852
vt 0.3712922 0.04996007
vt 0.3767089 0.09365253
vt 0.3844974 0.0473317
vt 0.397505 0.04859297
vt 0.4065076 0.09317421
vt 0.4116335 0.04888644
vt 0.2351625 0.004249257
vt 0.2080273 0.007700402
vt 0.3313142 0.02443573
vt 0.3976376 0.03498103
vt 0.4116083 0.03637715
vt 0.3964328 0.02086092
vt 0.4101941 0.01858977
vt 0.3857602 0.0358544
vt 0.3856236 0.02091627
vt 0.3723349 0.0347387
vt 0.3702276 0.02167824
vt 0.3596003 0.03458182
vt 0.3591717 0.02015822
vt 0.345659 0.03647268
vt 0.3461939 0.02187184
vt 0.3819658 0.0195508
vt 0.3542609 0.01655155
vt 0.4096469 0.01548152
vt 0.3357223 0.02020491
vt 0.3010543 0.01425391
vt 0.2625923 0.006366526
vt 0.3856236 0.02091627
vt 0.3819658 0.0195508
vt 0.3702276 0.02167824
vt 0.3723349 0.0347387
vt 0.3857602 0.0358544
vt 0.3964328 0.02086092
vt 0.3976376 0.03498103
vt 0.3596003 0.03458182
vt 0.3591717 0.02015822
vt 0.345659 0.03647268
vt 0.3461939 0.02187184
vt 0.3313142 0.02443573
vt 0.3542609 0.01655155
vt 0.397505 0.04859297
vt 0.3767089 0.09365253
vt 0.3844974 0.0473317
vt 0.3712922 0.04996007
vt 0.3515499 0.093446
vt 0.3597845 0.04498852
vt 0.3463241 0.05074583
vt 0.3260459 0.09520996
vt 0.3331225 0.04599641
vt 0.3217911 0.04885129
vt 0.3097764 0.04709294
vt 0.2815177 0.09520596
vt 0.2938974 0.04955094
vt 0.2621923 0.05025482
vt 0.2168111 0.09731626
vt 0.234821 0.04969572
vt 0.2016991 0.04224594
vt 0.1757101 0.09625445
vt 0.1811392 0.02972888
vt 0.1437484 0.08547448
vt 0.1338861 0.05531959
vt 0.1331578 0.02351266
vt 0.1687272 0.01910717
vt 0.1728399 0.008227526
vt 0.1854667 0.01316024
vt 0.2022246 0.02566862
vt 0.2069528 0.02638735
vt 0.1999322 0.009982885
vt 0.2357072 0.02559036
vt 0.2623566 0.02880748
vt 0.289462 0.02936265
vt 0.3082637 0.02675243
vt 0.3201178 0.02887671
vt 0.2080273 0.007700402
vt 0.2351625 0.004249257
vt 0.2625923 0.006366526
vt 0.3010543 0.01425391
vt 0.3357223 0.02020491
vt 0.7474764 0.001622091
vt 0.7216831 0.009013991
vt 0.729471 0.02048087
vt 0.7393648 0.0304771
vt 0.7616718 0.02124915
vt 0.7475208 0.03464895
vt 0.76044 0.04056649
vt 0.7902797 0.03192519
vt 0.777038 0.0459848
vt 0.7878169 0.04713582
vt 0.7992222 0.05062495
vt 0.7832428 0.0009731116
vt 0.8032132 0.002716406
vt 0.8003799 0.02470454
vt 0.8087795 0.04695459
vt 0.8044358 0.050572
vt 0.8177636 0.03091454
vt 0.8210434 0.007885951
vt 0.8134596 0.04930491
vt 0.8335977 0.03478087
vt 0.829594 0.0470445
vt 0.834536 0.01175407
vt 0.8158001 0.05644184
vt 0.8566638 0.06450507
vt 0.8453226 0.0657211
vt 0.8559303 0.03561099
vt 0.8730095 0.05351496
vt 0.8601757 0.0149671
vt 0.8847029 0.03614838
vt 0.8363345 0.07362008
vt 0.8177636 0.03091454
vt 0.8003799 0.02470454
vt 0.7902797 0.03192519
vt 0.7616718 0.02124915
vt 0.76044 0.04056649
vt 0.7475208 0.03464895
vt 0.7393648 0.0304771
vt 0.729471 0.02048087
vt 0.777038 0.0459848
vt 0.7878169 0.04713582
vt 0.7992222 0.05062495
vt 0.8087795 0.04695459
vt 0.8044358 0.050572
vt 0.8134596 0.04930491
vt 0.8335977 0.03478087
vt 0.829594 0.0470445
vt 0.8158001 0.05644184
vt 0.8566638 0.06450507
vt 0.8453226 0.0657211
vt 0.8559303 0.03561099
vt 0.8730095 0.05351496
vt 0.8363345 0.07362008
vt 0.6987974 0.09739011
vt 0.6959879 0.05990026
vt 0.6863753 0.09261031
vt 0.6941014 0.09739011
vt 0.7139843 0.09739011
vt 0.7292671 0.09739011
vt 0.7384762 0.05928315
vt 0.7509595 0.09739011
vt 0.7682049 0.06289954
vt 0.7705707 0.09739011
vt 0.7808129 0.09739011
vt 0.7967526 0.09131608
vt 0.7887848 0.05911772
vt 0.8098397 0.07978951
vt 0.7511627 0.03935705
vt 0.7784093 0.04960739
vt 0.778901 0.04985961
vt 0.7325201 0.03579513
vt 0.7064878 0.05060212
vt 0.7967526 0.09131608
vt 0.7682049 0.06289954
vt 0.7808129 0.09739011
vt 0.7705707 0.09739011
vt 0.7509595 0.09739011
vt 0.7384762 0.05928315
vt 0.7292671 0.09739011
vt 0.6959879 0.05990026
vt 0.7139843 0.09739011
vt 0.6987974 0.09739011
vt 0.6863753 0.09261031
vt 0.6941014 0.09739011
vt 0.7064878 0.05060212
vt 0.4452288 0.09466542
vt 0.1824334 0.6339675
vt 0.2559671 0.6840352
vt 0.2877921 0.5832112
vt 0.2464502 0.5537462
vt 0.3505737 0.6199979
vt 0.3361254 0.7256092
vt 0.4242939 0.6517839
vt 0.4227495 0.7546393
vt 0.5110471 0.6727992
vt 0.5142623 0.766578
vt 0.6003366 0.6672726
vt 0.6068187 0.7611929
vt 0.6962869 0.7376527
vt 0.6705711 0.6436393
vt 0.7355611 0.6077191
vt 0.7788123 0.6988518
vt 0.7964052 0.5666117
vt 0.8532652 0.6485126
vt 0.8612318 0.5272439
vt 0.916618 0.5876955
vt 0.3868409 0.8578411
vt 0.2808233 0.8213647
vt 0.6087635 0.8777915
vt 0.4971796 0.8765323
vt 0.7161629 0.8541064
vt 0.9090773 0.7527727
vt 0.8176998 0.8127687
vt 0.9859622 0.6747847
vt 0.1825697 0.7670559
vt 0.09163427 0.6982114
vt 0.1158421 0.5760781
vt 0.01403779 0.6143049
vt 0.2092098 0.527202
vt 0.817579 0.2304503
vt 0.7535486 0.1501698
vt 0.7122225 0.1796489
vt 0.7439968 0.2804464
vt 0.6494163 0.2164301
vt 0.6638879 0.3220129
vt 0.5757029 0.2481898
vt 0.5772196 0.3510851
vt 0.4889567 0.2692006
vt 0.4857083 0.3629805
vt 0.3996517 0.2636661
vt 0.3931932 0.3575464
vt 0.3036873 0.3340374
vt 0.3294393 0.2400082
vt 0.2644547 0.2040804
vt 0.2211671 0.2952242
vt 0.203611 0.1629702
vt 0.1467712 0.2448234
vt 0.1387962 0.1235828
vt 0.08339077 0.1840305
vt 0.6131303 0.4542501
vt 0.7191461 0.4178046
vt 0.8174137 0.3635032
vt 0.9083534 0.2946596
vt 0.2838092 0.4504715
vt 0.09090173 0.3491055
vt 0.1822779 0.4091122
vt 0.01403508 0.2710966
vt 0.8841566 0.1725157
vt 0.9859649 0.2107701
vt 0.7908012 0.1236481
vt 0.3911931 0.4741845
vt 0.502786 0.4729295

f 1/1/ 2/2/ 3/3/
f 1/1/ 3/3/ 4/4/
f 5/5/ 4/4/ 3/3/
f 5/5/ 3/3/ 6/6/
f 7/7/ 5/5/ 6/6/
f 7/7/ 6/6/ 8/8/
f 9/9/ 7/7/ 8/8/
f 9/9/ 8/8/ 10/10/
f 11/11/ 9/9/ 10/10/
f 11/11/ 10/10/ 12/12/
f 13/13/ 11/11/ 12/12/
f 13/13/ 12/12/ 14/14/
f 15/15/ 13/13/ 14/14/
f 15/15/ 14/14/ 16/16/
f 17/17/ 15/15/ 16/16/
f 17/17/ 18/18/ 15/15/
f 19/19/ 18/18/ 17/17/
f 19/19/ 20/20/ 18/18/
f 21/21/ 20/20/ 19/19/
f 21/21/ 22/22/ 20/20/
f 23/23/ 22/22/ 21/21/
f 23/23/ 24/24/ 22/22/
f 25/25/ 24/24/ 23/23/
f 25/25/ 26/26/ 24/24/
f 27/27/ 26/26/ 25/25/
f 27/27/ 28/28/ 26/26/
f 29/29/ 28/28/ 27/27/
f 29/29/ 30/30/ 28/28/
f 31/31/ 30/30/ 29/29/
f 31/31/ 32/32/ 30/30/
f 33/33/ 32/32/ 31/31/
f 33/33/ 34/34/ 32/32/
f 35/35/ 34/34/ 33/33/
f 35/35/ 36/36/ 34/34/
f 37/37/ 36/36/ 35/35/
f 37/37/ 38/38/ 36/36/
f 39/39/ 38/38/ 37/37/
f 39/39/ 40/40/ 38/38/
f 41/41/ 40/40/ 39/39/
f 41/41/ 42/42/ 40/40/
f 43/43/ 40/40/ 42/42/
f 43/43/ 44/44/ 40/40/
f 44/44/ 38/38/ 40/40/
f 44/44/ 45/45/ 38/38/
f 45/45/ 36/36/ 38/38/
f 45/45/ 46/46/ 36/36/
f 46/46/ 34/34/ 36/36/
f 47/47/ 44/44/ 43/43/
f 47/47/ 48/48/ 44/44/
f 48/48/ 45/45/ 44/44/
f 49/49/ 48/48/ 47/47/
f 49/49/ 50/50/ 48/48/
f 48/48/ 51/51/ 45/45/
f 50/50/ 51/51/ 48/48/
f 51/51/ 46/46/ 45/45/
f 50/50/ 52/52/ 51/51/
f 51/51/ 53/53/ 46/46/
f 52/52/ 53/53/ 51/51/
f 52/52/ 54/54/ 53/53/
f 53/53/ 55/55/ 46/46/
f 46/46/ 55/55/ 34/34/
f 53/53/ 56/56/ 55/55/
f 54/54/ 56/56/ 53/53/
f 54/54/ 57/57/ 56/56/
f 55/55/ 32/32/ 34/34/
f 55/55/ 58/58/ 32/32/
f 56/56/ 58/58/ 55/55/
f 56/56/ 59/59/ 58/58/
f 57/57/ 59/59/ 56/56/
f 57/57/ 60/60/ 59/59/
f 58/58/ 30/30/ 32/32/
f 58/58/ 61/61/ 30/30/
f 59/59/ 61/61/ 58/58/
f 59/59/ 62/62/ 61/61/
f 60/60/ 62/62/ 59/59/
f 60/60/ 63/63/ 62/62/
f 61/61/ 28/28/ 30/30/
f 61/61/ 64/64/ 28/28/
f 62/62/ 64/64/ 61/61/
f 62/62/ 65/65/ 64/64/
f 63/63/ 65/65/ 62/62/
f 63/63/ 66/66/ 65/65/
f 64/64/ 26/26/ 28/28/
f 64/64/ 67/67/ 26/26/
f 65/65/ 67/67/ 64/64/
f 65/65/ 68/68/ 67/67/
f 66/66/ 68/68/ 65/65/
f 66/66/ 69/69/ 68/68/
f 67/67/ 24/24/ 26/26/
f 67/67/ 70/70/ 24/24/
f 68/68/ 70/70/ 67/67/
f 68/68/ 71/71/ 70/70/
f 69/69/ 71/71/ 68/68/
f 69/69/ 72/72/ 71/71/
f 70/70/ 22/22/ 24/24/
f 70/70/ 73/73/ 22/22/
f 71/71/ 73/73/ 70/70/
f 71/71/ 74/74/ 73/73/
f 72/72/ 74/74/ 71/71/
f 72/72/ 75/75/ 74/74/
f 66/66/ 76/76/ 69/69/
f 66/66/ 77/77/ 76/76/
f 63/63/ 77/77/ 66/66/
f 63/63/ 78/78/ 77/77/
f 60/60/ 78/78/ 63/63/
f 60/60/ 79/79/ 78/78/
f 57/57/ 79/79/ 60/60/
f 57/57/ 80/80/ 79/79/
f 54/54/ 80/80/ 57/57/
f 54/54/ 81/81/ 80/80/
f 52/52/ 81/81/ 54/54/
f 52/52/ 82/82/ 81/81/
f 50/50/ 82/82/ 52/52/
f 50/50/ 83/83/ 82/82/
f 84/84/ 83/83/ 50/50/
f 84/84/ 50/50/ 49/49/
f 85/85/ 83/83/ 84/84/
f 85/85/ 86/86/ 83/83/
f 83/83/ 86/86/ 87/87/
f 83/83/ 87/87/ 88/88/
f 83/83/ 88/88/ 89/89/
f 83/83/ 89/89/ 82/82/
f 89/89/ 81/81/ 82/82/
f 89/89/ 90/90/ 81/81/
f 81/81/ 90/90/ 91/91/
f 81/81/ 91/91/ 80/80/
f 80/80/ 91/91/ 92/92/
f 93/93/ 87/87/ 86/86/
f 93/93/ 86/86/ 85/85/
f 94/94/ 87/87/ 93/93/
f 94/94/ 95/95/ 87/87/
f 87/87/ 95/95/ 96/96/
f 87/87/ 96/96/ 88/88/
f 89/89/ 88/88/ 96/96/
f 89/89/ 96/96/ 97/97/
f 97/97/ 90/90/ 89/89/
f 97/97/ 98/98/ 90/90/
f 98/98/ 91/91/ 90/90/
f 98/98/ 99/99/ 91/91/
f 99/99/ 92/92/ 91/91/
f 99/99/ 100/100/ 92/92/
f 92/92/ 100/100/ 101/101/
f 92/92/ 101/101/ 102/102/
f 103/103/ 92/92/ 102/102/
f 79/79/ 92/92/ 103/103/
f 80/80/ 92/92/ 79/79/
f 79/79/ 103/103/ 78/78/
f 78/78/ 103/103/ 104/104/
f 78/78/ 104/104/ 77/77/
f 77/77/ 104/104/ 105/105/
f 77/77/ 105/105/ 76/76/
f 76/76/ 105/105/ 106/106/
f 76/76/ 106/106/ 107/107/
f 69/69/ 76/76/ 107/107/
f 69/69/ 107/107/ 72/72/
f 72/72/ 107/107/ 108/108/
f 72/72/ 108/108/ 75/75/
f 107/107/ 106/106/ 109/109/
f 107/107/ 109/109/ 108/108/
f 103/103/ 102/102/ 110/110/
f 111/111/ 104/104/ 103/103/
f 111/111/ 103/103/ 110/110/
f 104/104/ 111/111/ 112/112/
f 104/104/ 112/112/ 105/105/
f 105/105/ 112/112/ 113/113/
f 105/105/ 113/113/ 106/106/
f 106/106/ 113/113/ 114/114/
f 106/106/ 114/114/ 109/109/
f 115/115/ 111/111/ 110/110/
f 102/102/ 115/115/ 110/110/
f 102/102/ 116/116/ 115/115/
f 101/101/ 116/116/ 102/102/
f 101/101/ 117/117/ 116/116/
f 118/118/ 117/117/ 101/101/
f 118/118/ 101/101/ 119/119/
f 119/119/ 101/101/ 100/100/
f 119/119/ 100/100/ 120/120/
f 121/121/ 119/119/ 120/120/
f 122/122/ 121/121/ 120/120/
f 122/122/ 120/120/ 123/123/
f 124/124/ 122/122/ 123/123/
f 124/124/ 123/123/ 125/125/
f 126/126/ 124/124/ 125/125/
f 126/126/ 125/125/ 127/127/
f 128/128/ 126/126/ 127/127/
f 128/128/ 129/129/ 126/126/
f 130/130/ 129/129/ 128/128/
f 130/130/ 131/131/ 129/129/
f 131/131/ 130/130/ 132/132/
f 131/131/ 132/132/ 133/133/
f 121/121/ 134/134/ 119/119/
f 135/135/ 131/131/ 133/133/
f 135/135/ 136/136/ 131/131/
f 137/137/ 136/136/ 135/135/
f 137/137/ 138/138/ 136/136/
f 136/136/ 138/138/ 139/139/
f 136/136/ 139/139/ 140/140/
f 131/131/ 136/136/ 140/140/
f 131/131/ 140/140/ 129/129/
f 141/141/ 126/126/ 129/129/
f 141/141/ 129/129/ 142/142/
f 142/142/ 129/129/ 140/140/
f 142/142/ 140/140/ 143/143/
f 139/139/ 143/143/ 140/140/
f 126/126/ 141/141/ 144/144/
f 126/126/ 144/144/ 124/124/
f 139/139/ 145/145/ 143/143/
f 144/144/ 146/146/ 124/124/
f 144/144/ 147/147/ 146/146/
f 146/146/ 122/122/ 124/124/
f 146/146/ 148/148/ 122/122/
f 149/149/ 122/122/ 148/148/
f 149/149/ 121/121/ 122/122/
f 145/145/ 139/139/ 150/150/
f 145/145/ 150/150/ 151/151/
f 151/151/ 150/150/ 152/152/
f 151/151/ 152/152/ 153/153/
f 153/153/ 152/152/ 154/154/
f 153/153/ 154/154/ 155/155/
f 155/155/ 154/154/ 156/156/
f 155/155/ 156/156/ 157/157/
f 157/157/ 156/156/ 158/158/
f 157/157/ 158/158/ 159/159/
f 159/159/ 158/158/ 160/160/
f 159/159/ 160/160/ 161/161/
f 161/161/ 160/160/ 162/162/
f 161/161/ 162/162/ 163/163/
f 163/163/ 162/162/ 164/164/
f 163/163/ 164/164/ 165/165/
f 165/165/ 164/164/ 146/146/
f 165/165/ 146/146/ 147/147/
f 156/156/ 166/166/ 158/158/
f 156/156/ 167/167/ 166/166/
f 154/154/ 167/167/ 156/156/
f 164/164/ 148/148/ 146/146/
f 164/164/ 168/168/ 148/148/
f 162/162/ 168/168/ 164/164/
f 162/162/ 169/169/ 168/168/
f 162/162/ 160/160/ 170/170/
f 162/162/ 170/170/ 169/169/
f 158/158/ 166/166/ 170/170/
f 158/158/ 170/170/ 160/160/
f 148/148/ 168/168/ 171/171/
f 148/148/ 171/171/ 149/149/
f 168/168/ 169/169/ 172/172/
f 168/168/ 172/172/ 171/171/
f 169/169/ 170/170/ 173/173/
f 169/169/ 173/173/ 172/172/
f 166/166/ 173/173/ 170/170/
f 174/174/ 166/166/ 167/167/
f 166/166/ 174/174/ 173/173/
f 174/174/ 167/167/ 175/175/
f 175/175/ 167/167/ 176/176/
f 154/154/ 176/176/ 167/167/
f 152/152/ 176/176/ 154/154/
f 152/152/ 177/177/ 176/176/
f 178/178/ 177/177/ 152/152/
f 179/179/ 178/178/ 152/152/
f 180/180/ 178/178/ 179/179/
f 180/180/ 179/179/ 181/181/
f 181/181/ 179/179/ 138/138/
f 181/181/ 138/138/ 137/137/
f 138/138/ 179/179/ 150/150/
f 179/179/ 152/152/ 150/150/
f 138/138/ 150/150/ 139/139/
f 182/182/ 178/178/ 180/180/
f 182/182/ 183/183/ 178/178/
f 178/178/ 183/183/ 177/177/
f 183/183/ 184/184/ 177/177/
f 183/183/ 185/185/ 184/184/
f 186/186/ 185/185/ 183/183/
f 186/186/ 183/183/ 182/182/
f 177/177/ 184/184/ 187/187/
f 177/177/ 187/187/ 176/176/
f 175/175/ 176/176/ 187/187/
f 188/188/ 175/175/ 187/187/
f 188/188/ 187/187/ 189/189/
f 190/190/ 188/188/ 189/189/
f 190/190/ 189/189/ 191/191/
f 190/190/ 191/191/ 192/192/
f 190/190/ 192/192/ 193/193/
f 192/192/ 194/194/ 193/193/
f 194/194/ 190/190/ 193/193/
f 192/192/ 195/195/ 194/194/
f 194/194/ 196/196/ 190/190/
f 190/190/ 196/196/ 197/197/
f 190/190/ 197/197/ 188/188/
f 175/175/ 188/188/ 197/197/
f 175/175/ 197/197/ 174/174/
f 174/174/ 197/197/ 198/198/
f 174/174/ 198/198/ 173/173/
f 198/198/ 172/172/ 173/173/
f 198/198/ 199/199/ 172/172/
f 172/172/ 199/199/ 200/200/
f 172/172/ 200/200/ 171/171/
f 197/197/ 196/196/ 201/201/
f 197/197/ 201/201/ 198/198/
f 202/202/ 171/171/ 200/200/
f 202/202/ 149/149/ 171/171/
f 202/202/ 121/121/ 149/149/
f 202/202/ 134/134/ 121/121/
f 202/202/ 203/203/ 134/134/
f 202/202/ 204/204/ 203/203/
f 204/204/ 202/202/ 200/200/
f 204/204/ 205/205/ 203/203/
f 204/204/ 206/206/ 205/205/
f 204/204/ 200/200/ 207/207/
f 207/207/ 200/200/ 199/199/
f 207/207/ 199/199/ 208/208/
f 208/208/ 199/199/ 198/198/
f 208/208/ 198/198/ 201/201/
f 206/206/ 209/209/ 205/205/
f 206/206/ 210/210/ 209/209/
f 204/204/ 207/207/ 210/210/
f 204/204/ 210/210/ 206/206/
f 208/208/ 210/210/ 207/207/
f 201/201/ 211/211/ 208/208/
f 208/208/ 211/211/ 210/210/
f 201/201/ 212/212/ 211/211/
f 196/196/ 212/212/ 201/201/
f 196/196/ 194/194/ 212/212/
f 194/194/ 213/213/ 212/212/
f 213/213/ 211/211/ 212/212/
f 194/194/ 195/195/ 213/213/
f 213/213/ 214/214/ 211/211/
f 214/214/ 209/209/ 210/210/
f 214/214/ 210/210/ 211/211/
f 209/209/ 215/215/ 205/205/
f 205/205/ 215/215/ 118/118/
f 209/209/ 216/216/ 215/215/
f 214/214/ 216/216/ 209/209/
f 214/214/ 217/217/ 216/216/
f 213/213/ 217/217/ 214/214/
f 213/213/ 218/218/ 217/217/
f 195/195/ 218/218/ 213/213/
f 195/195/ 219/219/ 218/218/
f 192/192/ 219/219/ 195/195/
f 192/192/ 220/220/ 219/219/
f 191/191/ 220/220/ 192/192/
f 191/191/ 221/221/ 220/220/
f 189/189/ 221/221/ 191/191/
f 189/189/ 222/222/ 221/221/
f 187/187/ 222/222/ 189/189/
f 187/187/ 184/184/ 222/222/
f 185/185/ 222/222/ 184/184/
f 185/185/ 223/223/ 222/222/
f 223/223/ 221/221/ 222/222/
f 224/224/ 223/223/ 185/185/
f 224/224/ 185/185/ 186/186/
f 223/223/ 225/225/ 221/221/
f 226/226/ 225/225/ 223/223/
f 226/226/ 223/223/ 224/224/
f 227/227/ 219/219/ 220/220/
f 227/227/ 220/220/ 228/228/
f 229/229/ 227/227/ 228/228/
f 229/229/ 228/228/ 230/230/
f 231/231/ 229/229/ 230/230/
f 231/231/ 230/230/ 232/232/
f 233/233/ 231/231/ 232/232/
f 233/233/ 232/232/ 234/234/
f 235/235/ 233/233/ 234/234/
f 236/236/ 233/233/ 235/235/
f 236/236/ 235/235/ 237/237/
f 238/238/ 236/236/ 237/237/
f 238/238/ 237/237/ 239/239/
f 240/240/ 238/238/ 239/239/
f 240/240/ 239/239/ 241/241/
f 240/240/ 241/241/ 242/242/
f 243/243/ 240/240/ 242/242/
f 243/243/ 242/242/ 244/244/
f 245/245/ 243/243/ 244/244/
f 246/246/ 245/245/ 244/244/
f 246/246/ 244/244/ 247/247/
f 248/248/ 246/246/ 247/247/
f 248/248/ 247/247/ 249/249/
f 250/250/ 248/248/ 249/249/
f 250/250/ 251/251/ 248/248/
f 250/250/ 252/252/ 251/251/
f 250/250/ 253/253/ 252/252/
f 253/253/ 254/254/ 252/252/
f 253/253/ 255/255/ 254/254/
f 255/255/ 256/256/ 254/254/
f 255/255/ 257/257/ 256/256/
f 257/257/ 258/258/ 256/256/
f 257/257/ 259/259/ 258/258/
f 259/259/ 260/260/ 258/258/
f 259/259/ 261/261/ 260/260/
f 261/261/ 262/262/ 260/260/
f 261/261/ 263/263/ 262/262/
f 263/263/ 264/264/ 262/262/
f 263/263/ 265/265/ 264/264/
f 265/265/ 266/266/ 264/264/
f 265/265/ 267/267/ 266/266/
f 253/253/ 268/268/ 255/255/
f 253/253/ 269/269/ 268/268/
f 255/255/ 268/268/ 270/270/
f 255/255/ 270/270/ 257/257/
f 257/257/ 270/270/ 271/271/
f 257/257/ 271/271/ 259/259/
f 259/259/ 271/271/ 272/272/
f 259/259/ 272/272/ 261/261/
f 261/261/ 272/272/ 273/273/
f 261/261/ 273/273/ 263/263/
f 263/263/ 273/273/ 274/274/
f 263/263/ 274/274/ 265/265/
f 274/274/ 267/267/ 265/265/
f 274/274/ 275/275/ 267/267/
f 267/267/ 276/276/ 266/266/
f 267/267/ 277/277/ 276/276/
f 275/275/ 277/277/ 267/267/
f 275/275/ 278/278/ 277/277/
f 269/269/ 279/279/ 268/268/
f 269/269/ 280/280/ 279/279/
f 281/281/ 280/280/ 269/269/
f 250/250/ 281/281/ 269/269/
f 249/249/ 281/281/ 250/250/
f 249/249/ 282/282/ 281/281/
f 250/250/ 269/269/ 253/253/
f 247/247/ 282/282/ 249/249/
f 247/247/ 283/283/ 282/282/
f 244/244/ 283/283/ 247/247/
f 244/244/ 242/242/ 283/283/
f 282/282/ 284/284/ 281/281/
f 281/281/ 284/284/ 280/280/
f 282/282/ 285/285/ 284/284/
f 283/283/ 285/285/ 282/282/
f 283/283/ 286/286/ 285/285/
f 242/242/ 286/286/ 283/283/
f 242/242/ 241/241/ 286/286/
f 285/285/ 287/287/ 284/284/
f 285/285/ 288/288/ 287/287/
f 286/286/ 288/288/ 285/285/
f 284/284/ 287/287/ 289/289/
f 284/284/ 289/289/ 280/280/
f 280/280/ 289/289/ 290/290/
f 280/280/ 290/290/ 279/279/
f 279/279/ 290/290/ 291/291/
f 279/279/ 291/291/ 292/292/
f 268/268/ 279/279/ 292/292/
f 268/268/ 292/292/ 270/270/
f 270/270/ 292/292/ 293/293/
f 270/270/ 293/293/ 271/271/
f 271/271/ 293/293/ 294/294/
f 271/271/ 294/294/ 272/272/
f 272/272/ 294/294/ 295/295/
f 272/272/ 295/295/ 273/273/
f 273/273/ 295/295/ 296/296/
f 273/273/ 296/296/ 274/274/
f 296/296/ 275/275/ 274/274/
f 296/296/ 297/297/ 275/275/
f 297/297/ 278/278/ 275/275/
f 297/297/ 298/298/ 278/278/
f 298/298/ 299/299/ 278/278/
f 277/277/ 278/278/ 299/299/
f 277/277/ 299/299/ 300/300/
f 301/301/ 277/277/ 300/300/
f 302/302/ 301/301/ 300/300/
f 302/302/ 300/300/ 303/303/
f 304/304/ 302/302/ 303/303/
f 304/304/ 303/303/ 305/305/
f 306/306/ 304/304/ 305/305/
f 306/306/ 305/305/ 307/307/
f 308/308/ 306/306/ 307/307/
f 308/308/ 307/307/ 309/309/
f 308/308/ 309/309/ 310/310/
f 308/308/ 310/310/ 311/311/
f 310/310/ 312/312/ 311/311/
f 310/310/ 313/313/ 312/312/
f 313/313/ 314/314/ 312/312/
f 313/313/ 315/315/ 314/314/
f 315/315/ 316/316/ 314/314/
f 315/315/ 317/317/ 316/316/
f 317/317/ 318/318/ 316/316/
f 317/317/ 319/319/ 318/318/
f 318/318/ 319/319/ 320/320/
f 318/318/ 320/320/ 321/321/
f 322/322/ 321/321/ 320/320/
f 322/322/ 320/320/ 323/323/
f 324/324/ 322/322/ 323/323/
f 324/324/ 323/323/ 243/243/
f 245/245/ 324/324/ 243/243/
f 243/243/ 323/323/ 325/325/
f 243/243/ 325/325/ 240/240/
f 240/240/ 325/325/ 238/238/
f 323/323/ 320/320/ 326/326/
f 323/323/ 326/326/ 325/325/
f 326/326/ 320/320/ 319/319/
f 325/325/ 326/326/ 327/327/
f 325/325/ 327/327/ 238/238/
f 317/317/ 328/328/ 319/319/
f 326/326/ 319/319/ 328/328/
f 317/317/ 329/329/ 328/328/
f 329/329/ 330/330/ 328/328/
f 330/330/ 327/327/ 326/326/
f 330/330/ 326/326/ 328/328/
f 329/329/ 331/331/ 330/330/
f 332/332/ 331/331/ 329/329/
f 315/315/ 332/332/ 329/329/
f 313/313/ 332/332/ 315/315/
f 313/313/ 333/333/ 332/332/
f 310/310/ 333/333/ 313/313/
f 310/310/ 334/334/ 333/333/
f 309/309/ 334/334/ 310/310/
f 309/309/ 335/335/ 334/334/
f 315/315/ 329/329/ 317/317/
f 307/307/ 335/335/ 309/309/
f 307/307/ 336/336/ 335/335/
f 305/305/ 336/336/ 307/307/
f 305/305/ 337/337/ 336/336/
f 303/303/ 337/337/ 305/305/
f 303/303/ 338/338/ 337/337/
f 300/300/ 338/338/ 303/303/
f 300/300/ 299/299/ 338/338/
f 335/335/ 339/339/ 334/334/
f 335/335/ 340/340/ 339/339/
f 336/336/ 340/340/ 335/335/
f 334/334/ 339/339/ 341/341/
f 334/334/ 341/341/ 333/333/
f 333/333/ 341/341/ 342/342/
f 333/333/ 342/342/ 332/332/
f 332/332/ 342/342/ 331/331/
f 336/336/ 343/343/ 340/340/
f 337/337/ 343/343/ 336/336/
f 337/337/ 344/344/ 343/343/
f 338/338/ 344/344/ 337/337/
f 338/338/ 345/345/ 344/344/
f 299/299/ 345/345/ 338/338/
f 299/299/ 346/346/ 345/345/
f 298/298/ 346/346/ 299/299/
f 347/347/ 346/346/ 298/298/
f 348/348/ 347/347/ 298/298/
f 348/348/ 298/298/ 297/297/
f 349/349/ 348/348/ 297/297/
f 349/349/ 297/297/ 296/296/
f 295/295/ 349/349/ 296/296/
f 295/295/ 350/350/ 349/349/
f 294/294/ 350/350/ 295/295/
f 294/294/ 351/351/ 350/350/
f 293/293/ 351/351/ 294/294/
f 293/293/ 352/352/ 351/351/
f 292/292/ 352/352/ 293/293/
f 292/292/ 291/291/ 352/352/
f 347/347/ 353/353/ 346/346/
f 346/346/ 353/353/ 354/354/
f 355/355/ 347/347/ 348/348/
f 355/355/ 356/356/ 347/347/
f 356/356/ 353/353/ 347/347/
f 291/291/ 357/357/ 352/352/
f 291/291/ 358/358/ 357/357/
f 290/290/ 358/358/ 291/291/
f 290/290/ 359/359/ 358/358/
f 289/289/ 359/359/ 290/290/
f 289/289/ 360/360/ 359/359/
f 287/287/ 360/360/ 289/289/
f 287/287/ 361/361/ 360/360/
f 288/288/ 361/361/ 287/287/
f 288/288/ 362/362/ 361/361/
f 363/363/ 362/362/ 288/288/
f 286/286/ 363/363/ 288/288/
f 241/241/ 363/363/ 286/286/
f 241/241/ 364/364/ 363/363/
f 239/239/ 364/364/ 241/241/
f 239/239/ 237/237/ 364/364/
f 363/363/ 365/365/ 362/362/
f 364/364/ 365/365/ 363/363/
f 364/364/ 366/366/ 365/365/
f 237/237/ 366/366/ 364/364/
f 237/237/ 235/235/ 366/366/
f 235/235/ 367/367/ 366/366/
f 367/367/ 365/365/ 366/366/
f 235/235/ 368/368/ 367/367/
f 368/368/ 369/369/ 367/367/
f 368/368/ 370/370/ 369/369/
f 371/371/ 369/369/ 370/370/
f 371/371/ 370/370/ 372/372/
f 367/367/ 373/373/ 365/365/
f 369/369/ 373/373/ 367/367/
f 369/369/ 374/374/ 373/373/
f 375/375/ 374/374/ 369/369/
f 375/375/ 369/369/ 371/371/
f 235/235/ 234/234/ 368/368/
f 368/368/ 234/234/ 376/376/
f 368/368/ 376/376/ 370/370/
f 372/372/ 370/370/ 376/376/
f 372/372/ 376/376/ 377/377/
f 365/365/ 373/373/ 378/378/
f 365/365/ 378/378/ 362/362/
f 373/373/ 374/374/ 379/379/
f 373/373/ 379/379/ 378/378/
f 380/380/ 379/379/ 374/374/
f 380/380/ 374/374/ 375/375/
f 378/378/ 361/361/ 362/362/
f 378/378/ 381/381/ 361/361/
f 379/379/ 381/381/ 378/378/
f 379/379/ 382/382/ 381/381/
f 382/382/ 379/379/ 380/380/
f 382/382/ 380/380/ 383/383/
f 234/234/ 384/384/ 376/376/
f 377/377/ 376/376/ 384/384/
f 234/234/ 232/232/ 384/384/
f 377/377/ 384/384/ 385/385/
f 232/232/ 386/386/ 384/384/
f 385/385/ 384/384/ 386/386/
f 232/232/ 230/230/ 386/386/
f 385/385/ 386/386/ 387/387/
f 230/230/ 388/388/ 386/386/
f 387/387/ 386/386/ 388/388/
f 230/230/ 228/228/ 388/388/
f 387/387/ 388/388/ 389/389/
f 228/228/ 390/390/ 388/388/
f 389/389/ 388/388/ 390/390/
f 228/228/ 220/220/ 390/390/
f 389/389/ 390/390/ 391/391/
f 221/221/ 390/390/ 220/220/
f 221/221/ 225/225/ 390/390/
f 390/390/ 225/225/ 226/226/
f 390/390/ 226/226/ 391/391/
f 385/385/ 387/387/ 392/392/
f 385/385/ 392/392/ 393/393/
f 377/377/ 385/385/ 393/393/
f 377/377/ 393/393/ 394/394/
f 372/372/ 377/377/ 394/394/
f 372/372/ 394/394/ 395/395/
f 371/371/ 372/372/ 395/395/
f 371/371/ 395/395/ 396/396/
f 397/397/ 396/396/ 395/395/
f 397/397/ 395/395/ 394/394/
f 397/397/ 398/398/ 396/396/
f 399/399/ 398/398/ 397/397/
f 399/399/ 400/400/ 398/398/
f 401/401/ 400/400/ 399/399/
f 402/402/ 401/401/ 399/399/
f 403/403/ 401/401/ 402/402/
f 403/403/ 404/404/ 401/401/
f 405/405/ 404/404/ 403/403/
f 405/405/ 406/406/ 404/404/
f 405/405/ 407/407/ 406/406/
f 408/408/ 407/407/ 405/405/
f 408/408/ 409/409/ 407/407/
f 410/410/ 409/409/ 408/408/
f 411/411/ 409/409/ 410/410/
f 411/411/ 412/412/ 409/409/
f 413/413/ 412/412/ 411/411/
f 413/413/ 414/414/ 412/412/
f 415/415/ 414/414/ 413/413/
f 415/415/ 413/413/ 416/416/
f 415/415/ 416/416/ 417/417/
f 415/415/ 417/417/ 418/418/
f 418/418/ 417/417/ 419/419/
f 418/418/ 419/419/ 420/420/
f 420/420/ 419/419/ 421/421/
f 420/420/ 421/421/ 422/422/
f 422/422/ 421/421/ 423/423/
f 422/422/ 423/423/ 424/424/
f 424/424/ 423/423/ 425/425/
f 424/424/ 425/425/ 426/426/
f 426/426/ 425/425/ 427/427/
f 426/426/ 427/427/ 428/428/
f 428/428/ 427/427/ 429/429/
f 428/428/ 429/429/ 430/430/
f 430/430/ 429/429/ 431/431/
f 430/430/ 431/431/ 432/432/
f 418/418/ 420/420/ 433/433/
f 418/418/ 433/433/ 434/434/
f 420/420/ 422/422/ 435/435/
f 420/420/ 435/435/ 433/433/
f 422/422/ 424/424/ 436/436/
f 422/422/ 436/436/ 435/435/
f 424/424/ 426/426/ 437/437/
f 424/424/ 437/437/ 436/436/
f 426/426/ 428/428/ 438/438/
f 426/426/ 438/438/ 437/437/
f 428/428/ 430/430/ 439/439/
f 428/428/ 439/439/ 438/438/
f 439/439/ 430/430/ 432/432/
f 439/439/ 432/432/ 440/440/
f 432/432/ 431/431/ 441/441/
f 432/432/ 441/441/ 442/442/
f 440/440/ 432/432/ 442/442/
f 440/440/ 442/442/ 443/443/
f 434/434/ 433/433/ 444/444/
f 434/434/ 444/444/ 445/445/
f 446/446/ 434/434/ 445/445/
f 415/415/ 434/434/ 446/446/
f 414/414/ 415/415/ 446/446/
f 414/414/ 446/446/ 447/447/
f 415/415/ 418/418/ 434/434/
f 412/412/ 414/414/ 447/447/
f 412/412/ 447/447/ 448/448/
f 409/409/ 412/412/ 448/448/
f 409/409/ 448/448/ 407/407/
f 447/447/ 446/446/ 449/449/
f 446/446/ 445/445/ 449/449/
f 447/447/ 449/449/ 450/450/
f 448/448/ 447/447/ 450/450/
f 448/448/ 450/450/ 451/451/
f 407/407/ 448/448/ 451/451/
f 407/407/ 451/451/ 406/406/
f 450/450/ 449/449/ 452/452/
f 450/450/ 452/452/ 453/453/
f 451/451/ 450/450/ 453/453/
f 449/449/ 454/454/ 452/452/
f 449/449/ 445/445/ 454/454/
f 445/445/ 455/455/ 454/454/
f 445/445/ 444/444/ 455/455/
f 444/444/ 456/456/ 455/455/
f 444/444/ 457/457/ 456/456/
f 433/433/ 457/457/ 444/444/
f 433/433/ 435/435/ 457/457/
f 435/435/ 458/458/ 457/457/
f 435/435/ 436/436/ 458/458/
f 436/436/ 459/459/ 458/458/
f 436/436/ 437/437/ 459/459/
f 437/437/ 460/460/ 459/459/
f 437/437/ 438/438/ 460/460/
f 438/438/ 461/461/ 460/460/
f 438/438/ 439/439/ 461/461/
f 461/461/ 439/439/ 440/440/
f 461/461/ 440/440/ 462/462/
f 462/462/ 440/440/ 443/443/
f 462/462/ 443/443/ 463/463/
f 463/463/ 443/443/ 464/464/
f 442/442/ 464/464/ 443/443/
f 442/442/ 465/465/ 464/464/
f 466/466/ 465/465/ 442/442/
f 467/467/ 465/465/ 466/466/
f 467/467/ 468/468/ 465/465/
f 469/469/ 468/468/ 467/467/
f 469/469/ 470/470/ 468/468/
f 471/471/ 470/470/ 469/469/
f 471/471/ 472/472/ 470/470/
f 473/473/ 472/472/ 471/471/
f 473/473/ 474/474/ 472/472/
f 473/473/ 475/475/ 474/474/
f 473/473/ 476/476/ 475/475/
f 475/475/ 476/476/ 477/477/
f 475/475/ 477/477/ 478/478/
f 478/478/ 477/477/ 479/479/
f 478/478/ 479/479/ 480/480/
f 480/480/ 479/479/ 481/481/
f 480/480/ 481/481/ 482/482/
f 482/482/ 481/481/ 483/483/
f 482/482/ 483/483/ 484/484/
f 483/483/ 485/485/ 484/484/
f 483/483/ 486/486/ 485/485/
f 487/487/ 485/485/ 486/486/
f 487/487/ 488/488/ 485/485/
f 489/489/ 488/488/ 487/487/
f 489/489/ 408/408/ 488/488/
f 410/410/ 408/408/ 489/489/
f 408/408/ 490/490/ 488/488/
f 408/408/ 405/405/ 490/490/
f 405/405/ 403/403/ 490/490/
f 488/488/ 490/490/ 491/491/
f 488/488/ 491/491/ 485/485/
f 491/491/ 484/484/ 485/485/
f 490/490/ 403/403/ 492/492/
f 490/490/ 492/492/ 491/491/
f 482/482/ 484/484/ 493/493/
f 491/491/ 493/493/ 484/484/
f 482/482/ 493/493/ 494/494/
f 494/494/ 493/493/ 495/495/
f 495/495/ 493/493/ 491/491/
f 495/495/ 491/491/ 492/492/
f 494/494/ 495/495/ 496/496/
f 497/497/ 494/494/ 496/496/
f 480/480/ 494/494/ 497/497/
f 478/478/ 480/480/ 497/497/
f 478/478/ 497/497/ 498/498/
f 475/475/ 478/478/ 498/498/
f 475/475/ 498/498/ 499/499/
f 474/474/ 475/475/ 499/499/
f 474/474/ 499/499/ 500/500/
f 480/480/ 482/482/ 494/494/
f 472/472/ 474/474/ 500/500/
f 472/472/ 500/500/ 501/501/
f 470/470/ 472/472/ 501/501/
f 470/470/ 501/501/ 502/502/
f 468/468/ 470/470/ 502/502/
f 468/468/ 502/502/ 503/503/
f 465/465/ 468/468/ 503/503/
f 465/465/ 503/503/ 464/464/
f 500/500/ 499/499/ 504/504/
f 500/500/ 504/504/ 505/505/
f 501/501/ 500/500/ 505/505/
f 499/499/ 498/498/ 506/506/
f 499/499/ 506/506/ 504/504/
f 501/501/ 505/505/ 507/507/
f 502/502/ 501/501/ 507/507/
f 502/502/ 507/507/ 508/508/
f 503/503/ 502/502/ 508/508/
f 503/503/ 508/508/ 509/509/
f 464/464/ 503/503/ 509/509/
f 464/464/ 509/509/ 510/510/
f 463/463/ 464/464/ 510/510/
f 511/511/ 463/463/ 510/510/
f 512/512/ 463/463/ 511/511/
f 512/512/ 462/462/ 463/463/
f 513/513/ 462/462/ 512/512/
f 513/513/ 461/461/ 462/462/
f 460/460/ 461/461/ 513/513/
f 460/460/ 513/513/ 514/514/
f 459/459/ 460/460/ 514/514/
f 459/459/ 514/514/ 515/515/
f 458/458/ 459/459/ 515/515/
f 458/458/ 515/515/ 516/516/
f 457/457/ 458/458/ 516/516/
f 457/457/ 516/516/ 456/456/
f 511/511/ 510/510/ 517/517/
f 510/510/ 518/518/ 517/517/
f 519/519/ 512/512/ 511/511/
f 519/519/ 511/511/ 520/520/
f 456/456/ 516/516/ 521/521/
f 456/456/ 521/521/ 522/522/
f 455/455/ 456/456/ 522/522/
f 455/455/ 522/522/ 523/523/
f 454/454/ 455/455/ 523/523/
f 454/454/ 523/523/ 524/524/
f 452/452/ 454/454/ 524/524/
f 452/452/ 524/524/ 525/525/
f 453/453/ 452/452/ 525/525/
f 453/453/ 525/525/ 526/526/
f 527/527/ 453/453/ 526/526/
f 451/451/ 453/453/ 527/527/
f 406/406/ 451/451/ 527/527/
f 406/406/ 527/527/ 528/528/
f 404/404/ 406/406/ 528/528/
f 404/404/ 528/528/ 401/401/
f 527/527/ 526/526/ 529/529/
f 528/528/ 527/527/ 529/529/
f 528/528/ 529/529/ 400/400/
f 401/401/ 528/528/ 400/400/
f 398/398/ 400/400/ 529/529/
f 398/398/ 529/529/ 530/530/
f 396/396/ 398/398/ 530/530/
f 396/396/ 530/530/ 531/531/
f 375/375/ 396/396/ 531/531/
f 375/375/ 371/371/ 396/396/
f 529/529/ 526/526/ 532/532/
f 529/529/ 532/532/ 530/530/
f 530/530/ 532/532/ 533/533/
f 530/530/ 533/533/ 531/531/
f 380/380/ 375/375/ 531/531/
f 380/380/ 531/531/ 533/533/
f 533/533/ 532/532/ 534/534/
f 532/532/ 525/525/ 534/534/
f 532/532/ 526/526/ 525/525/
f 533/533/ 534/534/ 535/535/
f 535/535/ 380/380/ 533/533/
f 535/535/ 383/383/ 380/380/
f 525/525/ 536/536/ 534/534/
f 535/535/ 534/534/ 536/536/
f 525/525/ 537/537/ 536/536/
f 524/524/ 537/537/ 525/525/
f 524/524/ 538/538/ 537/537/
f 539/539/ 538/538/ 524/524/
f 539/539/ 524/524/ 523/523/
f 522/522/ 539/539/ 523/523/
f 522/522/ 540/540/ 539/539/
f 521/521/ 540/540/ 522/522/
f 521/521/ 541/541/ 540/540/
f 542/542/ 541/541/ 521/521/
f 516/516/ 542/542/ 521/521/
f 516/516/ 515/515/ 542/542/
f 515/515/ 543/543/ 542/542/
f 515/515/ 514/514/ 543/543/
f 514/514/ 544/544/ 543/543/
f 514/514/ 513/513/ 544/544/
f 544/544/ 513/513/ 512/512/
f 544/544/ 512/512/ 519/519/
f 543/543/ 545/545/ 542/542/
f 542/542/ 545/545/ 541/541/
f 543/543/ 546/546/ 545/545/
f 544/544/ 546/546/ 543/543/
f 547/547/ 545/545/ 546/546/
f 541/541/ 545/545/ 547/547/
f 547/547/ 546/546/ 548/548/
f 541/541/ 547/547/ 549/549/
f 540/540/ 541/541/ 549/549/
f 540/540/ 549/549/ 550/550/
f 539/539/ 540/540/ 550/550/
f 539/539/ 550/550/ 551/551/
f 538/538/ 539/539/ 551/551/
f 538/538/ 551/551/ 552/552/
f 537/537/ 538/538/ 552/552/
f 537/537/ 552/552/ 553/553/
f 536/536/ 537/537/ 553/553/
f 536/536/ 553/553/ 554/554/
f 555/555/ 536/536/ 554/554/
f 535/535/ 536/536/ 555/555/
f 383/383/ 535/535/ 555/555/
f 383/383/ 555/555/ 556/556/
f 383/383/ 556/556/ 557/557/
f 383/383/ 557/557/ 382/382/
f 382/382/ 557/557/ 558/558/
f 382/382/ 558/558/ 381/381/
f 361/361/ 381/381/ 558/558/
f 361/361/ 558/558/ 559/559/
f 360/360/ 361/361/ 559/559/
f 360/360/ 559/559/ 560/560/
f 561/561/ 360/360/ 560/560/
f 561/561/ 359/359/ 360/360/
f 358/358/ 359/359/ 561/561/
f 358/358/ 561/561/ 562/562/
f 357/357/ 358/358/ 562/562/
f 357/357/ 562/562/ 563/563/
f 564/564/ 357/357/ 563/563/
f 352/352/ 357/357/ 564/564/
f 352/352/ 564/564/ 351/351/
f 351/351/ 564/564/ 565/565/
f 351/351/ 565/565/ 350/350/
f 350/350/ 565/565/ 566/566/
f 350/350/ 566/566/ 349/349/
f 566/566/ 348/348/ 349/349/
f 566/566/ 355/355/ 348/348/
f 565/565/ 564/564/ 567/567/
f 564/564/ 563/563/ 567/567/
f 565/565/ 567/567/ 568/568/
f 566/566/ 565/565/ 568/568/
f 569/569/ 568/568/ 567/567/
f 563/563/ 569/569/ 567/567/
f 569/569/ 570/570/ 568/568/
f 563/563/ 571/571/ 569/569/
f 562/562/ 571/571/ 563/563/
f 562/562/ 572/572/ 571/571/
f 561/561/ 572/572/ 562/562/
f 561/561/ 573/573/ 572/572/
f 560/560/ 573/573/ 561/561/
f 560/560/ 574/574/ 573/573/
f 559/559/ 574/574/ 560/560/
f 559/559/ 575/575/ 574/574/
f 558/558/ 575/575/ 559/559/
f 558/558/ 576/576/ 575/575/
f 557/557/ 576/576/ 558/558/
f 557/557/ 577/577/ 576/576/
f 556/556/ 577/577/ 557/557/
f 556/556/ 578/578/ 577/577/
f 571/571/ 572/572/ 579/579/
f 571/571/ 579/579/ 580/580/
f 580/580/ 579/579/ 581/581/
f 580/580/ 581/581/ 582/582/
f 583/583/ 580/580/ 582/582/
f 569/569/ 580/580/ 583/583/
f 583/583/ 570/570/ 569/569/
f 583/583/ 584/584/ 570/570/
f 569/569/ 571/571/ 580/580/
f 583/583/ 582/582/ 585/585/
f 579/579/ 586/586/ 581/581/
f 579/579/ 587/587/ 586/586/
f 572/572/ 587/587/ 579/579/
f 572/572/ 573/573/ 587/587/
f 573/573/ 588/588/ 587/587/
f 573/573/ 574/574/ 588/588/
f 587/587/ 588/588/ 589/589/
f 587/587/ 589/589/ 586/586/
f 574/574/ 590/590/ 588/588/
f 574/574/ 575/575/ 590/590/
f 588/588/ 590/590/ 591/591/
f 588/588/ 591/591/ 589/589/
f 575/575/ 592/592/ 590/590/
f 575/575/ 576/576/ 592/592/
f 590/590/ 592/592/ 593/593/
f 590/590/ 593/593/ 591/591/
f 576/576/ 594/594/ 592/592/
f 576/576/ 577/577/ 594/594/
f 592/592/ 594/594/ 595/595/
f 592/592/ 595/595/ 593/593/
f 577/577/ 596/596/ 594/594/
f 577/577/ 578/578/ 596/596/
f 594/594/ 596/596/ 597/597/
f 594/594/ 597/597/ 595/595/
f 591/591/ 598/598/ 589/589/
f 589/589/ 598/598/ 599/599/
f 589/589/ 599/599/ 586/586/
f 586/586/ 599/599/ 600/600/
f 586/586/ 600/600/ 581/581/
f 581/581/ 600/600/ 601/601/
f 581/581/ 601/601/ 582/582/
f 582/582/ 601/601/ 602/602/
f 582/582/ 602/602/ 585/585/
f 595/595/ 603/603/ 593/593/
f 593/593/ 603/603/ 604/604/
f 591/591/ 604/604/ 598/598/
f 593/593/ 604/604/ 591/591/
f 601/601/ 605/605/ 602/602/
f 605/605/ 606/606/ 602/602/
f 585/585/ 602/602/ 606/606/
f 605/605/ 607/607/ 606/606/
f 601/601/ 608/608/ 605/605/
f 600/600/ 608/608/ 601/601/
f 600/600/ 609/609/ 608/608/
f 599/599/ 609/609/ 600/600/
f 599/599/ 610/610/ 609/609/
f 598/598/ 610/610/ 599/599/
f 598/598/ 611/611/ 610/610/
f 604/604/ 611/611/ 598/598/
f 604/604/ 612/612/ 611/611/
f 603/603/ 612/612/ 604/604/
f 603/603/ 613/613/ 612/612/
f 614/614/ 613/613/ 603/603/
f 595/595/ 614/614/ 603/603/
f 597/597/ 614/614/ 595/595/
f 597/597/ 615/615/ 614/614/
f 614/614/ 616/616/ 613/613/
f 615/615/ 616/616/ 614/614/
f 615/615/ 617/617/ 616/616/
f 609/609/ 618/618/ 608/608/
f 608/608/ 618/618/ 619/619/
f 609/609/ 620/620/ 618/618/
f 610/610/ 621/621/ 620/620/
f 611/611/ 621/621/ 610/610/
f 610/610/ 620/620/ 609/609/
f 611/611/ 622/622/ 621/621/
f 612/612/ 622/622/ 611/611/
f 612/612/ 623/623/ 622/622/
f 613/613/ 623/623/ 612/612/
f 613/613/ 624/624/ 623/623/
f 616/616/ 624/624/ 613/613/
f 616/616/ 625/625/ 624/624/
f 617/617/ 625/625/ 616/616/
f 617/617/ 626/626/ 625/625/
f 627/627/ 619/619/ 618/618/
f 627/627/ 618/618/ 620/620/
f 628/628/ 619/619/ 627/627/
f 628/628/ 627/627/ 629/629/
f 619/619/ 628/628/ 607/607/
f 619/619/ 607/607/ 605/605/
f 608/608/ 619/619/ 605/605/
f 627/627/ 620/620/ 630/630/
f 630/630/ 620/620/ 621/621/
f 630/630/ 621/621/ 622/622/
f 630/630/ 622/622/ 631/631/
f 631/631/ 622/622/ 623/623/
f 631/631/ 623/623/ 624/624/
f 631/631/ 624/624/ 632/632/
f 632/632/ 624/624/ 625/625/
f 632/632/ 625/625/ 626/626/
f 632/632/ 626/626/ 633/633/
f 630/630/ 634/634/ 627/627/
f 634/634/ 629/629/ 627/627/
f 630/630/ 635/635/ 634/634/
f 631/631/ 635/635/ 630/630/
f 631/631/ 636/636/ 635/635/
f 632/632/ 636/636/ 631/631/
f 632/632/ 637/637/ 636/636/
f 633/633/ 637/637/ 632/632/
f 633/633/ 638/638/ 637/637/
f 635/635/ 639/639/ 634/634/
f 635/635/ 640/640/ 639/639/
f 636/636/ 640/640/ 635/635/
f 636/636/ 641/641/ 640/640/
f 637/637/ 641/641/ 636/636/
f 637/637/ 642/642/ 641/641/
f 638/638/ 642/642/ 637/637/
f 638/638/ 643/643/ 642/642/
f 640/640/ 644/644/ 639/639/
f 640/640/ 645/645/ 644/644/
f 641/641/ 645/645/ 640/640/
f 641/641/ 646/646/ 645/645/
f 642/642/ 646/646/ 641/641/
f 642/642/ 647/647/ 646/646/
f 643/643/ 647/647/ 642/642/
f 643/643/ 648/648/ 647/647/
f 645/645/ 649/649/ 644/644/
f 645/645/ 650/650/ 649/649/
f 646/646/ 650/650/ 645/645/
f 650/650/ 651/651/ 649/649/
f 644/644/ 649/649/ 651/651/
f 650/650/ 652/652/ 651/651/
f 653/653/ 652/652/ 650/650/
f 653/653/ 654/654/ 652/652/
f 655/655/ 654/654/ 653/653/
f 655/655/ 656/656/ 654/654/
f 657/657/ 656/656/ 655/655/
f 657/657/ 655/655/ 658/658/
f 646/646/ 659/659/ 650/650/
f 647/647/ 659/659/ 646/646/
f 653/653/ 650/650/ 659/659/
f 647/647/ 660/660/ 659/659/
f 648/648/ 660/660/ 647/647/
f 648/648/ 661/661/ 660/660/
f 660/660/ 662/662/ 659/659/
f 655/655/ 653/653/ 662/662/
f 653/653/ 659/659/ 662/662/
f 660/660/ 663/663/ 662/662/
f 655/655/ 662/662/ 663/663/
f 658/658/ 655/655/ 663/663/
f 664/664/ 663/663/ 660/660/
f 664/664/ 660/660/ 661/661/
f 658/658/ 663/663/ 664/664/
f 651/651/ 652/652/ 665/665/
f 654/654/ 665/665/ 652/652/
f 651/651/ 665/665/ 666/666/
f 666/666/ 665/665/ 667/667/
f 665/665/ 668/668/ 667/667/
f 665/665/ 669/669/ 668/668/
f 654/654/ 669/669/ 665/665/
f 669/669/ 654/654/ 656/656/
f 668/668/ 670/670/ 667/667/
f 668/668/ 671/671/ 670/670/
f 669/669/ 672/672/ 668/668/
f 669/669/ 673/673/ 672/672/
f 673/673/ 674/674/ 672/672/
f 673/673/ 675/675/ 674/674/
f 676/676/ 671/671/ 668/668/
f 676/676/ 668/668/ 672/672/
f 666/666/ 667/667/ 677/677/
f 670/670/ 677/677/ 667/667/
f 678/678/ 666/666/ 677/677/
f 678/678/ 677/677/ 679/679/
f 679/679/ 677/677/ 680/680/
f 670/670/ 680/680/ 677/677/
f 679/679/ 680/680/ 681/681/
f 682/682/ 678/678/ 679/679/
f 682/682/ 679/679/ 683/683/
f 683/683/ 679/679/ 681/681/
f 684/684/ 682/682/ 683/683/
f 684/684/ 683/683/ 685/685/
f 683/683/ 681/681/ 685/685/
f 684/684/ 685/685/ 686/686/
f 686/686/ 687/687/ 684/684/
f 688/688/ 684/684/ 687/687/
f 688/688/ 689/689/ 684/684/
f 682/682/ 684/684/ 689/689/
f 690/690/ 689/689/ 688/688/
f 690/690/ 691/691/ 689/689/
f 692/692/ 691/691/ 690/690/
f 692/692/ 693/693/ 691/691/
f 694/694/ 693/693/ 692/692/
f 694/694/ 695/695/ 693/693/
f 686/686/ 696/696/ 687/687/
f 697/697/ 696/696/ 686/686/
f 697/697/ 698/698/ 696/696/
f 698/698/ 697/697/ 699/699/
f 698/698/ 699/699/ 700/700/
f 700/700/ 699/699/ 701/701/
f 700/700/ 701/701/ 702/702/
f 703/703/ 702/702/ 701/701/
f 703/703/ 701/701/ 704/704/
f 704/704/ 701/701/ 705/705/
f 699/699/ 705/705/ 701/701/
f 704/704/ 705/705/ 706/706/
f 707/707/ 704/704/ 706/706/
f 707/707/ 708/708/ 704/704/
f 703/703/ 704/704/ 708/708/
f 707/707/ 709/709/ 708/708/
f 707/707/ 710/710/ 709/709/
f 699/699/ 711/711/ 705/705/
f 697/697/ 711/711/ 699/699/
f 697/697/ 712/712/ 711/711/
f 686/686/ 712/712/ 697/697/
f 686/686/ 685/685/ 712/712/
f 713/713/ 700/700/ 702/702/
f 714/714/ 700/700/ 713/713/
f 715/715/ 714/714/ 713/713/
f 715/715/ 713/713/ 716/716/
f 716/716/ 713/713/ 717/717/
f 716/716/ 717/717/ 718/718/
f 716/716/ 718/718/ 719/719/
f 716/716/ 719/719/ 720/720/
f 715/715/ 716/716/ 720/720/
f 720/720/ 719/719/ 721/721/
f 720/720/ 721/721/ 722/722/
f 723/723/ 721/721/ 719/719/
f 723/723/ 719/719/ 724/724/
f 724/724/ 719/719/ 718/718/
f 724/724/ 718/718/ 725/725/
f 725/725/ 718/718/ 717/717/
f 721/721/ 726/726/ 722/722/
f 721/721/ 727/727/ 726/726/
f 728/728/ 727/727/ 721/721/
f 728/728/ 721/721/ 723/723/
f 725/725/ 717/717/ 729/729/
f 727/727/ 730/730/ 726/726/
f 727/727/ 731/731/ 730/730/
f 732/732/ 731/731/ 727/727/
f 732/732/ 727/727/ 728/728/
f 730/730/ 731/731/ 733/733/
f 730/730/ 733/733/ 734/734/
f 735/735/ 733/733/ 731/731/
f 735/735/ 731/731/ 732/732/
f 733/733/ 736/736/ 734/734/
f 733/733/ 737/737/ 736/736/
f 738/738/ 737/737/ 733/733/
f 738/738/ 733/733/ 735/735/
f 735/735/ 739/739/ 738/738/
f 735/735/ 740/740/ 739/739/
f 732/732/ 740/740/ 735/735/
f 736/736/ 737/737/ 741/741/
f 736/736/ 741/741/ 742/742/
f 743/743/ 741/741/ 737/737/
f 743/743/ 737/737/ 738/738/
f 738/738/ 739/739/ 744/744/
f 738/738/ 744/744/ 743/743/
f 745/745/ 730/730/ 734/734/
f 730/730/ 745/745/ 746/746/
f 745/745/ 734/734/ 747/747/
f 747/747/ 734/734/ 736/736/
f 747/747/ 736/736/ 748/748/
f 748/748/ 736/736/ 742/742/
f 748/748/ 742/742/ 749/749/
f 749/749/ 742/742/ 750/750/
f 749/749/ 750/750/ 751/751/
f 752/752/ 749/749/ 751/751/
f 752/752/ 751/751/ 753/753/
f 751/751/ 750/750/ 754/754/
f 754/754/ 750/750/ 755/755/
f 742/742/ 741/741/ 755/755/
f 742/742/ 755/755/ 750/750/
f 754/754/ 755/755/ 756/756/
f 751/751/ 754/754/ 757/757/
f 757/757/ 754/754/ 758/758/
f 757/757/ 758/758/ 759/759/
f 759/759/ 758/758/ 760/760/
f 760/760/ 758/758/ 761/761/
f 754/754/ 756/756/ 761/761/
f 754/754/ 761/761/ 758/758/
f 760/760/ 761/761/ 762/762/
f 763/763/ 760/760/ 762/762/
f 763/763/ 762/762/ 764/764/
f 763/763/ 764/764/ 765/765/
f 763/763/ 765/765/ 766/766/
f 763/763/ 766/766/ 767/767/
f 765/765/ 768/768/ 766/766/
f 765/765/ 769/769/ 768/768/
f 766/766/ 770/770/ 767/767/
f 766/766/ 771/771/ 770/770/
f 768/768/ 771/771/ 766/766/
f 768/768/ 772/772/ 771/771/
f 765/765/ 764/764/ 773/773/
f 765/765/ 773/773/ 769/769/
f 767/767/ 774/774/ 763/763/
f 763/763/ 774/774/ 760/760/
f 767/767/ 775/775/ 774/774/
f 769/769/ 776/776/ 768/768/
f 769/769/ 777/777/ 776/776/
f 773/773/ 777/777/ 769/769/
f 778/778/ 775/775/ 767/767/
f 778/778/ 767/767/ 770/770/
f 771/771/ 778/778/ 770/770/
f 768/768/ 776/776/ 779/779/
f 768/768/ 779/779/ 772/772/
f 780/780/ 775/775/ 778/778/
f 781/781/ 780/780/ 778/778/
f 771/771/ 781/781/ 778/778/
f 772/772/ 781/781/ 771/771/
f 781/781/ 782/782/ 780/780/
f 783/783/ 782/782/ 781/781/
f 772/772/ 783/783/ 781/781/
f 779/779/ 783/783/ 772/772/
f 783/783/ 784/784/ 782/782/
f 782/782/ 785/785/ 780/780/
f 782/782/ 786/786/ 785/785/
f 784/784/ 786/786/ 782/782/
f 784/784/ 787/787/ 786/786/
f 780/780/ 788/788/ 775/775/
f 783/783/ 779/779/ 789/789/
f 783/783/ 789/789/ 784/784/
f 784/784/ 789/789/ 787/787/
f 790/790/ 788/788/ 780/780/
f 790/790/ 780/780/ 785/785/
f 786/786/ 790/790/ 785/785/
f 791/791/ 788/788/ 790/790/
f 792/792/ 791/791/ 790/790/
f 792/792/ 793/793/ 791/791/
f 794/794/ 793/793/ 792/792/
f 795/795/ 794/794/ 792/792/
f 789/789/ 795/795/ 787/787/
f 795/795/ 792/792/ 796/796/
f 786/786/ 796/796/ 790/790/
f 787/787/ 795/795/ 796/796/
f 787/787/ 796/796/ 786/786/
f 796/796/ 792/792/ 790/790/
f 794/794/ 797/797/ 793/793/
f 793/793/ 798/798/ 791/791/
f 793/793/ 799/799/ 798/798/
f 797/797/ 799/799/ 793/793/
f 797/797/ 800/800/ 799/799/
f 799/799/ 801/801/ 798/798/
f 800/800/ 801/801/ 799/799/
f 800/800/ 802/802/ 801/801/
f 791/791/ 803/803/ 788/788/
f 798/798/ 803/803/ 791/791/
f 795/795/ 789/789/ 804/804/
f 795/795/ 804/804/ 794/794/
f 794/794/ 804/804/ 797/797/
f 798/798/ 805/805/ 803/803/
f 797/797/ 804/804/ 714/714/
f 797/797/ 714/714/ 800/800/
f 800/800/ 714/714/ 802/802/
f 806/806/ 803/803/ 805/805/
f 788/788/ 803/803/ 806/806/
f 788/788/ 806/806/ 807/807/
f 775/775/ 788/788/ 807/807/
f 775/775/ 807/807/ 808/808/
f 808/808/ 807/807/ 809/809/
f 808/808/ 809/809/ 810/810/
f 807/807/ 806/806/ 811/811/
f 807/807/ 811/811/ 809/809/
f 806/806/ 812/812/ 811/811/
f 806/806/ 813/813/ 812/812/
f 806/806/ 805/805/ 813/813/
f 814/814/ 775/775/ 808/808/
f 810/810/ 814/814/ 808/808/
f 814/814/ 774/774/ 775/775/
f 810/810/ 815/815/ 814/814/
f 814/814/ 760/760/ 774/774/
f 814/814/ 816/816/ 760/760/
f 815/815/ 816/816/ 814/814/
f 815/815/ 817/817/ 816/816/
f 810/810/ 817/817/ 815/815/
f 818/818/ 816/816/ 817/817/
f 818/818/ 759/759/ 816/816/
f 759/759/ 760/760/ 816/816/
f 819/819/ 759/759/ 818/818/
f 819/819/ 757/757/ 759/759/
f 810/810/ 820/820/ 817/817/
f 820/820/ 818/818/ 817/817/
f 810/810/ 809/809/ 821/821/
f 810/810/ 821/821/ 820/820/
f 811/811/ 812/812/ 822/822/
f 811/811/ 822/822/ 823/823/
f 809/809/ 823/823/ 821/821/
f 809/809/ 811/811/ 823/823/
f 820/820/ 824/824/ 818/818/
f 821/821/ 824/824/ 820/820/
f 824/824/ 819/819/ 818/818/
f 821/821/ 825/825/ 824/824/
f 824/824/ 825/825/ 819/819/
f 826/826/ 825/825/ 821/821/
f 826/826/ 821/821/ 823/823/
f 819/819/ 825/825/ 826/826/
f 823/823/ 822/822/ 752/752/
f 823/823/ 752/752/ 826/826/
f 826/826/ 752/752/ 753/753/
f 819/819/ 826/826/ 753/753/
f 822/822/ 749/749/ 752/752/
f 822/822/ 748/748/ 749/749/
f 812/812/ 748/748/ 822/822/
f 812/812/ 747/747/ 748/748/
f 813/813/ 747/747/ 812/812/
f 813/813/ 745/745/ 747/747/
f 745/745/ 813/813/ 805/805/
f 745/745/ 805/805/ 746/746/
f 805/805/ 827/827/ 746/746/
f 726/726/ 746/746/ 827/827/
f 726/726/ 827/827/ 722/722/
f 828/828/ 722/722/ 827/827/
f 828/828/ 720/720/ 722/722/
f 715/715/ 720/720/ 828/828/
f 730/730/ 746/746/ 726/726/
f 801/801/ 828/828/ 827/827/
f 801/801/ 827/827/ 798/798/
f 805/805/ 798/798/ 827/827/
f 802/802/ 715/715/ 828/828/
f 802/802/ 828/828/ 801/801/
f 714/714/ 715/715/ 802/802/
f 698/698/ 714/714/ 804/804/
f 698/698/ 804/804/ 696/696/
f 696/696/ 804/804/ 789/789/
f 696/696/ 789/789/ 687/687/
f 779/779/ 687/687/ 789/789/
f 779/779/ 688/688/ 687/687/
f 776/776/ 688/688/ 779/779/
f 776/776/ 690/690/ 688/688/
f 777/777/ 690/690/ 776/776/
f 777/777/ 692/692/ 690/690/
f 829/829/ 692/692/ 777/777/
f 773/773/ 829/829/ 777/777/
f 829/829/ 694/694/ 692/692/
f 714/714/ 698/698/ 700/700/
f 830/830/ 829/829/ 773/773/
f 830/830/ 773/773/ 831/831/
f 832/832/ 830/830/ 831/831/
f 832/832/ 831/831/ 833/833/
f 833/833/ 831/831/ 834/834/
f 833/833/ 834/834/ 835/835/
f 835/835/ 834/834/ 836/836/
f 835/835/ 836/836/ 837/837/
f 837/837/ 836/836/ 756/756/
f 837/837/ 756/756/ 838/838/
f 838/838/ 756/756/ 755/755/
f 838/838/ 755/755/ 839/839/
f 839/839/ 755/755/ 741/741/
f 839/839/ 741/741/ 743/743/
f 840/840/ 837/837/ 838/838/
f 840/840/ 835/835/ 837/837/
f 840/840/ 838/838/ 841/841/
f 840/840/ 842/842/ 835/835/
f 833/833/ 835/835/ 842/842/
f 843/843/ 840/840/ 841/841/
f 843/843/ 841/841/ 844/844/
f 845/845/ 842/842/ 840/840/
f 845/845/ 840/840/ 843/843/
f 845/845/ 846/846/ 842/842/
f 833/833/ 842/842/ 846/846/
f 846/846/ 832/832/ 833/833/
f 846/846/ 847/847/ 832/832/
f 845/845/ 848/848/ 846/846/
f 848/848/ 847/847/ 846/846/
f 848/848/ 740/740/ 847/847/
f 849/849/ 847/847/ 740/740/
f 732/732/ 849/849/ 740/740/
f 849/849/ 850/850/ 847/847/
f 850/850/ 851/851/ 847/847/
f 832/832/ 847/847/ 851/851/
f 850/850/ 852/852/ 851/851/
f 852/852/ 850/850/ 853/853/
f 852/852/ 853/853/ 854/854/
f 854/854/ 853/853/ 855/855/
f 724/724/ 855/855/ 853/853/
f 724/724/ 853/853/ 723/723/
f 854/854/ 855/855/ 856/856/
f 728/728/ 849/849/ 732/732/
f 853/853/ 728/728/ 723/723/
f 728/728/ 857/857/ 849/849/
f 853/853/ 857/857/ 728/728/
f 857/857/ 853/853/ 850/850/
f 857/857/ 850/850/ 849/849/
f 855/855/ 703/703/ 856/856/
f 855/855/ 729/729/ 703/703/
f 729/729/ 855/855/ 725/725/
f 855/855/ 724/724/ 725/725/
f 729/729/ 702/702/ 703/703/
f 729/729/ 717/717/ 702/702/
f 713/713/ 702/702/ 717/717/
f 709/709/ 852/852/ 854/854/
f 709/709/ 858/858/ 852/852/
f 709/709/ 859/859/ 858/858/
f 860/860/ 858/858/ 859/859/
f 860/860/ 859/859/ 861/861/
f 860/860/ 861/861/ 862/862/
f 862/862/ 861/861/ 863/863/
f 862/862/ 863/863/ 864/864/
f 865/865/ 862/862/ 864/864/
f 866/866/ 865/865/ 864/864/
f 867/867/ 865/865/ 866/866/
f 868/868/ 867/867/ 866/866/
f 868/868/ 866/866/ 869/869/
f 869/869/ 866/866/ 870/870/
f 866/866/ 864/864/ 870/870/
f 869/869/ 870/870/ 871/871/
f 872/872/ 868/868/ 869/869/
f 872/872/ 869/869/ 873/873/
f 873/873/ 869/869/ 871/871/
f 874/874/ 872/872/ 873/873/
f 874/874/ 873/873/ 875/875/
f 874/874/ 875/875/ 876/876/
f 874/874/ 876/876/ 877/877/
f 878/878/ 877/877/ 876/876/
f 879/879/ 877/877/ 878/878/
f 879/879/ 878/878/ 880/880/
f 879/879/ 880/880/ 881/881/
f 881/881/ 880/880/ 882/882/
f 881/881/ 882/882/ 883/883/
f 884/884/ 883/883/ 882/882/
f 884/884/ 882/882/ 885/885/
f 886/886/ 884/884/ 885/885/
f 886/886/ 885/885/ 887/887/
f 887/887/ 888/888/ 886/886/
f 887/887/ 889/889/ 888/888/
f 890/890/ 888/888/ 889/889/
f 890/890/ 889/889/ 891/891/
f 890/890/ 891/891/ 892/892/
f 890/890/ 892/892/ 893/893/
f 893/893/ 892/892/ 894/894/
f 893/893/ 894/894/ 895/895/
f 895/895/ 894/894/ 18/18/
f 895/895/ 18/18/ 20/20/
f 896/896/ 892/892/ 891/891/
f 896/896/ 891/891/ 897/897/
f 898/898/ 896/896/ 897/897/
f 898/898/ 897/897/ 899/899/
f 900/900/ 898/898/ 899/899/
f 901/901/ 898/898/ 900/900/
f 902/902/ 901/901/ 900/900/
f 9/9/ 901/901/ 902/902/
f 7/7/ 9/9/ 902/902/
f 7/7/ 902/902/ 903/903/
f 5/5/ 7/7/ 903/903/
f 5/5/ 903/903/ 904/904/
f 4/4/ 5/5/ 904/904/
f 4/4/ 904/904/ 905/905/
f 906/906/ 4/4/ 905/905/
f 906/906/ 1/1/ 4/4/
f 905/905/ 907/907/ 906/906/
f 905/905/ 908/908/ 907/907/
f 908/908/ 909/909/ 907/907/
f 908/908/ 910/910/ 909/909/
f 905/905/ 904/904/ 911/911/
f 905/905/ 911/911/ 908/908/
f 908/908/ 911/911/ 912/912/
f 908/908/ 912/912/ 910/910/
f 904/904/ 903/903/ 913/913/
f 904/904/ 913/913/ 911/911/
f 911/911/ 913/913/ 914/914/
f 911/911/ 914/914/ 912/912/
f 903/903/ 915/915/ 913/913/
f 903/903/ 902/902/ 915/915/
f 913/913/ 915/915/ 916/916/
f 913/913/ 916/916/ 914/914/
f 902/902/ 900/900/ 915/915/
f 915/915/ 900/900/ 917/917/
f 915/915/ 917/917/ 916/916/
f 900/900/ 899/899/ 917/917/
f 910/910/ 918/918/ 909/909/
f 910/910/ 919/919/ 918/918/
f 912/912/ 919/919/ 910/910/
f 912/912/ 920/920/ 919/919/
f 914/914/ 920/920/ 912/912/
f 914/914/ 921/921/ 920/920/
f 916/916/ 921/921/ 914/914/
f 916/916/ 922/922/ 921/921/
f 917/917/ 922/922/ 916/916/
f 917/917/ 923/923/ 922/922/
f 899/899/ 923/923/ 917/917/
f 899/899/ 924/924/ 923/923/
f 897/897/ 924/924/ 899/899/
f 897/897/ 925/925/ 924/924/
f 891/891/ 925/925/ 897/897/
f 891/891/ 889/889/ 925/925/
f 889/889/ 926/926/ 925/925/
f 889/889/ 887/887/ 926/926/
f 919/919/ 927/927/ 918/918/
f 919/919/ 928/928/ 927/927/
f 920/920/ 928/928/ 919/919/
f 920/920/ 929/929/ 928/928/
f 921/921/ 929/929/ 920/920/
f 921/921/ 930/930/ 929/929/
f 922/922/ 930/930/ 921/921/
f 922/922/ 931/931/ 930/930/
f 923/923/ 931/931/ 922/922/
f 923/923/ 932/932/ 931/931/
f 924/924/ 932/932/ 923/923/
f 924/924/ 933/933/ 932/932/
f 925/925/ 926/926/ 933/933/
f 925/925/ 933/933/ 924/924/
f 887/887/ 934/934/ 926/926/
f 887/887/ 885/885/ 934/934/
f 928/928/ 935/935/ 927/927/
f 928/928/ 936/936/ 935/935/
f 929/929/ 936/936/ 928/928/
f 929/929/ 937/937/ 936/936/
f 930/930/ 937/937/ 929/929/
f 930/930/ 938/938/ 937/937/
f 931/931/ 938/938/ 930/930/
f 931/931/ 939/939/ 938/938/
f 932/932/ 939/939/ 931/931/
f 932/932/ 940/940/ 939/939/
f 933/933/ 940/940/ 932/932/
f 933/933/ 941/941/ 940/940/
f 926/926/ 934/934/ 941/941/
f 926/926/ 941/941/ 933/933/
f 885/885/ 942/942/ 934/934/
f 885/885/ 882/882/ 942/942/
f 936/936/ 943/943/ 935/935/
f 936/936/ 944/944/ 943/943/
f 937/937/ 944/944/ 936/936/
f 937/937/ 945/945/ 944/944/
f 938/938/ 945/945/ 937/937/
f 938/938/ 946/946/ 945/945/
f 939/939/ 946/946/ 938/938/
f 939/939/ 947/947/ 946/946/
f 940/940/ 947/947/ 939/939/
f 940/940/ 948/948/ 947/947/
f 941/941/ 948/948/ 940/940/
f 941/941/ 949/949/ 948/948/
f 934/934/ 942/942/ 949/949/
f 934/934/ 949/949/ 941/941/
f 880/880/ 942/942/ 882/882/
f 880/880/ 950/950/ 942/942/
f 950/950/ 949/949/ 942/942/
f 878/878/ 950/950/ 880/880/
f 878/878/ 951/951/ 950/950/
f 950/950/ 952/952/ 949/949/
f 951/951/ 952/952/ 950/950/
f 951/951/ 953/953/ 952/952/
f 944/944/ 954/954/ 943/943/
f 944/944/ 955/955/ 954/954/
f 945/945/ 955/955/ 944/944/
f 945/945/ 956/956/ 955/955/
f 946/946/ 956/956/ 945/945/
f 946/946/ 957/957/ 956/956/
f 947/947/ 957/957/ 946/946/
f 947/947/ 958/958/ 957/957/
f 948/948/ 958/958/ 947/947/
f 948/948/ 959/959/ 958/958/
f 949/949/ 952/952/ 959/959/
f 949/949/ 959/959/ 948/948/
f 955/955/ 960/960/ 954/954/
f 955/955/ 961/961/ 960/960/
f 956/956/ 961/961/ 955/955/
f 956/956/ 962/962/ 961/961/
f 957/957/ 962/962/ 956/956/
f 957/957/ 963/963/ 962/962/
f 958/958/ 963/963/ 957/957/
f 958/958/ 964/964/ 963/963/
f 959/959/ 964/964/ 958/958/
f 959/959/ 965/965/ 964/964/
f 952/952/ 953/953/ 965/965/
f 952/952/ 965/965/ 959/959/
f 878/878/ 876/876/ 951/951/
f 951/951/ 876/876/ 966/966/
f 951/951/ 966/966/ 953/953/
f 961/961/ 967/967/ 960/960/
f 961/961/ 968/968/ 967/967/
f 962/962/ 968/968/ 961/961/
f 962/962/ 969/969/ 968/968/
f 963/963/ 969/969/ 962/962/
f 963/963/ 970/970/ 969/969/
f 964/964/ 970/970/ 963/963/
f 964/964/ 971/971/ 970/970/
f 965/965/ 971/971/ 964/964/
f 965/965/ 972/972/ 971/971/
f 953/953/ 966/966/ 972/972/
f 953/953/ 972/972/ 965/965/
f 876/876/ 973/973/ 966/966/
f 876/876/ 974/974/ 973/973/
f 876/876/ 975/975/ 974/974/
f 876/876/ 875/875/ 975/975/
f 968/968/ 976/976/ 967/967/
f 968/968/ 977/977/ 976/976/
f 969/969/ 977/977/ 968/968/
f 969/969/ 978/978/ 977/977/
f 970/970/ 978/978/ 969/969/
f 970/970/ 979/979/ 978/978/
f 971/971/ 979/979/ 970/970/
f 971/971/ 980/980/ 979/979/
f 972/972/ 980/980/ 971/971/
f 972/972/ 981/981/ 980/980/
f 966/966/ 973/973/ 981/981/
f 966/966/ 981/981/ 972/972/
f 875/875/ 982/982/ 975/975/
f 875/875/ 873/873/ 982/982/
f 873/873/ 871/871/ 982/982/
f 871/871/ 983/983/ 982/982/
f 983/983/ 975/975/ 982/982/
f 871/871/ 984/984/ 983/983/
f 870/870/ 984/984/ 871/871/
f 870/870/ 985/985/ 984/984/
f 864/864/ 985/985/ 870/870/
f 864/864/ 863/863/ 985/985/
f 981/981/ 986/986/ 980/980/
f 981/981/ 987/987/ 986/986/
f 987/987/ 981/981/ 973/973/
f 987/987/ 973/973/ 988/988/
f 989/989/ 980/980/ 986/986/
f 989/989/ 979/979/ 980/980/
f 990/990/ 979/979/ 989/989/
f 990/990/ 978/978/ 979/979/
f 991/991/ 978/978/ 990/990/
f 991/991/ 977/977/ 978/978/
f 992/992/ 977/977/ 991/991/
f 992/992/ 976/976/ 977/977/
f 974/974/ 988/988/ 973/973/
f 974/974/ 993/993/ 988/988/
f 975/975/ 993/993/ 974/974/
f 975/975/ 994/994/ 993/993/
f 983/983/ 994/994/ 975/975/
f 994/994/ 995/995/ 993/993/
f 994/994/ 996/996/ 995/995/
f 983/983/ 996/996/ 994/994/
f 983/983/ 997/997/ 996/996/
f 984/984/ 997/997/ 983/983/
f 984/984/ 998/998/ 997/997/
f 985/985/ 998/998/ 984/984/
f 985/985/ 999/999/ 998/998/
f 863/863/ 999/999/ 985/985/
f 863/863/ 1000/1000/ 999/999/
f 861/861/ 1000/1000/ 863/863/
f 861/861/ 1001/1001/ 1000/1000/
f 993/993/ 995/995/ 1002/1002/
f 993/993/ 1002/1002/ 988/988/
f 988/988/ 1002/1002/ 1003/1003/
f 988/988/ 1003/1003/ 987/987/
f 1004/1004/ 1003/1003/ 1002/1002/
f 1004/1004/ 987/987/ 1003/1003/
f 1004/1004/ 1002/1002/ 1005/1005/
f 1006/1006/ 1004/1004/ 1005/1005/
f 1006/1006/ 1007/1007/ 1004/1004/
f 986/986/ 1004/1004/ 1007/1007/
f 1004/1004/ 986/986/ 987/987/
f 986/986/ 1007/1007/ 989/989/
f 989/989/ 1007/1007/ 1008/1008/
f 989/989/ 1008/1008/ 990/990/
f 990/990/ 1008/1008/ 1009/1009/
f 990/990/ 1009/1009/ 991/991/
f 991/991/ 1009/1009/ 1010/1010/
f 991/991/ 1010/1010/ 992/992/
f 1008/1008/ 1011/1011/ 1009/1009/
f 1010/1010/ 1009/1009/ 1011/1011/
f 1008/1008/ 1012/1012/ 1011/1011/
f 1007/1007/ 1006/1006/ 1012/1012/
f 1007/1007/ 1012/1012/ 1008/1008/
f 1010/1010/ 1011/1011/ 1013/1013/
f 1011/1011/ 1014/1014/ 1013/1013/
f 1011/1011/ 1015/1015/ 1014/1014/
f 1012/1012/ 1015/1015/ 1011/1011/
f 1016/1016/ 1014/1014/ 1015/1015/
f 1016/1016/ 1015/1015/ 1017/1017/
f 1017/1017/ 1015/1015/ 1018/1018/
f 1012/1012/ 1018/1018/ 1015/1015/
f 1017/1017/ 1018/1018/ 1019/1019/
f 1019/1019/ 1018/1018/ 1020/1020/
f 1019/1019/ 1020/1020/ 1021/1021/
f 1020/1020/ 1022/1022/ 1021/1021/
f 1020/1020/ 1023/1023/ 1022/1022/
f 1022/1022/ 1023/1023/ 995/995/
f 1022/1022/ 995/995/ 996/996/
f 1024/1024/ 1016/1016/ 1017/1017/
f 1024/1024/ 1017/1017/ 1025/1025/
f 1025/1025/ 1017/1017/ 1019/1019/
f 1024/1024/ 1025/1025/ 1026/1026/
f 1024/1024/ 1026/1026/ 1027/1027/
f 1025/1025/ 1019/1019/ 1028/1028/
f 1028/1028/ 1019/1019/ 1021/1021/
f 1028/1028/ 1021/1021/ 1029/1029/
f 1022/1022/ 1029/1029/ 1021/1021/
f 1022/1022/ 1030/1030/ 1029/1029/
f 996/996/ 1030/1030/ 1022/1022/
f 996/996/ 997/997/ 1030/1030/
f 998/998/ 1030/1030/ 997/997/
f 998/998/ 1031/1031/ 1030/1030/
f 1032/1032/ 1031/1031/ 998/998/
f 1032/1032/ 1033/1033/ 1031/1031/
f 1033/1033/ 1029/1029/ 1030/1030/
f 1033/1033/ 1030/1030/ 1031/1031/
f 1032/1032/ 1034/1034/ 1033/1033/
f 1035/1035/ 1033/1033/ 1034/1034/
f 1035/1035/ 1036/1036/ 1033/1033/
f 1036/1036/ 1028/1028/ 1029/1029/
f 1036/1036/ 1029/1029/ 1033/1033/
f 1025/1025/ 1028/1028/ 1036/1036/
f 1025/1025/ 1036/1036/ 1026/1026/
f 1036/1036/ 1035/1035/ 1037/1037/
f 1036/1036/ 1037/1037/ 1026/1026/
f 1038/1038/ 1037/1037/ 1035/1035/
f 1038/1038/ 1039/1039/ 1037/1037/
f 1039/1039/ 1027/1027/ 1026/1026/
f 1039/1039/ 1026/1026/ 1037/1037/
f 1040/1040/ 1038/1038/ 1035/1035/
f 1040/1040/ 1041/1041/ 1038/1038/
f 1042/1042/ 1041/1041/ 1040/1040/
f 1042/1042/ 1040/1040/ 1043/1043/
f 1032/1032/ 998/998/ 999/999/
f 999/999/ 1044/1044/ 1032/1032/
f 1044/1044/ 1034/1034/ 1032/1032/
f 999/999/ 1000/1000/ 1044/1044/
f 1045/1045/ 1044/1044/ 1000/1000/
f 1045/1045/ 1000/1000/ 1001/1001/
f 1046/1046/ 1045/1045/ 1001/1001/
f 1046/1046/ 1001/1001/ 1047/1047/
f 1048/1048/ 1046/1046/ 1047/1047/
f 1048/1048/ 1049/1049/ 1046/1046/
f 1050/1050/ 1049/1049/ 1048/1048/
f 1050/1050/ 1051/1051/ 1049/1049/
f 1049/1049/ 1052/1052/ 1046/1046/
f 1052/1052/ 1045/1045/ 1046/1046/
f 1049/1049/ 1053/1053/ 1052/1052/
f 1051/1051/ 1053/1053/ 1049/1049/
f 1051/1051/ 1054/1054/ 1053/1053/
f 1053/1053/ 1055/1055/ 1052/1052/
f 1053/1053/ 1056/1056/ 1055/1055/
f 1054/1054/ 1056/1056/ 1053/1053/
f 1054/1054/ 1057/1057/ 1056/1056/
f 1056/1056/ 1058/1058/ 1055/1055/
f 1056/1056/ 1059/1059/ 1058/1058/
f 1057/1057/ 1059/1059/ 1056/1056/
f 1059/1059/ 1060/1060/ 1058/1058/
f 1059/1059/ 1061/1061/ 1060/1060/
f 1062/1062/ 1061/1061/ 1059/1059/
f 1057/1057/ 1062/1062/ 1059/1059/
f 1062/1062/ 1063/1063/ 1061/1061/
f 1061/1061/ 1064/1064/ 1060/1060/
f 1061/1061/ 1065/1065/ 1064/1064/
f 1063/1063/ 1065/1065/ 1061/1061/
f 1063/1063/ 1066/1066/ 1065/1065/
f 1067/1067/ 1054/1054/ 1051/1051/
f 1068/1068/ 1067/1067/ 1051/1051/
f 1068/1068/ 1051/1051/ 1050/1050/
f 1069/1069/ 1067/1067/ 1068/1068/
f 1070/1070/ 1069/1069/ 1068/1068/
f 1071/1071/ 1069/1069/ 1070/1070/
f 1072/1072/ 1071/1071/ 1070/1070/
f 1072/1072/ 1070/1070/ 1073/1073/
f 1074/1074/ 1072/1072/ 1073/1073/
f 1074/1074/ 1073/1073/ 1075/1075/
f 1076/1076/ 1074/1074/ 1075/1075/
f 1076/1076/ 1075/1075/ 1077/1077/
f 1078/1078/ 1076/1076/ 1077/1077/
f 1078/1078/ 1077/1077/ 1079/1079/
f 670/670/ 1078/1078/ 1079/1079/
f 670/670/ 1079/1079/ 680/680/
f 671/671/ 1078/1078/ 670/670/
f 671/671/ 1080/1080/ 1078/1078/
f 1080/1080/ 1076/1076/ 1078/1078/
f 676/676/ 1080/1080/ 671/671/
f 676/676/ 1081/1081/ 1080/1080/
f 680/680/ 1079/1079/ 1082/1082/
f 680/680/ 1082/1082/ 681/681/
f 681/681/ 1082/1082/ 712/712/
f 681/681/ 712/712/ 685/685/
f 1082/1082/ 711/711/ 712/712/
f 1082/1082/ 1083/1083/ 711/711/
f 1079/1079/ 1077/1077/ 1083/1083/
f 1079/1079/ 1083/1083/ 1082/1082/
f 1081/1081/ 1084/1084/ 1080/1080/
f 1081/1081/ 1085/1085/ 1084/1084/
f 1080/1080/ 1084/1084/ 1076/1076/
f 1083/1083/ 705/705/ 711/711/
f 1083/1083/ 1086/1086/ 705/705/
f 1085/1085/ 1087/1087/ 1084/1084/
f 1085/1085/ 1088/1088/ 1087/1087/
f 1084/1084/ 1087/1087/ 1074/1074/
f 1084/1084/ 1074/1074/ 1076/1076/
f 1077/1077/ 1086/1086/ 1083/1083/
f 1077/1077/ 1075/1075/ 1086/1086/
f 1086/1086/ 706/706/ 705/705/
f 1086/1086/ 1089/1089/ 706/706/
f 1075/1075/ 1089/1089/ 1086/1086/
f 1088/1088/ 1090/1090/ 1087/1087/
f 1088/1088/ 1091/1091/ 1090/1090/
f 1087/1087/ 1090/1090/ 1072/1072/
f 1087/1087/ 1072/1072/ 1074/1074/
f 1075/1075/ 1073/1073/ 1089/1089/
f 1092/1092/ 706/706/ 1089/1089/
f 1073/1073/ 1092/1092/ 1089/1089/
f 1092/1092/ 1093/1093/ 706/706/
f 1093/1093/ 707/707/ 706/706/
f 1093/1093/ 1094/1094/ 707/707/
f 1095/1095/ 707/707/ 1094/1094/
f 1095/1095/ 710/710/ 707/707/
f 861/861/ 710/710/ 1095/1095/
f 861/861/ 859/859/ 710/710/
f 709/709/ 710/710/ 859/859/
f 1091/1091/ 1096/1096/ 1090/1090/
f 1091/1091/ 1097/1097/ 1096/1096/
f 1090/1090/ 1096/1096/ 1071/1071/
f 1090/1090/ 1071/1071/ 1072/1072/
f 1073/1073/ 1070/1070/ 1092/1092/
f 1097/1097/ 1098/1098/ 1096/1096/
f 1097/1097/ 1099/1099/ 1098/1098/
f 1096/1096/ 1098/1098/ 1100/1100/
f 1096/1096/ 1100/1100/ 1071/1071/
f 1071/1071/ 1100/1100/ 1069/1069/
f 1100/1100/ 1101/1101/ 1069/1069/
f 1100/1100/ 1102/1102/ 1101/1101/
f 1098/1098/ 1102/1102/ 1100/1100/
f 1099/1099/ 1103/1103/ 1098/1098/
f 1098/1098/ 1103/1103/ 1102/1102/
f 1099/1099/ 1104/1104/ 1103/1103/
f 1069/1069/ 1101/1101/ 1067/1067/
f 1102/1102/ 1105/1105/ 1101/1101/
f 1102/1102/ 1106/1106/ 1105/1105/
f 1103/1103/ 1106/1106/ 1102/1102/
f 1104/1104/ 1107/1107/ 1103/1103/
f 1103/1103/ 1107/1107/ 1106/1106/
f 1104/1104/ 1108/1108/ 1107/1107/
f 1101/1101/ 1105/1105/ 1109/1109/
f 1101/1101/ 1109/1109/ 1067/1067/
f 1067/1067/ 1109/1109/ 1054/1054/
f 1109/1109/ 1057/1057/ 1054/1054/
f 1109/1109/ 1110/1110/ 1057/1057/
f 1110/1110/ 1062/1062/ 1057/1057/
f 1110/1110/ 1111/1111/ 1062/1062/
f 1111/1111/ 1063/1063/ 1062/1062/
f 1111/1111/ 1112/1112/ 1063/1063/
f 1112/1112/ 1066/1066/ 1063/1063/
f 1112/1112/ 1113/1113/ 1066/1066/
f 1109/1109/ 1105/1105/ 1114/1114/
f 1109/1109/ 1114/1114/ 1110/1110/
f 1114/1114/ 1111/1111/ 1110/1110/
f 1105/1105/ 1106/1106/ 1115/1115/
f 1105/1105/ 1115/1115/ 1114/1114/
f 1107/1107/ 1115/1115/ 1106/1106/
f 1108/1108/ 1116/1116/ 1107/1107/
f 1107/1107/ 1116/1116/ 1115/1115/
f 1108/1108/ 1117/1117/ 1116/1116/
f 1114/1114/ 1118/1118/ 1111/1111/
f 1115/1115/ 1118/1118/ 1114/1114/
f 1115/1115/ 1119/1119/ 1118/1118/
f 1116/1116/ 1119/1119/ 1115/1115/
f 1117/1117/ 1120/1120/ 1116/1116/
f 1116/1116/ 1120/1120/ 1119/1119/
f 1117/1117/ 1121/1121/ 1120/1120/
f 1111/1111/ 1118/1118/ 1122/1122/
f 1111/1111/ 1122/1122/ 1112/1112/
f 1119/1119/ 1122/1122/ 1118/1118/
f 1122/1122/ 1113/1113/ 1112/1112/
f 1119/1119/ 1123/1123/ 1122/1122/
f 1120/1120/ 1123/1123/ 1119/1119/
f 1121/1121/ 1124/1124/ 1120/1120/
f 1120/1120/ 1124/1124/ 1123/1123/
f 1121/1121/ 1125/1125/ 1124/1124/
f 1122/1122/ 1126/1126/ 1113/1113/
f 1123/1123/ 1126/1126/ 1122/1122/
f 1123/1123/ 1127/1127/ 1126/1126/
f 1124/1124/ 1127/1127/ 1123/1123/
f 1125/1125/ 1128/1128/ 1124/1124/
f 1124/1124/ 1128/1128/ 1127/1127/
f 1125/1125/ 1129/1129/ 1128/1128/
f 1130/1130/ 1121/1121/ 1117/1117/
f 1130/1130/ 1117/1117/ 1131/1131/
f 1131/1131/ 1117/1117/ 1108/1108/
f 1131/1131/ 1108/1108/ 1132/1132/
f 1132/1132/ 1108/1108/ 1104/1104/
f 1132/1132/ 1104/1104/ 1133/1133/
f 1133/1133/ 1104/1104/ 1099/1099/
f 1133/1133/ 1099/1099/ 1134/1134/
f 1134/1134/ 1099/1099/ 1097/1097/
f 1134/1134/ 1097/1097/ 1135/1135/
f 1135/1135/ 1097/1097/ 1091/1091/
f 1135/1135/ 1091/1091/ 1136/1136/
f 1136/1136/ 1091/1091/ 1088/1088/
f 1136/1136/ 1088/1088/ 1137/1137/
f 1137/1137/ 1088/1088/ 1085/1085/
f 1137/1137/ 1085/1085/ 1138/1138/
f 1138/1138/ 1085/1085/ 1081/1081/
f 1138/1138/ 1081/1081/ 1139/1139/
f 1139/1139/ 1081/1081/ 676/676/
f 1139/1139/ 676/676/ 1140/1140/
f 1140/1140/ 676/676/ 672/672/
f 1140/1140/ 672/672/ 674/674/
f 1141/1141/ 1142/1142/ 1143/1143/
f 1141/1141/ 1143/1143/ 1144/1144/
f 1144/1144/ 1143/1143/ 1145/1145/
f 1144/1144/ 1145/1145/ 1146/1146/
f 1146/1146/ 1145/1145/ 1147/1147/
f 1146/1146/ 1147/1147/ 1148/1148/
f 1148/1148/ 1147/1147/ 1149/1149/
f 1148/1148/ 1149/1149/ 1150/1150/
f 1150/1150/ 1149/1149/ 1151/1151/
f 1150/1150/ 1151/1151/ 1152/1152/
f 1142/1142/ 1153/1153/ 1143/1143/
f 1143/1143/ 1153/1153/ 1145/1145/
f 1142/1142/ 1154/1154/ 1153/1153/
f 1145/1145/ 1153/1153/ 1155/1155/
f 1145/1145/ 1155/1155/ 1147/1147/
f 1147/1147/ 1155/1155/ 1149/1149/
f 1149/1149/ 1155/1155/ 1151/1151/
f 1155/1155/ 1156/1156/ 1151/1151/
f 1155/1155/ 1157/1157/ 1156/1156/
f 1154/1154/ 1158/1158/ 1153/1153/
f 1154/1154/ 1159/1159/ 1158/1158/
f 1153/1153/ 1158/1158/ 1160/1160/
f 1153/1153/ 1160/1160/ 1155/1155/
f 1155/1155/ 1160/1160/ 1161/1161/
f 1155/1155/ 1161/1161/ 1157/1157/
f 1157/1157/ 1161/1161/ 1162/1162/
f 1157/1157/ 1162/1162/ 1163/1163/
f 1157/1157/ 1163/1163/ 1164/1164/
f 1157/1157/ 1164/1164/ 1165/1165/
f 1157/1157/ 1165/1165/ 1166/1166/
f 1157/1157/ 1166/1166/ 1156/1156/
f 1163/1163/ 1167/1167/ 1164/1164/
f 1159/1159/ 1168/1168/ 1158/1158/
f 1159/1159/ 1169/1169/ 1168/1168/
f 1170/1170/ 1161/1161/ 1160/1160/
f 1170/1170/ 1160/1160/ 1158/1158/
f 1170/1170/ 1158/1158/ 1168/1168/
f 1170/1170/ 1171/1171/ 1161/1161/
f 1171/1171/ 1162/1162/ 1161/1161/
f 1171/1171/ 1172/1172/ 1162/1162/
f 1172/1172/ 1171/1171/ 1173/1173/
f 1173/1173/ 1171/1171/ 1170/1170/
f 1172/1172/ 1173/1173/ 1174/1174/
f 1172/1172/ 1174/1174/ 1175/1175/
f 1174/1174/ 1176/1176/ 1175/1175/
f 1174/1174/ 1177/1177/ 1176/1176/
f 1173/1173/ 1177/1177/ 1174/1174/
f 1173/1173/ 1178/1178/ 1177/1177/
f 1177/1177/ 1179/1179/ 1176/1176/
f 1177/1177/ 1180/1180/ 1179/1179/
f 1178/1178/ 1180/1180/ 1177/1177/
f 1178/1178/ 1181/1181/ 1180/1180/
f 1182/1182/ 1181/1181/ 1178/1178/
f 1173/1173/ 1170/1170/ 1182/1182/
f 1182/1182/ 1178/1178/ 1173/1173/
f 1182/1182/ 1183/1183/ 1181/1181/
f 1170/1170/ 1168/1168/ 1183/1183/
f 1170/1170/ 1183/1183/ 1182/1182/
f 1180/1180/ 1184/1184/ 1179/1179/
f 1180/1180/ 1185/1185/ 1184/1184/
f 1181/1181/ 1185/1185/ 1180/1180/
f 1181/1181/ 1186/1186/ 1185/1185/
f 1183/1183/ 1186/1186/ 1181/1181/
f 1183/1183/ 1187/1187/ 1186/1186/
f 1168/1168/ 1187/1187/ 1183/1183/
f 1168/1168/ 1169/1169/ 1187/1187/
f 1188/1188/ 1184/1184/ 1185/1185/
f 1188/1188/ 1189/1189/ 1184/1184/
f 1190/1190/ 1189/1189/ 1188/1188/
f 1190/1190/ 1191/1191/ 1189/1189/
f 1192/1192/ 1191/1191/ 1190/1190/
f 1192/1192/ 1193/1193/ 1191/1191/
f 1194/1194/ 1193/1193/ 1192/1192/
f 1194/1194/ 1192/1192/ 1195/1195/
f 1195/1195/ 1192/1192/ 1190/1190/
f 1194/1194/ 1195/1195/ 1196/1196/
f 1196/1196/ 1197/1197/ 1194/1194/
f 1196/1196/ 1198/1198/ 1197/1197/
f 1199/1199/ 1197/1197/ 1198/1198/
f 1200/1200/ 1199/1199/ 1198/1198/
f 1200/1200/ 1201/1201/ 1199/1199/
f 1200/1200/ 1202/1202/ 1201/1201/
f 1203/1203/ 1202/1202/ 1200/1200/
f 1204/1204/ 1202/1202/ 1203/1203/
f 1205/1205/ 1204/1204/ 1203/1203/
f 1205/1205/ 1203/1203/ 1206/1206/
f 1206/1206/ 1203/1203/ 1200/1200/
f 1207/1207/ 1205/1205/ 1206/1206/
f 1207/1207/ 1206/1206/ 1208/1208/
f 1208/1208/ 1206/1206/ 1200/1200/
f 1209/1209/ 1207/1207/ 1208/1208/
f 1209/1209/ 1208/1208/ 1210/1210/
f 1141/1141/ 1209/1209/ 1210/1210/
f 1141/1141/ 1210/1210/ 1142/1142/
f 1204/1204/ 1211/1211/ 1202/1202/
f 1142/1142/ 1210/1210/ 1212/1212/
f 1210/1210/ 1208/1208/ 1212/1212/
f 1208/1208/ 1200/1200/ 1212/1212/
f 1142/1142/ 1212/1212/ 1154/1154/
f 1154/1154/ 1212/1212/ 1213/1213/
f 1154/1154/ 1213/1213/ 1159/1159/
f 1212/1212/ 1214/1214/ 1213/1213/
f 1212/1212/ 1200/1200/ 1214/1214/
f 1200/1200/ 1198/1198/ 1214/1214/
f 1159/1159/ 1213/1213/ 1215/1215/
f 1159/1159/ 1215/1215/ 1169/1169/
f 1216/1216/ 1214/1214/ 1198/1198/
f 1216/1216/ 1215/1215/ 1213/1213/
f 1216/1216/ 1213/1213/ 1214/1214/
f 1216/1216/ 1198/1198/ 1196/1196/
f 1216/1216/ 1217/1217/ 1215/1215/
f 1216/1216/ 1218/1218/ 1217/1217/
f 1218/1218/ 1219/1219/ 1217/1217/
f 1218/1218/ 1220/1220/ 1219/1219/
f 1220/1220/ 1188/1188/ 1219/1219/
f 1220/1220/ 1190/1190/ 1188/1188/
f 1195/1195/ 1190/1190/ 1220/1220/
f 1195/1195/ 1218/1218/ 1216/1216/
f 1195/1195/ 1216/1216/ 1196/1196/
f 1218/1218/ 1195/1195/ 1220/1220/
f 1219/1219/ 1188/1188/ 1185/1185/
f 1219/1219/ 1185/1185/ 1186/1186/
f 1217/1217/ 1219/1219/ 1186/1186/
f 1217/1217/ 1186/1186/ 1187/1187/
f 1215/1215/ 1217/1217/ 1187/1187/
f 1215/1215/ 1187/1187/ 1169/1169/
f 1221/1221/ 1222/1222/ 1223/1223/
f 1221/1221/ 1223/1223/ 1224/1224/
f 1223/1223/ 1225/1225/ 1224/1224/
f 1225/1225/ 1226/1226/ 1224/1224/
f 1225/1225/ 1227/1227/ 1226/1226/
f 1227/1227/ 1228/1228/ 1226/1226/
f 1228/1228/ 1229/1229/ 1226/1226/
f 1230/1230/ 1226/1226/ 1229/1229/
f 1230/1230/ 1231/1231/ 1226/1226/
f 1224/1224/ 1232/1232/ 1221/1221/
f 1224/1224/ 1233/1233/ 1232/1232/
f 1226/1226/ 1233/1233/ 1224/1224/
f 1226/1226/ 1234/1234/ 1233/1233/
f 1231/1231/ 1234/1234/ 1226/1226/
f 1231/1231/ 1235/1235/ 1234/1234/
f 1236/1236/ 1235/1235/ 1231/1231/
f 1237/1237/ 1236/1236/ 1231/1231/
f 1238/1238/ 1237/1237/ 1231/1231/
f 1230/1230/ 1238/1238/ 1231/1231/
f 1237/1237/ 1239/1239/ 1236/1236/
f 1236/1236/ 1239/1239/ 1240/1240/
f 1236/1236/ 1241/1241/ 1235/1235/
f 1233/1233/ 1242/1242/ 1232/1232/
f 1233/1233/ 1243/1243/ 1242/1242/
f 1234/1234/ 1243/1243/ 1233/1233/
f 1234/1234/ 1244/1244/ 1243/1243/
f 1235/1235/ 1244/1244/ 1234/1234/
f 1235/1235/ 1245/1245/ 1244/1244/
f 1241/1241/ 1245/1245/ 1235/1235/
f 1241/1241/ 1246/1246/ 1245/1245/
f 1246/1246/ 1247/1247/ 1245/1245/
f 1246/1246/ 1248/1248/ 1247/1247/
f 1249/1249/ 1247/1247/ 1248/1248/
f 1249/1249/ 1248/1248/ 1250/1250/
f 1250/1250/ 1251/1251/ 1249/1249/
f 1249/1249/ 1251/1251/ 1252/1252/
f 1249/1249/ 1252/1252/ 1253/1253/
f 1253/1253/ 1247/1247/ 1249/1249/
f 1250/1250/ 1254/1254/ 1251/1251/
f 1251/1251/ 1255/1255/ 1252/1252/
f 1251/1251/ 1256/1256/ 1255/1255/
f 1254/1254/ 1256/1256/ 1251/1251/
f 1254/1254/ 1257/1257/ 1256/1256/
f 1242/1242/ 1243/1243/ 1258/1258/
f 1258/1258/ 1252/1252/ 1255/1255/
f 1253/1253/ 1252/1252/ 1258/1258/
f 1243/1243/ 1244/1244/ 1259/1259/
f 1253/1253/ 1258/1258/ 1259/1259/
f 1243/1243/ 1259/1259/ 1258/1258/
f 1260/1260/ 1245/1245/ 1247/1247/
f 1253/1253/ 1260/1260/ 1247/1247/
f 1260/1260/ 1253/1253/ 1259/1259/
f 1260/1260/ 1244/1244/ 1245/1245/
f 1260/1260/ 1259/1259/ 1244/1244/
f 1258/1258/ 1255/1255/ 1261/1261/
f 1242/1242/ 1258/1258/ 1261/1261/
f 1262/1262/ 1255/1255/ 1256/1256/
f 1262/1262/ 1263/1263/ 1255/1255/
f 1264/1264/ 1263/1263/ 1262/1262/
f 1264/1264/ 1265/1265/ 1263/1263/
f 1266/1266/ 1264/1264/ 1262/1262/
f 1264/1264/ 1266/1266/ 1267/1267/
f 1264/1264/ 1267/1267/ 1268/1268/
f 1265/1265/ 1264/1264/ 1268/1268/
f 1269/1269/ 1268/1268/ 1267/1267/
f 1269/1269/ 1270/1270/ 1268/1268/
f 1271/1271/ 1270/1270/ 1269/1269/
f 1271/1271/ 1272/1272/ 1270/1270/
f 1273/1273/ 1272/1272/ 1271/1271/
f 1273/1273/ 1274/1274/ 1272/1272/
f 1275/1275/ 1274/1274/ 1273/1273/
f 1276/1276/ 1274/1274/ 1275/1275/
f 1275/1275/ 1273/1273/ 1277/1277/
f 1273/1273/ 1278/1278/ 1277/1277/
f 1274/1274/ 1279/1279/ 1272/1272/
f 1274/1274/ 1280/1280/ 1279/1279/
f 1281/1281/ 1280/1280/ 1274/1274/
f 1281/1281/ 1274/1274/ 1276/1276/
f 1281/1281/ 1282/1282/ 1280/1280/
f 1283/1283/ 1280/1280/ 1282/1282/
f 1284/1284/ 1280/1280/ 1283/1283/
f 1285/1285/ 1280/1280/ 1284/1284/
f 1285/1285/ 1286/1286/ 1280/1280/
f 1287/1287/ 1286/1286/ 1285/1285/
f 1221/1221/ 1286/1286/ 1287/1287/
f 1221/1221/ 1287/1287/ 1222/1222/
f 1286/1286/ 1221/1221/ 1232/1232/
f 1286/1286/ 1232/1232/ 1288/1288/
f 1280/1280/ 1286/1286/ 1288/1288/
f 1280/1280/ 1288/1288/ 1279/1279/
f 1288/1288/ 1232/1232/ 1242/1242/
f 1288/1288/ 1242/1242/ 1289/1289/
f 1279/1279/ 1288/1288/ 1289/1289/
f 1279/1279/ 1289/1289/ 1290/1290/
f 1272/1272/ 1279/1279/ 1290/1290/
f 1272/1272/ 1290/1290/ 1270/1270/
f 1242/1242/ 1291/1291/ 1289/1289/
f 1242/1242/ 1261/1261/ 1291/1291/
f 1289/1289/ 1291/1291/ 1292/1292/
f 1289/1289/ 1292/1292/ 1290/1290/
f 1293/1293/ 1270/1270/ 1290/1290/
f 1293/1293/ 1290/1290/ 1292/1292/
f 1293/1293/ 1268/1268/ 1270/1270/
f 1291/1291/ 1261/1261/ 1255/1255/
f 1291/1291/ 1255/1255/ 1263/1263/
f 1265/1265/ 1292/1292/ 1291/1291/
f 1265/1265/ 1291/1291/ 1263/1263/
f 1265/1265/ 1268/1268/ 1293/1293/
f 1293/1293/ 1292/1292/ 1265/1265/
f 1228/1228/ 1294/1294/ 1295/1295/
f 1228/1228/ 1295/1295/ 1229/1229/
f 1227/1227/ 1294/1294/ 1228/1228/
f 1227/1227/ 1296/1296/ 1294/1294/
f 1225/1225/ 1296/1296/ 1227/1227/
f 1225/1225/ 1297/1297/ 1296/1296/
f 1223/1223/ 1297/1297/ 1225/1225/
f 1223/1223/ 1298/1298/ 1297/1297/
f 1222/1222/ 1298/1298/ 1223/1223/
f 1222/1222/ 1299/1299/ 1298/1298/
f 1300/1300/ 1229/1229/ 1295/1295/
f 1300/1300/ 1230/1230/ 1229/1229/
f 1301/1301/ 1230/1230/ 1300/1300/
f 1301/1301/ 1238/1238/ 1230/1230/
f 1302/1302/ 1238/1238/ 1301/1301/
f 1302/1302/ 1237/1237/ 1238/1238/
f 1239/1239/ 1237/1237/ 1302/1302/
f 1239/1239/ 1302/1302/ 1303/1303/
f 1239/1239/ 1303/1303/ 1304/1304/
f 1239/1239/ 1304/1304/ 1240/1240/
f 1222/1222/ 1305/1305/ 1299/1299/
f 1222/1222/ 1287/1287/ 1305/1305/
f 1287/1287/ 1306/1306/ 1305/1305/
f 1287/1287/ 1285/1285/ 1306/1306/
f 1285/1285/ 1307/1307/ 1306/1306/
f 1285/1285/ 1284/1284/ 1307/1307/
f 1284/1284/ 1308/1308/ 1307/1307/
f 1284/1284/ 1283/1283/ 1308/1308/
f 1283/1283/ 1309/1309/ 1308/1308/
f 1283/1283/ 1282/1282/ 1309/1309/
f 1310/1310/ 1309/1309/ 1282/1282/
f 1310/1310/ 1282/1282/ 1281/1281/
f 1311/1311/ 1310/1310/ 1281/1281/
f 1311/1311/ 1281/1281/ 1276/1276/
f 1312/1312/ 1311/1311/ 1276/1276/
f 1312/1312/ 1276/1276/ 1275/1275/
f 1277/1277/ 1312/1312/ 1275/1275/
f 1277/1277/ 1313/1313/ 1312/1312/
f 1277/1277/ 1314/1314/ 1313/1313/
f 1277/1277/ 1278/1278/ 1314/1314/
f 1164/1164/ 1167/1167/ 1315/1315/
f 1164/1164/ 1315/1315/ 1316/1316/
f 1316/1316/ 1165/1165/ 1164/1164/
f 1316/1316/ 1317/1317/ 1165/1165/
f 1165/1165/ 1317/1317/ 1318/1318/
f 1165/1165/ 1318/1318/ 1166/1166/
f 1166/1166/ 1318/1318/ 1319/1319/
f 1166/1166/ 1319/1319/ 1156/1156/
f 1151/1151/ 1156/1156/ 1319/1319/
f 1151/1151/ 1319/1319/ 1152/1152/
f 301/301/ 276/276/ 277/277/
f 301/301/ 1320/1320/ 276/276/
f 276/276/ 1320/1320/ 1321/1321/
f 276/276/ 1321/1321/ 266/266/
f 266/266/ 1321/1321/ 1322/1322/
f 266/266/ 1322/1322/ 264/264/
f 264/264/ 1322/1322/ 1323/1323/
f 264/264/ 1323/1323/ 262/262/
f 262/262/ 1323/1323/ 1324/1324/
f 262/262/ 1324/1324/ 260/260/
f 260/260/ 1324/1324/ 1325/1325/
f 260/260/ 1325/1325/ 258/258/
f 258/258/ 1325/1325/ 1326/1326/
f 258/258/ 1326/1326/ 256/256/
f 256/256/ 1326/1326/ 1327/1327/
f 256/256/ 1327/1327/ 254/254/
f 254/254/ 1327/1327/ 1328/1328/
f 254/254/ 1328/1328/ 252/252/
f 252/252/ 1328/1328/ 1329/1329/
f 252/252/ 1329/1329/ 251/251/
f 251/251/ 1329/1329/ 1330/1330/
f 251/251/ 1330/1330/ 248/248/
f 248/248/ 1330/1330/ 1331/1331/
f 248/248/ 1331/1331/ 246/246/
f 246/246/ 1331/1331/ 1332/1332/
f 246/246/ 1332/1332/ 245/245/
f 245/245/ 1332/1332/ 1333/1333/
f 245/245/ 1333/1333/ 324/324/
f 324/324/ 1333/1333/ 1334/1334/
f 1332/1332/ 1334/1334/ 1333/1333/
f 324/324/ 1334/1334/ 322/322/
f 322/322/ 1334/1334/ 1335/1335/
f 322/322/ 1335/1335/ 321/321/
f 321/321/ 1335/1335/ 1336/1336/
f 321/321/ 1336/1336/ 318/318/
f 318/318/ 1336/1336/ 1337/1337/
f 318/318/ 1337/1337/ 316/316/
f 316/316/ 1337/1337/ 1338/1338/
f 316/316/ 1338/1338/ 314/314/
f 314/314/ 1338/1338/ 1339/1339/
f 314/314/ 1339/1339/ 312/312/
f 312/312/ 1339/1339/ 1340/1340/
f 312/312/ 1340/1340/ 311/311/
f 311/311/ 1340/1340/ 1341/1341/
f 311/311/ 1341/1341/ 308/308/
f 308/308/ 1341/1341/ 1342/1342/
f 308/308/ 1342/1342/ 306/306/
f 306/306/ 1342/1342/ 1343/1343/
f 306/306/ 1343/1343/ 304/304/
f 304/304/ 1343/1343/ 1344/1344/
f 304/304/ 1344/1344/ 302/302/
f 302/302/ 1344/1344/ 1345/1345/
f 302/302/ 1345/1345/ 301/301/
f 301/301/ 1345/1345/ 1320/1320/
f 1340/1340/ 1346/1346/ 1341/1341/
f 1340/1340/ 1347/1347/ 1346/1346/
f 1339/1339/ 1347/1347/ 1340/1340/
f 1339/1339/ 1348/1348/ 1347/1347/
f 1338/1338/ 1348/1348/ 1339/1339/
f 1338/1338/ 1349/1349/ 1348/1348/
f 1337/1337/ 1349/1349/ 1338/1338/
f 1337/1337/ 1350/1350/ 1349/1349/
f 1343/1343/ 1351/1351/ 1344/1344/
f 1343/1343/ 1352/1352/ 1351/1351/
f 1344/1344/ 1351/1351/ 1353/1353/
f 1344/1344/ 1353/1353/ 1345/1345/
f 1345/1345/ 1353/1353/ 1354/1354/
f 1345/1345/ 1354/1354/ 1320/1320/
f 1320/1320/ 1354/1354/ 1355/1355/
f 1320/1320/ 1355/1355/ 1321/1321/
f 1321/1321/ 1355/1355/ 1356/1356/
f 1321/1321/ 1356/1356/ 1322/1322/
f 1322/1322/ 1356/1356/ 1357/1357/
f 1322/1322/ 1357/1357/ 1323/1323/
f 1323/1323/ 1357/1357/ 1358/1358/
f 1323/1323/ 1358/1358/ 1324/1324/
f 1324/1324/ 1358/1358/ 1359/1359/
f 1324/1324/ 1359/1359/ 1325/1325/
f 1325/1325/ 1359/1359/ 1360/1360/
f 1325/1325/ 1360/1360/ 1326/1326/
f 1326/1326/ 1360/1360/ 1361/1361/
f 1326/1326/ 1361/1361/ 1327/1327/
f 1327/1327/ 1361/1361/ 1362/1362/
f 1327/1327/ 1362/1362/ 1328/1328/
f 1328/1328/ 1362/1362/ 1363/1363/
f 1328/1328/ 1363/1363/ 1329/1329/
f 1329/1329/ 1363/1363/ 1364/1364/
f 1329/1329/ 1364/1364/ 1330/1330/
f 1330/1330/ 1364/1364/ 1365/1365/
f 1330/1330/ 1365/1365/ 1331/1331/
f 1331/1331/ 1365/1365/ 1366/1366/
f 1331/1331/ 1366/1366/ 1367/1367/
f 1331/1331/ 1367/1367/ 1368/1368/
f 1331/1331/ 1368/1368/ 1332/1332/
f 1336/1336/ 1368/1368/ 1367/1367/
f 1336/1336/ 1367/1367/ 1337/1337/
f 1332/1332/ 1368/1368/ 1334/1334/
f 1335/1335/ 1334/1334/ 1368/1368/
f 1335/1335/ 1368/1368/ 1336/1336/
f 1367/1367/ 1366/1366/ 1350/1350/
f 1367/1367/ 1350/1350/ 1337/1337/
f 346/346/ 354/354/ 345/345/
f 345/345/ 354/354/ 1369/1369/
f 345/345/ 1369/1369/ 344/344/
f 344/344/ 1369/1369/ 1370/1370/
f 344/344/ 1370/1370/ 343/343/
f 343/343/ 1370/1370/ 1371/1371/
f 343/343/ 1371/1371/ 340/340/
f 340/340/ 1371/1371/ 1372/1372/
f 340/340/ 1372/1372/ 339/339/
f 339/339/ 1372/1372/ 1373/1373/
f 339/339/ 1373/1373/ 341/341/
f 341/341/ 1373/1373/ 1374/1374/
f 341/341/ 1374/1374/ 342/342/
f 342/342/ 1374/1374/ 1375/1375/
f 342/342/ 1375/1375/ 331/331/
f 331/331/ 1375/1375/ 1376/1376/
f 331/331/ 1376/1376/ 330/330/
f 1376/1376/ 327/327/ 330/330/
f 1376/1376/ 1377/1377/ 327/327/
f 327/327/ 1377/1377/ 236/236/
f 327/327/ 236/236/ 238/238/
f 1377/1377/ 233/233/ 236/236/
f 1377/1377/ 1378/1378/ 233/233/
f 1378/1378/ 1377/1377/ 1376/1376/
f 1372/1372/ 1379/1379/ 1373/1373/
f 1373/1373/ 1379/1379/ 1380/1380/
f 1373/1373/ 1380/1380/ 1374/1374/
f 1374/1374/ 1380/1380/ 1381/1381/
f 1374/1374/ 1381/1381/ 1375/1375/
f 1375/1375/ 1381/1381/ 1382/1382/
f 1375/1375/ 1382/1382/ 1376/1376/
f 1378/1378/ 1376/1376/ 1382/1382/
f 233/233/ 1378/1378/ 1383/1383/
f 1382/1382/ 1383/1383/ 1378/1378/
f 233/233/ 1383/1383/ 231/231/
f 1383/1383/ 229/229/ 231/231/
f 1383/1383/ 1384/1384/ 229/229/
f 1384/1384/ 227/227/ 229/229/
f 1384/1384/ 1385/1385/ 227/227/
f 219/219/ 227/227/ 1385/1385/
f 219/219/ 1385/1385/ 218/218/
f 1382/1382/ 1386/1386/ 1383/1383/
f 1386/1386/ 1384/1384/ 1383/1383/
f 1381/1381/ 1386/1386/ 1382/1382/
f 1386/1386/ 1387/1387/ 1384/1384/
f 1387/1387/ 1385/1385/ 1384/1384/
f 1387/1387/ 1388/1388/ 1385/1385/
f 1388/1388/ 218/218/ 1385/1385/
f 1388/1388/ 217/217/ 218/218/
f 1381/1381/ 1389/1389/ 1386/1386/
f 1389/1389/ 1387/1387/ 1386/1386/
f 1389/1389/ 1390/1390/ 1387/1387/
f 1390/1390/ 1388/1388/ 1387/1387/
f 1390/1390/ 1391/1391/ 1388/1388/
f 1391/1391/ 217/217/ 1388/1388/
f 1391/1391/ 216/216/ 217/217/
f 1392/1392/ 216/216/ 1391/1391/
f 1390/1390/ 1392/1392/ 1391/1391/
f 1392/1392/ 215/215/ 216/216/
f 1393/1393/ 215/215/ 1392/1392/
f 1393/1393/ 1394/1394/ 215/215/
f 215/215/ 1394/1394/ 117/117/
f 215/215/ 117/117/ 118/118/
f 1394/1394/ 116/116/ 117/117/
f 1394/1394/ 1395/1395/ 116/116/
f 1393/1393/ 1395/1395/ 1394/1394/
f 1393/1393/ 1396/1396/ 1395/1395/
f 1395/1395/ 115/115/ 116/116/
f 1395/1395/ 1397/1397/ 115/115/
f 1396/1396/ 1397/1397/ 1395/1395/
f 1396/1396/ 1398/1398/ 1397/1397/
f 1397/1397/ 1399/1399/ 115/115/
f 115/115/ 1399/1399/ 111/111/
f 1399/1399/ 112/112/ 111/111/
f 1399/1399/ 1400/1400/ 112/112/
f 112/112/ 1400/1400/ 1401/1401/
f 112/112/ 1401/1401/ 113/113/
f 113/113/ 1401/1401/ 1402/1402/
f 113/113/ 1402/1402/ 114/114/
f 1397/1397/ 1403/1403/ 1399/1399/
f 1398/1398/ 1403/1403/ 1397/1397/
f 1403/1403/ 1400/1400/ 1399/1399/
f 1398/1398/ 1404/1404/ 1403/1403/
f 1403/1403/ 1405/1405/ 1400/1400/
f 1404/1404/ 1405/1405/ 1403/1403/
f 1405/1405/ 1401/1401/ 1400/1400/
f 1404/1404/ 1406/1406/ 1405/1405/
f 1405/1405/ 1407/1407/ 1401/1401/
f 1406/1406/ 1407/1407/ 1405/1405/
f 1407/1407/ 1402/1402/ 1401/1401/
f 1406/1406/ 1408/1408/ 1407/1407/
f 1407/1407/ 1409/1409/ 1402/1402/
f 1408/1408/ 1409/1409/ 1407/1407/
f 1408/1408/ 1410/1410/ 1409/1409/
f 1411/1411/ 1406/1406/ 1404/1404/
f 1412/1412/ 1411/1411/ 1404/1404/
f 1413/1413/ 1411/1411/ 1412/1412/
f 1413/1413/ 1412/1412/ 1414/1414/
f 1414/1414/ 1412/1412/ 1415/1415/
f 1414/1414/ 1415/1415/ 1416/1416/
f 1417/1417/ 1416/1416/ 1415/1415/
f 1379/1379/ 1416/1416/ 1417/1417/
f 1380/1380/ 1379/1379/ 1417/1417/
f 1380/1380/ 1417/1417/ 1418/1418/
f 1381/1381/ 1380/1380/ 1418/1418/
f 1381/1381/ 1418/1418/ 1389/1389/
f 1389/1389/ 1418/1418/ 1419/1419/
f 1389/1389/ 1419/1419/ 1390/1390/
f 1390/1390/ 1419/1419/ 1392/1392/
f 1418/1418/ 1417/1417/ 1420/1420/
f 1418/1418/ 1420/1420/ 1419/1419/
f 1417/1417/ 1415/1415/ 1420/1420/
f 1419/1419/ 1420/1420/ 1393/1393/
f 1419/1419/ 1393/1393/ 1392/1392/
f 1379/1379/ 1421/1421/ 1416/1416/
f 1372/1372/ 1421/1421/ 1379/1379/
f 1371/1371/ 1421/1421/ 1372/1372/
f 1371/1371/ 1422/1422/ 1421/1421/
f 1422/1422/ 1416/1416/ 1421/1421/
f 1370/1370/ 1422/1422/ 1371/1371/
f 1370/1370/ 1423/1423/ 1422/1422/
f 1369/1369/ 1423/1423/ 1370/1370/
f 1369/1369/ 1424/1424/ 1423/1423/
f 354/354/ 1424/1424/ 1369/1369/
f 354/354/ 1425/1425/ 1424/1424/
f 353/353/ 1425/1425/ 354/354/
f 353/353/ 1426/1426/ 1425/1425/
f 356/356/ 1426/1426/ 353/353/
f 1420/1420/ 1396/1396/ 1393/1393/
f 1420/1420/ 1415/1415/ 1396/1396/
f 1412/1412/ 1396/1396/ 1415/1415/
f 1412/1412/ 1398/1398/ 1396/1396/
f 1423/1423/ 1414/1414/ 1422/1422/
f 1422/1422/ 1414/1414/ 1416/1416/
f 1423/1423/ 1413/1413/ 1414/1414/
f 1412/1412/ 1404/1404/ 1398/1398/
f 1423/1423/ 1424/1424/ 1427/1427/
f 1424/1424/ 1425/1425/ 1428/1428/
f 1424/1424/ 1428/1428/ 1427/1427/
f 1425/1425/ 1426/1426/ 1429/1429/
f 1425/1425/ 1429/1429/ 1428/1428/
f 1426/1426/ 356/356/ 1430/1430/
f 1426/1426/ 1430/1430/ 1429/1429/
f 1427/1427/ 1428/1428/ 1431/1431/
f 1429/1429/ 1431/1431/ 1428/1428/
f 1427/1427/ 1431/1431/ 1432/1432/
f 1433/1433/ 1427/1427/ 1432/1432/
f 1423/1423/ 1427/1427/ 1433/1433/
f 1423/1423/ 1433/1433/ 1434/1434/
f 1423/1423/ 1434/1434/ 1413/1413/
f 1413/1413/ 1434/1434/ 1435/1435/
f 1413/1413/ 1435/1435/ 1411/1411/
f 1411/1411/ 1435/1435/ 1406/1406/
f 1436/1436/ 1406/1406/ 1435/1435/
f 1434/1434/ 1436/1436/ 1435/1435/
f 1436/1436/ 1408/1408/ 1406/1406/
f 1410/1410/ 1408/1408/ 1436/1436/
f 1410/1410/ 1436/1436/ 1437/1437/
f 1438/1438/ 1410/1410/ 1437/1437/
f 1438/1438/ 879/879/ 1410/1410/
f 879/879/ 1438/1438/ 877/877/
f 1410/1410/ 879/879/ 881/881/
f 1410/1410/ 881/881/ 1409/1409/
f 1409/1409/ 881/881/ 883/883/
f 1409/1409/ 883/883/ 1402/1402/
f 1402/1402/ 883/883/ 884/884/
f 1402/1402/ 884/884/ 114/114/
f 114/114/ 884/884/ 886/886/
f 114/114/ 886/886/ 109/109/
f 109/109/ 886/886/ 888/888/
f 109/109/ 888/888/ 108/108/
f 108/108/ 888/888/ 890/890/
f 108/108/ 890/890/ 75/75/
f 75/75/ 890/890/ 893/893/
f 75/75/ 893/893/ 74/74/
f 74/74/ 893/893/ 895/895/
f 74/74/ 895/895/ 73/73/
f 73/73/ 895/895/ 20/20/
f 73/73/ 20/20/ 22/22/
f 9/9/ 11/11/ 901/901/
f 11/11/ 1439/1439/ 901/901/
f 11/11/ 13/13/ 1439/1439/
f 901/901/ 1439/1439/ 898/898/
f 1439/1439/ 896/896/ 898/898/
f 1439/1439/ 1440/1440/ 896/896/
f 13/13/ 1440/1440/ 1439/1439/
f 13/13/ 15/15/ 1440/1440/
f 1440/1440/ 892/892/ 896/896/
f 1440/1440/ 894/894/ 892/892/
f 15/15/ 894/894/ 1440/1440/
f 15/15/ 18/18/ 894/894/
f 132/132/ 130/130/ 95/95/
f 132/132/ 95/95/ 94/94/
f 95/95/ 130/130/ 128/128/
f 95/95/ 128/128/ 96/96/
f 97/97/ 96/96/ 128/128/
f 97/97/ 128/128/ 127/127/
f 125/125/ 97/97/ 127/127/
f 125/125/ 98/98/ 97/97/
f 123/123/ 98/98/ 125/125/
f 123/123/ 99/99/ 98/98/
f 120/120/ 99/99/ 123/123/
f 120/120/ 100/100/ 99/99/
f 132/132/ 94/94/ 1441/1441/
f 94/94/ 1442/1442/ 1441/1441/
f 94/94/ 93/93/ 1442/1442/
f 93/93/ 1443/1443/ 1442/1442/
f 1444/1444/ 1442/1442/ 1443/1443/
f 85/85/ 1444/1444/ 1443/1443/
f 93/93/ 85/85/ 1443/1443/
f 85/85/ 84/84/ 1444/1444/
f 84/84/ 1445/1445/ 1444/1444/
f 84/84/ 49/49/ 1445/1445/
f 49/49/ 1446/1446/ 1445/1445/
f 49/49/ 47/47/ 1446/1446/
f 47/47/ 1447/1447/ 1446/1446/
f 47/47/ 43/43/ 1447/1447/
f 43/43/ 1448/1448/ 1447/1447/
f 43/43/ 42/42/ 1448/1448/
f 41/41/ 1448/1448/ 42/42/
f 41/41/ 1449/1449/ 1448/1448/
f 1449/1449/ 1450/1450/ 1448/1448/
f 1447/1447/ 1448/1448/ 1450/1450/
f 1449/1449/ 1451/1451/ 1450/1450/
f 1451/1451/ 1452/1452/ 1450/1450/
f 1451/1451/ 1453/1453/ 1452/1452/
f 1453/1453/ 1454/1454/ 1452/1452/
f 1453/1453/ 1455/1455/ 1454/1454/
f 1455/1455/ 1456/1456/ 1454/1454/
f 1455/1455/ 1457/1457/ 1456/1456/
f 1457/1457/ 1458/1458/ 1456/1456/
f 1457/1457/ 1459/1459/ 1458/1458/
f 1459/1459/ 1460/1460/ 1458/1458/
f 1459/1459/ 1461/1461/ 1460/1460/
f 1461/1461/ 1462/1462/ 1460/1460/
f 1461/1461/ 1463/1463/ 1462/1462/
f 1463/1463/ 1464/1464/ 1462/1462/
f 1463/1463/ 1465/1465/ 1464/1464/
f 1465/1465/ 1466/1466/ 1464/1464/
f 1465/1465/ 1467/1467/ 1466/1466/
f 1467/1467/ 1468/1468/ 1466/1466/
f 1467/1467/ 1469/1469/ 1468/1468/
f 1469/1469/ 1470/1470/ 1468/1468/
f 1469/1469/ 1471/1471/ 1470/1470/
f 1471/1471/ 1472/1472/ 1470/1470/
f 1471/1471/ 1473/1473/ 1472/1472/
f 1472/1472/ 1473/1473/ 1474/1474/
f 1472/1472/ 1474/1474/ 1475/1475/
f 1475/1475/ 1474/1474/ 1476/1476/
f 1475/1475/ 1476/1476/ 1477/1477/
f 1477/1477/ 1476/1476/ 1478/1478/
f 1477/1477/ 1478/1478/ 1479/1479/
f 1479/1479/ 1478/1478/ 1480/1480/
f 1479/1479/ 1480/1480/ 1481/1481/
f 1481/1481/ 1480/1480/ 1482/1482/
f 1481/1481/ 1482/1482/ 1483/1483/
f 1483/1483/ 1482/1482/ 1484/1484/
f 1483/1483/ 1484/1484/ 1485/1485/
f 1/1/ 1485/1485/ 1484/1484/
f 1/1/ 1484/1484/ 2/2/
f 906/906/ 1485/1485/ 1/1/
f 906/906/ 1486/1486/ 1485/1485/
f 1486/1486/ 906/906/ 907/907/
f 1486/1486/ 907/907/ 1487/1487/
f 1487/1487/ 907/907/ 909/909/
f 1487/1487/ 909/909/ 1488/1488/
f 1485/1485/ 1486/1486/ 1489/1489/
f 1485/1485/ 1489/1489/ 1483/1483/
f 1486/1486/ 1487/1487/ 1490/1490/
f 1486/1486/ 1490/1490/ 1489/1489/
f 1487/1487/ 1488/1488/ 1491/1491/
f 1487/1487/ 1491/1491/ 1490/1490/
f 1483/1483/ 1489/1489/ 1492/1492/
f 1483/1483/ 1492/1492/ 1481/1481/
f 1489/1489/ 1490/1490/ 1493/1493/
f 1489/1489/ 1493/1493/ 1492/1492/
f 1490/1490/ 1491/1491/ 1494/1494/
f 1490/1490/ 1494/1494/ 1493/1493/
f 1481/1481/ 1492/1492/ 1495/1495/
f 1481/1481/ 1495/1495/ 1479/1479/
f 1492/1492/ 1493/1493/ 1496/1496/
f 1492/1492/ 1496/1496/ 1495/1495/
f 1493/1493/ 1494/1494/ 1497/1497/
f 1493/1493/ 1497/1497/ 1496/1496/
f 1479/1479/ 1495/1495/ 1498/1498/
f 1479/1479/ 1498/1498/ 1477/1477/
f 1495/1495/ 1496/1496/ 1499/1499/
f 1495/1495/ 1499/1499/ 1498/1498/
f 1496/1496/ 1497/1497/ 1500/1500/
f 1496/1496/ 1500/1500/ 1499/1499/
f 1477/1477/ 1498/1498/ 1501/1501/
f 1477/1477/ 1501/1501/ 1475/1475/
f 1498/1498/ 1499/1499/ 1502/1502/
f 1498/1498/ 1502/1502/ 1501/1501/
f 1499/1499/ 1500/1500/ 1503/1503/
f 1499/1499/ 1503/1503/ 1502/1502/
f 1502/1502/ 1503/1503/ 1504/1504/
f 1502/1502/ 1504/1504/ 1505/1505/
f 1501/1501/ 1502/1502/ 1505/1505/
f 1501/1501/ 1505/1505/ 1506/1506/
f 1475/1475/ 1501/1501/ 1506/1506/
f 1475/1475/ 1506/1506/ 1472/1472/
f 1505/1505/ 1504/1504/ 1507/1507/
f 1505/1505/ 1507/1507/ 1508/1508/
f 1506/1506/ 1505/1505/ 1508/1508/
f 1509/1509/ 1508/1508/ 1507/1507/
f 1509/1509/ 1510/1510/ 1508/1508/
f 1510/1510/ 1511/1511/ 1508/1508/
f 1506/1506/ 1508/1508/ 1511/1511/
f 1472/1472/ 1506/1506/ 1511/1511/
f 1510/1510/ 1512/1512/ 1511/1511/
f 1512/1512/ 1470/1470/ 1511/1511/
f 1472/1472/ 1511/1511/ 1470/1470/
f 1512/1512/ 1468/1468/ 1470/1470/
f 1507/1507/ 1504/1504/ 1513/1513/
f 1507/1507/ 1513/1513/ 1514/1514/
f 1509/1509/ 1507/1507/ 1514/1514/
f 1504/1504/ 1503/1503/ 1515/1515/
f 1504/1504/ 1515/1515/ 1513/1513/
f 1503/1503/ 1516/1516/ 1515/1515/
f 1509/1509/ 1514/1514/ 1517/1517/
f 1514/1514/ 1513/1513/ 1518/1518/
f 1514/1514/ 1518/1518/ 1519/1519/
f 1519/1519/ 1517/1517/ 1514/1514/
f 1515/1515/ 1516/1516/ 1520/1520/
f 1516/1516/ 1521/1521/ 1520/1520/
f 1516/1516/ 1522/1522/ 1521/1521/
f 1500/1500/ 1522/1522/ 1516/1516/
f 1500/1500/ 1497/1497/ 1522/1522/
f 1497/1497/ 1523/1523/ 1522/1522/
f 1497/1497/ 1494/1494/ 1523/1523/
f 1494/1494/ 1524/1524/ 1523/1523/
f 1494/1494/ 1491/1491/ 1524/1524/
f 1491/1491/ 1525/1525/ 1524/1524/
f 1491/1491/ 1488/1488/ 1525/1525/
f 1488/1488/ 918/918/ 1525/1525/
f 1488/1488/ 909/909/ 918/918/
f 1525/1525/ 918/918/ 927/927/
f 1525/1525/ 927/927/ 1526/1526/
f 1524/1524/ 1525/1525/ 1526/1526/
f 1524/1524/ 1526/1526/ 1527/1527/
f 1523/1523/ 1524/1524/ 1527/1527/
f 1523/1523/ 1527/1527/ 1528/1528/
f 1522/1522/ 1523/1523/ 1528/1528/
f 1522/1522/ 1528/1528/ 1521/1521/
f 1526/1526/ 927/927/ 935/935/
f 1526/1526/ 935/935/ 1529/1529/
f 1527/1527/ 1526/1526/ 1529/1529/
f 1527/1527/ 1529/1529/ 1530/1530/
f 1528/1528/ 1527/1527/ 1530/1530/
f 1528/1528/ 1530/1530/ 1531/1531/
f 1521/1521/ 1528/1528/ 1531/1531/
f 1521/1521/ 1531/1531/ 1532/1532/
f 1520/1520/ 1521/1521/ 1532/1532/
f 1520/1520/ 1532/1532/ 1533/1533/
f 1534/1534/ 1520/1520/ 1533/1533/
f 1515/1515/ 1520/1520/ 1534/1534/
f 1513/1513/ 1515/1515/ 1534/1534/
f 1513/1513/ 1534/1534/ 1518/1518/
f 1534/1534/ 1533/1533/ 1535/1535/
f 1518/1518/ 1534/1534/ 1535/1535/
f 1518/1518/ 1535/1535/ 1536/1536/
f 1519/1519/ 1518/1518/ 1536/1536/
f 1519/1519/ 1536/1536/ 1537/1537/
f 1538/1538/ 1519/1519/ 1537/1537/
f 1519/1519/ 1538/1538/ 1517/1517/
f 1538/1538/ 1537/1537/ 1539/1539/
f 1537/1537/ 1536/1536/ 1540/1540/
f 1537/1537/ 1540/1540/ 1541/1541/
f 1539/1539/ 1537/1537/ 1541/1541/
f 1533/1533/ 1532/1532/ 1542/1542/
f 1533/1533/ 1542/1542/ 1543/1543/
f 1535/1535/ 1533/1533/ 1543/1543/
f 1535/1535/ 1543/1543/ 1544/1544/
f 1536/1536/ 1535/1535/ 1544/1544/
f 1536/1536/ 1544/1544/ 1540/1540/
f 1539/1539/ 1541/1541/ 1545/1545/
f 1546/1546/ 1545/1545/ 1541/1541/
f 1546/1546/ 1541/1541/ 1547/1547/
f 1547/1547/ 1541/1541/ 1540/1540/
f 1548/1548/ 1546/1546/ 1547/1547/
f 1548/1548/ 1547/1547/ 1549/1549/
f 1547/1547/ 1540/1540/ 1550/1550/
f 1549/1549/ 1547/1547/ 1550/1550/
f 1550/1550/ 1540/1540/ 1544/1544/
f 1549/1549/ 1550/1550/ 1551/1551/
f 1550/1550/ 1544/1544/ 1552/1552/
f 1551/1551/ 1550/1550/ 1552/1552/
f 1551/1551/ 1552/1552/ 1553/1553/
f 1543/1543/ 1542/1542/ 1554/1554/
f 1542/1542/ 1555/1555/ 1554/1554/
f 1542/1542/ 1556/1556/ 1555/1555/
f 1532/1532/ 1556/1556/ 1542/1542/
f 1532/1532/ 1531/1531/ 1556/1556/
f 1531/1531/ 1557/1557/ 1556/1556/
f 1531/1531/ 1530/1530/ 1557/1557/
f 1530/1530/ 1558/1558/ 1557/1557/
f 1530/1530/ 1529/1529/ 1558/1558/
f 1529/1529/ 943/943/ 1558/1558/
f 1529/1529/ 935/935/ 943/943/
f 1558/1558/ 943/943/ 954/954/
f 1558/1558/ 954/954/ 1559/1559/
f 1557/1557/ 1558/1558/ 1559/1559/
f 1557/1557/ 1559/1559/ 1560/1560/
f 1556/1556/ 1557/1557/ 1560/1560/
f 1556/1556/ 1560/1560/ 1555/1555/
f 1559/1559/ 954/954/ 960/960/
f 1559/1559/ 960/960/ 1561/1561/
f 1560/1560/ 1559/1559/ 1561/1561/
f 1560/1560/ 1561/1561/ 1562/1562/
f 1555/1555/ 1560/1560/ 1562/1562/
f 1555/1555/ 1562/1562/ 1563/1563/
f 1561/1561/ 960/960/ 967/967/
f 1561/1561/ 967/967/ 1564/1564/
f 1562/1562/ 1561/1561/ 1564/1564/
f 1562/1562/ 1564/1564/ 1565/1565/
f 1563/1563/ 1562/1562/ 1565/1565/
f 1563/1563/ 1565/1565/ 1566/1566/
f 1567/1567/ 1563/1563/ 1566/1566/
f 1554/1554/ 1563/1563/ 1567/1567/
f 1554/1554/ 1555/1555/ 1563/1563/
f 1568/1568/ 1554/1554/ 1567/1567/
f 1543/1543/ 1554/1554/ 1568/1568/
f 1544/1544/ 1543/1543/ 1568/1568/
f 1544/1544/ 1568/1568/ 1552/1552/
f 1568/1568/ 1567/1567/ 1569/1569/
f 1552/1552/ 1568/1568/ 1569/1569/
f 1552/1552/ 1569/1569/ 1553/1553/
f 1567/1567/ 1566/1566/ 1570/1570/
f 1569/1569/ 1567/1567/ 1570/1570/
f 1569/1569/ 1570/1570/ 1571/1571/
f 1553/1553/ 1569/1569/ 1571/1571/
f 1553/1553/ 1571/1571/ 1572/1572/
f 1551/1551/ 1553/1553/ 1572/1572/
f 1551/1551/ 1572/1572/ 1573/1573/
f 1549/1549/ 1551/1551/ 1573/1573/
f 1549/1549/ 1573/1573/ 1574/1574/
f 1548/1548/ 1549/1549/ 1574/1574/
f 1548/1548/ 1574/1574/ 1575/1575/
f 1576/1576/ 1574/1574/ 1573/1573/
f 1575/1575/ 1574/1574/ 1576/1576/
f 1576/1576/ 1573/1573/ 1577/1577/
f 1573/1573/ 1572/1572/ 1578/1578/
f 1573/1573/ 1578/1578/ 1579/1579/
f 1573/1573/ 1579/1579/ 1580/1580/
f 1573/1573/ 1580/1580/ 1577/1577/
f 1571/1571/ 1570/1570/ 1581/1581/
f 1570/1570/ 1582/1582/ 1581/1581/
f 1570/1570/ 1566/1566/ 1582/1582/
f 1566/1566/ 1583/1583/ 1582/1582/
f 1566/1566/ 1565/1565/ 1583/1583/
f 1565/1565/ 1584/1584/ 1583/1583/
f 1565/1565/ 1564/1564/ 1584/1584/
f 1564/1564/ 976/976/ 1584/1584/
f 1564/1564/ 967/967/ 976/976/
f 1576/1576/ 1577/1577/ 1585/1585/
f 1576/1576/ 1585/1585/ 1586/1586/
f 1577/1577/ 1580/1580/ 1587/1587/
f 1577/1577/ 1587/1587/ 1585/1585/
f 1586/1586/ 1585/1585/ 1588/1588/
f 1586/1586/ 1588/1588/ 1589/1589/
f 1589/1589/ 1588/1588/ 1590/1590/
f 1589/1589/ 1590/1590/ 1591/1591/
f 1588/1588/ 1592/1592/ 1590/1590/
f 1588/1588/ 1593/1593/ 1592/1592/
f 1585/1585/ 1587/1587/ 1593/1593/
f 1585/1585/ 1593/1593/ 1588/1588/
f 1594/1594/ 1586/1586/ 1589/1589/
f 1576/1576/ 1586/1586/ 1594/1594/
f 1576/1576/ 1594/1594/ 1595/1595/
f 1575/1575/ 1576/1576/ 1595/1595/
f 1596/1596/ 1575/1575/ 1595/1595/
f 1596/1596/ 1597/1597/ 1575/1575/
f 1575/1575/ 1597/1597/ 1598/1598/
f 1598/1598/ 1597/1597/ 1599/1599/
f 1598/1598/ 1599/1599/ 1600/1600/
f 1600/1600/ 1601/1601/ 1598/1598/
f 1600/1600/ 1602/1602/ 1601/1601/
f 1603/1603/ 1602/1602/ 1600/1600/
f 1599/1599/ 1603/1603/ 1600/1600/
f 1603/1603/ 1604/1604/ 1602/1602/
f 1605/1605/ 1604/1604/ 1603/1603/
f 1605/1605/ 1606/1606/ 1604/1604/
f 1607/1607/ 1606/1606/ 1605/1605/
f 1607/1607/ 1608/1608/ 1606/1606/
f 1609/1609/ 1608/1608/ 1607/1607/
f 1609/1609/ 1610/1610/ 1608/1608/
f 1611/1611/ 1610/1610/ 1609/1609/
f 1611/1611/ 1612/1612/ 1610/1610/
f 1611/1611/ 1613/1613/ 1612/1612/
f 1613/1613/ 1614/1614/ 1612/1612/
f 1613/1613/ 1615/1615/ 1614/1614/
f 1616/1616/ 1615/1615/ 1613/1613/
f 1616/1616/ 1617/1617/ 1615/1615/
f 1618/1618/ 1617/1617/ 1616/1616/
f 1619/1619/ 1617/1617/ 1618/1618/
f 1619/1619/ 1620/1620/ 1617/1617/
f 1620/1620/ 1615/1615/ 1617/1617/
f 1619/1619/ 1621/1621/ 1620/1620/
f 1621/1621/ 1622/1622/ 1620/1620/
f 1620/1620/ 1622/1622/ 1615/1615/
f 1621/1621/ 1623/1623/ 1622/1622/
f 1624/1624/ 1623/1623/ 1621/1621/
f 1624/1624/ 1625/1625/ 1623/1623/
f 1626/1626/ 1625/1625/ 1624/1624/
f 1626/1626/ 1627/1627/ 1625/1625/
f 1628/1628/ 1627/1627/ 1626/1626/
f 1628/1628/ 1629/1629/ 1627/1627/
f 1630/1630/ 1629/1629/ 1628/1628/
f 1630/1630/ 1628/1628/ 1631/1631/
f 1632/1632/ 1630/1630/ 1631/1631/
f 1632/1632/ 1631/1631/ 1633/1633/
f 1633/1633/ 132/132/ 1632/1632/
f 1633/1633/ 133/133/ 132/132/
f 135/135/ 133/133/ 1633/1633/
f 135/135/ 1633/1633/ 1634/1634/
f 137/137/ 135/135/ 1634/1634/
f 137/137/ 1634/1634/ 1635/1635/
f 1634/1634/ 1636/1636/ 1635/1635/
f 1634/1634/ 1637/1637/ 1636/1636/
f 1633/1633/ 1631/1631/ 1637/1637/
f 1633/1633/ 1637/1637/ 1634/1634/
f 1638/1638/ 1631/1631/ 1628/1628/
f 1638/1638/ 1639/1639/ 1631/1631/
f 1639/1639/ 1637/1637/ 1631/1631/
f 1639/1639/ 1640/1640/ 1637/1637/
f 1636/1636/ 1637/1637/ 1640/1640/
f 1636/1636/ 1640/1640/ 1641/1641/
f 1641/1641/ 1642/1642/ 1636/1636/
f 1635/1635/ 1636/1636/ 1642/1642/
f 1641/1641/ 1643/1643/ 1642/1642/
f 1643/1643/ 1644/1644/ 1642/1642/
f 1643/1643/ 1645/1645/ 1644/1644/
f 1645/1645/ 1646/1646/ 1644/1644/
f 1645/1645/ 1647/1647/ 1646/1646/
f 1647/1647/ 1648/1648/ 1646/1646/
f 1647/1647/ 1649/1649/ 1648/1648/
f 1649/1649/ 1650/1650/ 1648/1648/
f 1649/1649/ 1651/1651/ 1650/1650/
f 1651/1651/ 1652/1652/ 1650/1650/
f 1651/1651/ 1653/1653/ 1652/1652/
f 1653/1653/ 1654/1654/ 1652/1652/
f 1653/1653/ 1655/1655/ 1654/1654/
f 1655/1655/ 1656/1656/ 1654/1654/
f 1655/1655/ 1657/1657/ 1656/1656/
f 1657/1657/ 1658/1658/ 1656/1656/
f 1657/1657/ 1659/1659/ 1658/1658/
f 1660/1660/ 1658/1658/ 1659/1659/
f 1660/1660/ 1626/1626/ 1658/1658/
f 1628/1628/ 1626/1626/ 1660/1660/
f 1628/1628/ 1660/1660/ 1638/1638/
f 1658/1658/ 1626/1626/ 1624/1624/
f 1658/1658/ 1624/1624/ 1661/1661/
f 1656/1656/ 1658/1658/ 1661/1661/
f 1662/1662/ 1661/1661/ 1624/1624/
f 1662/1662/ 1624/1624/ 1621/1621/
f 1656/1656/ 1661/1661/ 1663/1663/
f 1654/1654/ 1656/1656/ 1663/1663/
f 1654/1654/ 1663/1663/ 1664/1664/
f 1654/1654/ 1664/1664/ 1665/1665/
f 1619/1619/ 1662/1662/ 1621/1621/
f 1661/1661/ 1662/1662/ 1666/1666/
f 1661/1661/ 1666/1666/ 1663/1663/
f 1619/1619/ 1666/1666/ 1662/1662/
f 1663/1663/ 1666/1666/ 1667/1667/
f 1663/1663/ 1667/1667/ 1664/1664/
f 1664/1664/ 1667/1667/ 1668/1668/
f 1664/1664/ 1668/1668/ 1665/1665/
f 1669/1669/ 1665/1665/ 1668/1668/
f 1650/1650/ 1665/1665/ 1669/1669/
f 1648/1648/ 1650/1650/ 1669/1669/
f 1648/1648/ 1669/1669/ 1670/1670/
f 1650/1650/ 1652/1652/ 1665/1665/
f 1654/1654/ 1665/1665/ 1652/1652/
f 1646/1646/ 1648/1648/ 1670/1670/
f 1646/1646/ 1670/1670/ 1671/1671/
f 1644/1644/ 1646/1646/ 1671/1671/
f 1644/1644/ 1671/1671/ 1672/1672/
f 1673/1673/ 1644/1644/ 1672/1672/
f 1674/1674/ 1644/1644/ 1673/1673/
f 180/180/ 1674/1674/ 1673/1673/
f 180/180/ 181/181/ 1674/1674/
f 181/181/ 1635/1635/ 1674/1674/
f 181/181/ 137/137/ 1635/1635/
f 1635/1635/ 1642/1642/ 1674/1674/
f 1674/1674/ 1642/1642/ 1644/1644/
f 182/182/ 180/180/ 1673/1673/
f 182/182/ 1673/1673/ 1675/1675/
f 1673/1673/ 1672/1672/ 1675/1675/
f 1675/1675/ 1672/1672/ 1676/1676/
f 1675/1675/ 1676/1676/ 1677/1677/
f 186/186/ 182/182/ 1675/1675/
f 186/186/ 1675/1675/ 1677/1677/
f 1672/1672/ 1671/1671/ 1678/1678/
f 1672/1672/ 1678/1678/ 1676/1676/
f 1679/1679/ 1678/1678/ 1671/1671/
f 1680/1680/ 1678/1678/ 1679/1679/
f 1680/1680/ 1681/1681/ 1678/1678/
f 1682/1682/ 1681/1681/ 1680/1680/
f 1682/1682/ 1683/1683/ 1681/1681/
f 1682/1682/ 1684/1684/ 1683/1683/
f 1682/1682/ 1685/1685/ 1684/1684/
f 1684/1684/ 1685/1685/ 1686/1686/
f 1686/1686/ 1685/1685/ 1682/1682/
f 1684/1684/ 1686/1686/ 1687/1687/
f 1686/1686/ 1682/1682/ 1688/1688/
f 1679/1679/ 1671/1671/ 1670/1670/
f 1682/1682/ 1680/1680/ 1689/1689/
f 1682/1682/ 1689/1689/ 1688/1688/
f 1679/1679/ 1689/1689/ 1680/1680/
f 1690/1690/ 1679/1679/ 1670/1670/
f 1679/1679/ 1690/1690/ 1689/1689/
f 1690/1690/ 1670/1670/ 1669/1669/
f 1669/1669/ 1668/1668/ 1690/1690/
f 1690/1690/ 1668/1668/ 1691/1691/
f 1690/1690/ 1691/1691/ 1689/1689/
f 1691/1691/ 1668/1668/ 1667/1667/
f 1691/1691/ 1667/1667/ 1692/1692/
f 1667/1667/ 1693/1693/ 1692/1692/
f 1667/1667/ 1666/1666/ 1693/1693/
f 1689/1689/ 1691/1691/ 1694/1694/
f 1689/1689/ 1694/1694/ 1688/1688/
f 1619/1619/ 1693/1693/ 1666/1666/
f 1618/1618/ 1693/1693/ 1619/1619/
f 1618/1618/ 1695/1695/ 1693/1693/
f 1695/1695/ 1692/1692/ 1693/1693/
f 1695/1695/ 1696/1696/ 1692/1692/
f 1696/1696/ 1694/1694/ 1691/1691/
f 1696/1696/ 1691/1691/ 1692/1692/
f 1618/1618/ 1697/1697/ 1695/1695/
f 1696/1696/ 1695/1695/ 1697/1697/
f 1618/1618/ 1698/1698/ 1697/1697/
f 1618/1618/ 1616/1616/ 1698/1698/
f 1698/1698/ 1616/1616/ 1699/1699/
f 1698/1698/ 1699/1699/ 1697/1697/
f 1694/1694/ 1696/1696/ 1700/1700/
f 1696/1696/ 1697/1697/ 1700/1700/
f 1694/1694/ 1700/1700/ 1701/1701/
f 1688/1688/ 1694/1694/ 1701/1701/
f 1688/1688/ 1701/1701/ 1686/1686/
f 1686/1686/ 1701/1701/ 1702/1702/
f 1702/1702/ 1701/1701/ 1700/1700/
f 1686/1686/ 1702/1702/ 1687/1687/
f 1702/1702/ 1700/1700/ 1703/1703/
f 1703/1703/ 1700/1700/ 1697/1697/
f 1703/1703/ 1697/1697/ 1699/1699/
f 1699/1699/ 1616/1616/ 1613/1613/
f 1699/1699/ 1613/1613/ 1704/1704/
f 1703/1703/ 1699/1699/ 1704/1704/
f 1703/1703/ 1704/1704/ 1705/1705/
f 1702/1702/ 1703/1703/ 1705/1705/
f 1702/1702/ 1705/1705/ 1706/1706/
f 1687/1687/ 1702/1702/ 1706/1706/
f 1687/1687/ 1706/1706/ 1707/1707/
f 1684/1684/ 1687/1687/ 1707/1707/
f 1684/1684/ 1707/1707/ 1708/1708/
f 1683/1683/ 1684/1684/ 1708/1708/
f 1683/1683/ 1708/1708/ 1709/1709/
f 1681/1681/ 1683/1683/ 1709/1709/
f 1681/1681/ 1709/1709/ 1710/1710/
f 1678/1678/ 1681/1681/ 1710/1710/
f 1678/1678/ 1710/1710/ 1676/1676/
f 1677/1677/ 1676/1676/ 1710/1710/
f 1677/1677/ 1710/1710/ 1711/1711/
f 1711/1711/ 1710/1710/ 1709/1709/
f 224/224/ 1677/1677/ 1711/1711/
f 224/224/ 186/186/ 1677/1677/
f 1711/1711/ 1709/1709/ 1712/1712/
f 226/226/ 224/224/ 1711/1711/
f 226/226/ 1711/1711/ 1712/1712/
f 1713/1713/ 1708/1708/ 1707/1707/
f 1713/1713/ 1714/1714/ 1708/1708/
f 1715/1715/ 1714/1714/ 1713/1713/
f 1715/1715/ 1716/1716/ 1714/1714/
f 1717/1717/ 1716/1716/ 1715/1715/
f 1717/1717/ 1718/1718/ 1716/1716/
f 1719/1719/ 1718/1718/ 1717/1717/
f 1719/1719/ 1720/1720/ 1718/1718/
f 399/399/ 1720/1720/ 1719/1719/
f 402/402/ 399/399/ 1719/1719/
f 1721/1721/ 402/402/ 1719/1719/
f 492/492/ 402/402/ 1721/1721/
f 492/492/ 403/403/ 402/402/
f 1722/1722/ 492/492/ 1721/1721/
f 1722/1722/ 495/495/ 492/492/
f 496/496/ 495/495/ 1722/1722/
f 496/496/ 1722/1722/ 1723/1723/
f 1724/1724/ 496/496/ 1723/1723/
f 497/497/ 496/496/ 1724/1724/
f 498/498/ 497/497/ 1724/1724/
f 498/498/ 1724/1724/ 506/506/
f 506/506/ 1724/1724/ 1725/1725/
f 1724/1724/ 1723/1723/ 1725/1725/
f 506/506/ 1725/1725/ 1726/1726/
f 504/504/ 506/506/ 1726/1726/
f 504/504/ 1726/1726/ 1727/1727/
f 505/505/ 504/504/ 1727/1727/
f 505/505/ 1727/1727/ 1728/1728/
f 507/507/ 505/505/ 1728/1728/
f 507/507/ 1728/1728/ 1729/1729/
f 508/508/ 507/507/ 1729/1729/
f 508/508/ 1729/1729/ 1730/1730/
f 509/509/ 508/508/ 1730/1730/
f 509/509/ 1730/1730/ 518/518/
f 510/510/ 509/509/ 518/518/
f 518/518/ 1730/1730/ 1731/1731/
f 518/518/ 1731/1731/ 1732/1732/
f 517/517/ 518/518/ 1732/1732/
f 517/517/ 1732/1732/ 1733/1733/
f 520/520/ 517/517/ 1733/1733/
f 520/520/ 511/511/ 517/517/
f 1728/1728/ 1727/1727/ 1734/1734/
f 1728/1728/ 1734/1734/ 1735/1735/
f 1729/1729/ 1728/1728/ 1735/1735/
f 1729/1729/ 1735/1735/ 1736/1736/
f 1730/1730/ 1729/1729/ 1736/1736/
f 1730/1730/ 1736/1736/ 1731/1731/
f 1735/1735/ 1734/1734/ 1737/1737/
f 1738/1738/ 1737/1737/ 1734/1734/
f 1727/1727/ 1738/1738/ 1734/1734/
f 1727/1727/ 1726/1726/ 1738/1738/
f 1726/1726/ 1739/1739/ 1738/1738/
f 1726/1726/ 1725/1725/ 1739/1739/
f 1725/1725/ 1740/1740/ 1739/1739/
f 1725/1725/ 1723/1723/ 1740/1740/
f 1723/1723/ 1741/1741/ 1740/1740/
f 1723/1723/ 1722/1722/ 1741/1741/
f 1742/1742/ 1741/1741/ 1722/1722/
f 1742/1742/ 1722/1722/ 1721/1721/
f 1721/1721/ 1719/1719/ 1742/1742/
f 1719/1719/ 1743/1743/ 1742/1742/
f 1741/1741/ 1742/1742/ 1743/1743/
f 1719/1719/ 1717/1717/ 1743/1743/
f 1743/1743/ 1717/1717/ 1715/1715/
f 1743/1743/ 1715/1715/ 1744/1744/
f 1744/1744/ 1715/1715/ 1713/1713/
f 1744/1744/ 1713/1713/ 1745/1745/
f 1707/1707/ 1745/1745/ 1713/1713/
f 1707/1707/ 1706/1706/ 1745/1745/
f 1741/1741/ 1743/1743/ 1746/1746/
f 1746/1746/ 1743/1743/ 1744/1744/
f 1740/1740/ 1741/1741/ 1746/1746/
f 1746/1746/ 1744/1744/ 1747/1747/
f 1747/1747/ 1744/1744/ 1745/1745/
f 1747/1747/ 1745/1745/ 1748/1748/
f 1748/1748/ 1745/1745/ 1706/1706/
f 1748/1748/ 1706/1706/ 1705/1705/
f 1749/1749/ 1746/1746/ 1747/1747/
f 1740/1740/ 1746/1746/ 1749/1749/
f 1749/1749/ 1747/1747/ 1750/1750/
f 1750/1750/ 1747/1747/ 1748/1748/
f 1750/1750/ 1748/1748/ 1751/1751/
f 1751/1751/ 1748/1748/ 1705/1705/
f 1751/1751/ 1705/1705/ 1704/1704/
f 1752/1752/ 1751/1751/ 1704/1704/
f 1750/1750/ 1751/1751/ 1752/1752/
f 1752/1752/ 1704/1704/ 1613/1613/
f 1611/1611/ 1752/1752/ 1613/1613/
f 1740/1740/ 1749/1749/ 1753/1753/
f 1740/1740/ 1753/1753/ 1739/1739/
f 1749/1749/ 1750/1750/ 1754/1754/
f 1749/1749/ 1754/1754/ 1753/1753/
f 1750/1750/ 1752/1752/ 1754/1754/
f 1754/1754/ 1752/1752/ 1611/1611/
f 1739/1739/ 1753/1753/ 1755/1755/
f 1739/1739/ 1755/1755/ 1738/1738/
f 1753/1753/ 1754/1754/ 1756/1756/
f 1753/1753/ 1756/1756/ 1755/1755/
f 1754/1754/ 1611/1611/ 1756/1756/
f 1738/1738/ 1755/1755/ 1737/1737/
f 1755/1755/ 1756/1756/ 1757/1757/
f 1755/1755/ 1757/1757/ 1737/1737/
f 1756/1756/ 1611/1611/ 1609/1609/
f 1756/1756/ 1609/1609/ 1757/1757/
f 1758/1758/ 1737/1737/ 1757/1757/
f 1735/1735/ 1737/1737/ 1758/1758/
f 1758/1758/ 1757/1757/ 1759/1759/
f 1759/1759/ 1757/1757/ 1609/1609/
f 1759/1759/ 1609/1609/ 1607/1607/
f 1736/1736/ 1735/1735/ 1758/1758/
f 1736/1736/ 1758/1758/ 1760/1760/
f 1760/1760/ 1758/1758/ 1759/1759/
f 1760/1760/ 1759/1759/ 1761/1761/
f 1759/1759/ 1607/1607/ 1605/1605/
f 1759/1759/ 1605/1605/ 1761/1761/
f 1736/1736/ 1760/1760/ 1762/1762/
f 1736/1736/ 1762/1762/ 1763/1763/
f 1736/1736/ 1763/1763/ 1764/1764/
f 1736/1736/ 1764/1764/ 1731/1731/
f 1760/1760/ 1761/1761/ 1765/1765/
f 1760/1760/ 1765/1765/ 1762/1762/
f 1761/1761/ 1605/1605/ 1603/1603/
f 1761/1761/ 1603/1603/ 1765/1765/
f 1731/1731/ 1764/1764/ 1766/1766/
f 1731/1731/ 1766/1766/ 1732/1732/
f 1732/1732/ 1766/1766/ 1767/1767/
f 1732/1732/ 1767/1767/ 1733/1733/
f 1733/1733/ 1767/1767/ 1768/1768/
f 1733/1733/ 1768/1768/ 520/520/
f 1599/1599/ 1765/1765/ 1603/1603/
f 1762/1762/ 1765/1765/ 1599/1599/
f 1762/1762/ 1599/1599/ 1769/1769/
f 1763/1763/ 1762/1762/ 1769/1769/
f 1769/1769/ 1599/1599/ 1597/1597/
f 1769/1769/ 1597/1597/ 1596/1596/
f 1763/1763/ 1769/1769/ 1770/1770/
f 1770/1770/ 1769/1769/ 1596/1596/
f 1770/1770/ 1596/1596/ 1771/1771/
f 1771/1771/ 1596/1596/ 1595/1595/
f 1771/1771/ 1595/1595/ 1594/1594/
f 1770/1770/ 1771/1771/ 1772/1772/
f 1770/1770/ 1772/1772/ 1773/1773/
f 1763/1763/ 1770/1770/ 1773/1773/
f 1763/1763/ 1773/1773/ 1764/1764/
f 1771/1771/ 1594/1594/ 1774/1774/
f 1771/1771/ 1774/1774/ 1772/1772/
f 1594/1594/ 1589/1589/ 1774/1774/
f 1764/1764/ 1773/1773/ 1775/1775/
f 1764/1764/ 1775/1775/ 1766/1766/
f 1773/1773/ 1772/1772/ 1776/1776/
f 1773/1773/ 1776/1776/ 1775/1775/
f 1772/1772/ 1774/1774/ 1777/1777/
f 1772/1772/ 1777/1777/ 1776/1776/
f 1774/1774/ 1589/1589/ 1591/1591/
f 1774/1774/ 1591/1591/ 1777/1777/
f 1767/1767/ 1766/1766/ 1775/1775/
f 1767/1767/ 1775/1775/ 1778/1778/
f 1767/1767/ 1778/1778/ 1779/1779/
f 1767/1767/ 1779/1779/ 1768/1768/
f 1780/1780/ 1768/1768/ 1779/1779/
f 1780/1780/ 1781/1781/ 1768/1768/
f 1775/1775/ 1776/1776/ 1782/1782/
f 1775/1775/ 1782/1782/ 1778/1778/
f 1782/1782/ 1776/1776/ 1777/1777/
f 1782/1782/ 1777/1777/ 1783/1783/
f 1783/1783/ 1777/1777/ 1591/1591/
f 1783/1783/ 1591/1591/ 1784/1784/
f 1591/1591/ 1785/1785/ 1784/1784/
f 1591/1591/ 1590/1590/ 1785/1785/
f 1590/1590/ 1786/1786/ 1785/1785/
f 1590/1590/ 1592/1592/ 1786/1786/
f 1787/1787/ 1780/1780/ 1779/1779/
f 1787/1787/ 1779/1779/ 1788/1788/
f 1788/1788/ 1779/1779/ 1778/1778/
f 1789/1789/ 1787/1787/ 1788/1788/
f 1789/1789/ 1788/1788/ 1790/1790/
f 1782/1782/ 1783/1783/ 1791/1791/
f 1782/1782/ 1791/1791/ 1792/1792/
f 1783/1783/ 1784/1784/ 1793/1793/
f 1783/1783/ 1793/1793/ 1791/1791/
f 1784/1784/ 1785/1785/ 1794/1794/
f 1784/1784/ 1794/1794/ 1793/1793/
f 1785/1785/ 1786/1786/ 1795/1795/
f 1785/1785/ 1795/1795/ 1794/1794/
f 1793/1793/ 1794/1794/ 1795/1795/
f 1791/1791/ 1793/1793/ 1796/1796/
f 1793/1793/ 1795/1795/ 1796/1796/
f 1791/1791/ 1796/1796/ 1797/1797/
f 1797/1797/ 1792/1792/ 1791/1791/
f 1786/1786/ 1592/1592/ 1798/1798/
f 1592/1592/ 1799/1799/ 1798/1798/
f 1592/1592/ 1593/1593/ 1799/1799/
f 1593/1593/ 1800/1800/ 1799/1799/
f 1593/1593/ 1587/1587/ 1800/1800/
f 1800/1800/ 1587/1587/ 1580/1580/
f 1800/1800/ 1580/1580/ 1801/1801/
f 1580/1580/ 1802/1802/ 1801/1801/
f 1580/1580/ 1579/1579/ 1802/1802/
f 1579/1579/ 1803/1803/ 1802/1802/
f 1579/1579/ 1578/1578/ 1803/1803/
f 1804/1804/ 1803/1803/ 1578/1578/
f 1804/1804/ 1578/1578/ 1805/1805/
f 1572/1572/ 1805/1805/ 1578/1578/
f 1572/1572/ 1571/1571/ 1805/1805/
f 1571/1571/ 1581/1581/ 1805/1805/
f 1805/1805/ 1581/1581/ 1806/1806/
f 1805/1805/ 1806/1806/ 1804/1804/
f 1807/1807/ 1806/1806/ 1581/1581/
f 1807/1807/ 1581/1581/ 1582/1582/
f 1808/1808/ 1807/1807/ 1582/1582/
f 1808/1808/ 1582/1582/ 1583/1583/
f 1809/1809/ 1808/1808/ 1583/1583/
f 1809/1809/ 1583/1583/ 1584/1584/
f 992/992/ 1809/1809/ 1584/1584/
f 992/992/ 1584/1584/ 976/976/
f 1803/1803/ 1804/1804/ 1810/1810/
f 1806/1806/ 1807/1807/ 1811/1811/
f 1806/1806/ 1811/1811/ 1812/1812/
f 1807/1807/ 1808/1808/ 1813/1813/
f 1807/1807/ 1813/1813/ 1811/1811/
f 1808/1808/ 1809/1809/ 1814/1814/
f 1808/1808/ 1814/1814/ 1813/1813/
f 1809/1809/ 992/992/ 1010/1010/
f 1809/1809/ 1010/1010/ 1814/1814/
f 1812/1812/ 1815/1815/ 1810/1810/
f 1803/1803/ 1810/1810/ 1815/1815/
f 1802/1802/ 1803/1803/ 1815/1815/
f 1802/1802/ 1815/1815/ 1816/1816/
f 1801/1801/ 1802/1802/ 1816/1816/
f 1801/1801/ 1816/1816/ 1817/1817/
f 1800/1800/ 1801/1801/ 1817/1817/
f 1800/1800/ 1817/1817/ 1818/1818/
f 1799/1799/ 1800/1800/ 1818/1818/
f 1799/1799/ 1818/1818/ 1819/1819/
f 1798/1798/ 1799/1799/ 1819/1819/
f 1798/1798/ 1819/1819/ 1820/1820/
f 1821/1821/ 1798/1798/ 1820/1820/
f 1786/1786/ 1798/1798/ 1821/1821/
f 1795/1795/ 1786/1786/ 1821/1821/
f 1795/1795/ 1821/1821/ 1822/1822/
f 1796/1796/ 1795/1795/ 1822/1822/
f 1796/1796/ 1822/1822/ 1823/1823/
f 1796/1796/ 1823/1823/ 1824/1824/
f 1796/1796/ 1824/1824/ 1797/1797/
f 1797/1797/ 1824/1824/ 1825/1825/
f 1797/1797/ 1825/1825/ 1826/1826/
f 1827/1827/ 1824/1824/ 1823/1823/
f 1827/1827/ 1823/1823/ 1828/1828/
f 1822/1822/ 1828/1828/ 1823/1823/
f 1829/1829/ 1827/1827/ 1828/1828/
f 1829/1829/ 1830/1830/ 1827/1827/
f 1829/1829/ 1831/1831/ 1830/1830/
f 1829/1829/ 1832/1832/ 1831/1831/
f 1831/1831/ 1832/1832/ 1833/1833/
f 1831/1831/ 1833/1833/ 1834/1834/
f 1835/1835/ 1831/1831/ 1834/1834/
f 1835/1835/ 1830/1830/ 1831/1831/
f 1835/1835/ 1834/1834/ 1836/1836/
f 1837/1837/ 1836/1836/ 1834/1834/
f 1837/1837/ 1834/1834/ 1838/1838/
f 1838/1838/ 1834/1834/ 1833/1833/
f 1839/1839/ 1837/1837/ 1838/1838/
f 1839/1839/ 1838/1838/ 1840/1840/
f 1840/1840/ 1841/1841/ 1839/1839/
f 1840/1840/ 1842/1842/ 1841/1841/
f 1842/1842/ 1843/1843/ 1841/1841/
f 1842/1842/ 1844/1844/ 1843/1843/
f 1845/1845/ 1843/1843/ 1844/1844/
f 1845/1845/ 1844/1844/ 1846/1846/
f 1847/1847/ 1845/1845/ 1846/1846/
f 1847/1847/ 1846/1846/ 1848/1848/
f 1849/1849/ 1847/1847/ 1848/1848/
f 1849/1849/ 1848/1848/ 1850/1850/
f 1851/1851/ 1849/1849/ 1850/1850/
f 1851/1851/ 1850/1850/ 1852/1852/
f 1840/1840/ 1838/1838/ 1853/1853/
f 1838/1838/ 1833/1833/ 1853/1853/
f 1840/1840/ 1853/1853/ 1854/1854/
f 1842/1842/ 1840/1840/ 1854/1854/
f 1844/1844/ 1842/1842/ 1855/1855/
f 1842/1842/ 1854/1854/ 1855/1855/
f 1844/1844/ 1855/1855/ 1856/1856/
f 1844/1844/ 1856/1856/ 1857/1857/
f 1857/1857/ 1846/1846/ 1844/1844/
f 1857/1857/ 1858/1858/ 1846/1846/
f 1848/1848/ 1846/1846/ 1858/1858/
f 1848/1848/ 1858/1858/ 1859/1859/
f 1850/1850/ 1848/1848/ 1859/1859/
f 1860/1860/ 1849/1849/ 1851/1851/
f 1860/1860/ 1861/1861/ 1849/1849/
f 1861/1861/ 1847/1847/ 1849/1849/
f 1862/1862/ 1861/1861/ 1860/1860/
f 1862/1862/ 1863/1863/ 1861/1861/
f 1864/1864/ 1863/1863/ 1862/1862/
f 1864/1864/ 1865/1865/ 1863/1863/
f 1864/1864/ 1866/1866/ 1865/1865/
f 1867/1867/ 1866/1866/ 1864/1864/
f 1867/1867/ 1868/1868/ 1866/1866/
f 1866/1866/ 1868/1868/ 1869/1869/
f 1866/1866/ 1869/1869/ 1870/1870/
f 1865/1865/ 1866/1866/ 1870/1870/
f 1865/1865/ 1870/1870/ 1871/1871/
f 1867/1867/ 1864/1864/ 1872/1872/
f 1864/1864/ 1862/1862/ 1872/1872/
f 1867/1867/ 1872/1872/ 1873/1873/
f 1868/1868/ 1867/1867/ 1874/1874/
f 1868/1868/ 1874/1874/ 1875/1875/
f 1863/1863/ 1865/1865/ 1876/1876/
f 1863/1863/ 1876/1876/ 1861/1861/
f 1877/1877/ 1869/1869/ 1868/1868/
f 1877/1877/ 1868/1868/ 1875/1875/
f 1870/1870/ 1869/1869/ 1877/1877/
f 1865/1865/ 1871/1871/ 1878/1878/
f 1865/1865/ 1878/1878/ 1876/1876/
f 1879/1879/ 1877/1877/ 1875/1875/
f 1880/1880/ 1877/1877/ 1879/1879/
f 1870/1870/ 1877/1877/ 1880/1880/
f 1871/1871/ 1870/1870/ 1880/1880/
f 1880/1880/ 1879/1879/ 1881/1881/
f 1882/1882/ 1880/1880/ 1881/1881/
f 1871/1871/ 1880/1880/ 1882/1882/
f 1878/1878/ 1871/1871/ 1882/1882/
f 1882/1882/ 1881/1881/ 1883/1883/
f 1881/1881/ 1879/1879/ 1884/1884/
f 1881/1881/ 1884/1884/ 1885/1885/
f 1883/1883/ 1881/1881/ 1885/1885/
f 1883/1883/ 1885/1885/ 1886/1886/
f 1879/1879/ 1875/1875/ 1887/1887/
f 1882/1882/ 1883/1883/ 1888/1888/
f 1882/1882/ 1888/1888/ 1878/1878/
f 1883/1883/ 1886/1886/ 1888/1888/
f 1889/1889/ 1884/1884/ 1879/1879/
f 1889/1889/ 1879/1879/ 1887/1887/
f 1885/1885/ 1884/1884/ 1889/1889/
f 1890/1890/ 1889/1889/ 1887/1887/
f 1891/1891/ 1889/1889/ 1890/1890/
f 1891/1891/ 1890/1890/ 1892/1892/
f 1893/1893/ 1891/1891/ 1892/1892/
f 1894/1894/ 1891/1891/ 1893/1893/
f 1888/1888/ 1886/1886/ 1894/1894/
f 1894/1894/ 1895/1895/ 1891/1891/
f 1885/1885/ 1889/1889/ 1895/1895/
f 1886/1886/ 1885/1885/ 1895/1895/
f 1886/1886/ 1895/1895/ 1894/1894/
f 1895/1895/ 1889/1889/ 1891/1891/
f 1893/1893/ 1892/1892/ 1896/1896/
f 1892/1892/ 1890/1890/ 1897/1897/
f 1892/1892/ 1897/1897/ 1898/1898/
f 1896/1896/ 1892/1892/ 1898/1898/
f 1896/1896/ 1898/1898/ 1899/1899/
f 1898/1898/ 1897/1897/ 1900/1900/
f 1899/1899/ 1898/1898/ 1900/1900/
f 1899/1899/ 1900/1900/ 1901/1901/
f 1890/1890/ 1887/1887/ 1902/1902/
f 1897/1897/ 1890/1890/ 1902/1902/
f 1894/1894/ 1893/1893/ 1903/1903/
f 1894/1894/ 1903/1903/ 1888/1888/
f 1893/1893/ 1896/1896/ 1903/1903/
f 1897/1897/ 1902/1902/ 1904/1904/
f 1896/1896/ 1899/1899/ 1905/1905/
f 1896/1896/ 1905/1905/ 1903/1903/
f 1899/1899/ 1901/1901/ 1905/1905/
f 1906/1906/ 1904/1904/ 1902/1902/
f 1887/1887/ 1906/1906/ 1902/1902/
f 1887/1887/ 1907/1907/ 1906/1906/
f 1875/1875/ 1907/1907/ 1887/1887/
f 1875/1875/ 1908/1908/ 1907/1907/
f 1908/1908/ 1909/1909/ 1907/1907/
f 1908/1908/ 1910/1910/ 1909/1909/
f 1907/1907/ 1909/1909/ 1911/1911/
f 1907/1907/ 1911/1911/ 1906/1906/
f 1906/1906/ 1911/1911/ 1912/1912/
f 1906/1906/ 1912/1912/ 1913/1913/
f 1906/1906/ 1913/1913/ 1904/1904/
f 1914/1914/ 1908/1908/ 1875/1875/
f 1910/1910/ 1908/1908/ 1914/1914/
f 1914/1914/ 1875/1875/ 1874/1874/
f 1910/1910/ 1914/1914/ 1915/1915/
f 1914/1914/ 1874/1874/ 1916/1916/
f 1867/1867/ 1916/1916/ 1874/1874/
f 1867/1867/ 1873/1873/ 1916/1916/
f 1916/1916/ 1873/1873/ 1917/1917/
f 1873/1873/ 1918/1918/ 1917/1917/
f 1873/1873/ 1872/1872/ 1918/1918/
f 1916/1916/ 1917/1917/ 1919/1919/
f 1914/1914/ 1916/1916/ 1920/1920/
f 1915/1915/ 1914/1914/ 1920/1920/
f 1915/1915/ 1920/1920/ 1921/1921/
f 1910/1910/ 1915/1915/ 1921/1921/
f 1922/1922/ 1921/1921/ 1920/1920/
f 1922/1922/ 1920/1920/ 1923/1923/
f 1923/1923/ 1920/1920/ 1916/1916/
f 1923/1923/ 1916/1916/ 1919/1919/
f 1924/1924/ 1922/1922/ 1923/1923/
f 1924/1924/ 1923/1923/ 1925/1925/
f 1925/1925/ 1923/1923/ 1919/1919/
f 1925/1925/ 1919/1919/ 1926/1926/
f 1926/1926/ 1919/1919/ 1917/1917/
f 1927/1927/ 1925/1925/ 1926/1926/
f 1927/1927/ 1924/1924/ 1925/1925/
f 1927/1927/ 1926/1926/ 1928/1928/
f 1926/1926/ 1929/1929/ 1928/1928/
f 1926/1926/ 1930/1930/ 1929/1929/
f 1926/1926/ 1917/1917/ 1930/1930/
f 1931/1931/ 1921/1921/ 1922/1922/
f 1910/1910/ 1921/1921/ 1931/1931/
f 1910/1910/ 1931/1931/ 1932/1932/
f 1910/1910/ 1932/1932/ 1909/1909/
f 1909/1909/ 1932/1932/ 1933/1933/
f 1909/1909/ 1933/1933/ 1911/1911/
f 1911/1911/ 1933/1933/ 1934/1934/
f 1911/1911/ 1934/1934/ 1912/1912/
f 1932/1932/ 1931/1931/ 1935/1935/
f 1931/1931/ 1922/1922/ 1935/1935/
f 1932/1932/ 1935/1935/ 1936/1936/
f 1937/1937/ 1933/1933/ 1932/1932/
f 1937/1937/ 1932/1932/ 1936/1936/
f 1933/1933/ 1937/1937/ 1938/1938/
f 1933/1933/ 1938/1938/ 1934/1934/
f 1935/1935/ 1922/1922/ 1924/1924/
f 1935/1935/ 1924/1924/ 1936/1936/
f 1924/1924/ 1937/1937/ 1936/1936/
f 1937/1937/ 1939/1939/ 1938/1938/
f 1924/1924/ 1939/1939/ 1937/1937/
f 1938/1938/ 1939/1939/ 1927/1927/
f 1927/1927/ 1939/1939/ 1924/1924/
f 1938/1938/ 1927/1927/ 1940/1940/
f 1934/1934/ 1938/1938/ 1940/1940/
f 1940/1940/ 1927/1927/ 1928/1928/
f 1940/1940/ 1928/1928/ 1941/1941/
f 1942/1942/ 1940/1940/ 1941/1941/
f 1912/1912/ 1934/1934/ 1942/1942/
f 1934/1934/ 1940/1940/ 1942/1942/
f 1942/1942/ 1941/1941/ 1943/1943/
f 1943/1943/ 1941/1941/ 1944/1944/
f 1943/1943/ 1944/1944/ 1945/1945/
f 1946/1946/ 1943/1943/ 1945/1945/
f 1946/1946/ 1947/1947/ 1943/1943/
f 1948/1948/ 1947/1947/ 1946/1946/
f 1948/1948/ 1946/1946/ 1949/1949/
f 1950/1950/ 1948/1948/ 1949/1949/
f 1950/1950/ 1951/1951/ 1948/1948/
f 1952/1952/ 1951/1951/ 1950/1950/
f 1952/1952/ 1953/1953/ 1951/1951/
f 1954/1954/ 1953/1953/ 1952/1952/
f 1954/1954/ 1952/1952/ 1955/1955/
f 1956/1956/ 1954/1954/ 1955/1955/
f 1956/1956/ 1955/1955/ 1957/1957/
f 1958/1958/ 1955/1955/ 1952/1952/
f 1958/1958/ 1959/1959/ 1955/1955/
f 1959/1959/ 1957/1957/ 1955/1955/
f 1959/1959/ 1960/1960/ 1957/1957/
f 1956/1956/ 1957/1957/ 1961/1961/
f 1960/1960/ 1961/1961/ 1957/1957/
f 1956/1956/ 1961/1961/ 1962/1962/
f 1963/1963/ 1958/1958/ 1952/1952/
f 1963/1963/ 1952/1952/ 1950/1950/
f 1960/1960/ 1964/1964/ 1961/1961/
f 1965/1965/ 1963/1963/ 1950/1950/
f 1965/1965/ 1950/1950/ 1949/1949/
f 1966/1966/ 1965/1965/ 1949/1949/
f 1966/1966/ 1949/1949/ 1946/1946/
f 1967/1967/ 1966/1966/ 1946/1946/
f 1967/1967/ 1946/1946/ 1945/1945/
f 1966/1966/ 1967/1967/ 1968/1968/
f 1966/1966/ 1968/1968/ 1969/1969/
f 1965/1965/ 1966/1966/ 1969/1969/
f 1970/1970/ 1967/1967/ 1945/1945/
f 1970/1970/ 1945/1945/ 1944/1944/
f 1967/1967/ 1970/1970/ 1971/1971/
f 1967/1967/ 1971/1971/ 1968/1968/
f 1972/1972/ 1970/1970/ 1944/1944/
f 1972/1972/ 1971/1971/ 1970/1970/
f 1972/1972/ 1944/1944/ 1929/1929/
f 1941/1941/ 1929/1929/ 1944/1944/
f 1941/1941/ 1928/1928/ 1929/1929/
f 1973/1973/ 1972/1972/ 1929/1929/
f 1973/1973/ 1929/1929/ 1930/1930/
f 1974/1974/ 1973/1973/ 1930/1930/
f 1974/1974/ 1930/1930/ 1975/1975/
f 1976/1976/ 1974/1974/ 1975/1975/
f 1976/1976/ 1975/1975/ 1918/1918/
f 1977/1977/ 1976/1976/ 1918/1918/
f 1977/1977/ 1918/1918/ 1978/1978/
f 1979/1979/ 1977/1977/ 1978/1978/
f 1979/1979/ 1978/1978/ 1980/1980/
f 1981/1981/ 1973/1973/ 1974/1974/
f 1981/1981/ 1974/1974/ 1976/1976/
f 1981/1981/ 1982/1982/ 1973/1973/
f 1981/1981/ 1976/1976/ 1983/1983/
f 1977/1977/ 1983/1983/ 1976/1976/
f 1984/1984/ 1982/1982/ 1981/1981/
f 1984/1984/ 1985/1985/ 1982/1982/
f 1986/1986/ 1984/1984/ 1981/1981/
f 1986/1986/ 1981/1981/ 1983/1983/
f 1979/1979/ 1980/1980/ 1987/1987/
f 1979/1979/ 1987/1987/ 1988/1988/
f 1977/1977/ 1989/1989/ 1983/1983/
f 1989/1989/ 1977/1977/ 1979/1979/
f 1986/1986/ 1983/1983/ 1989/1989/
f 1989/1989/ 1979/1979/ 1990/1990/
f 1986/1986/ 1989/1989/ 1991/1991/
f 1991/1991/ 1989/1989/ 1990/1990/
f 1991/1991/ 1990/1990/ 1969/1969/
f 1992/1992/ 1969/1969/ 1990/1990/
f 1965/1965/ 1969/1969/ 1992/1992/
f 1992/1992/ 1990/1990/ 1993/1993/
f 1993/1993/ 1990/1990/ 1994/1994/
f 1993/1993/ 1994/1994/ 1995/1995/
f 1995/1995/ 1996/1996/ 1993/1993/
f 1995/1995/ 1997/1997/ 1996/1996/
f 1997/1997/ 1998/1998/ 1996/1996/
f 1959/1959/ 1996/1996/ 1998/1998/
f 1959/1959/ 1958/1958/ 1996/1996/
f 1997/1997/ 1999/1999/ 1998/1998/
f 1963/1963/ 1965/1965/ 1992/1992/
f 1996/1996/ 1958/1958/ 1963/1963/
f 1963/1963/ 1992/1992/ 2000/2000/
f 1996/1996/ 1963/1963/ 2000/2000/
f 2000/2000/ 1992/1992/ 1993/1993/
f 2000/2000/ 1993/1993/ 1996/1996/
f 1998/1998/ 1999/1999/ 1835/1835/
f 1998/1998/ 1835/1835/ 1964/1964/
f 1964/1964/ 1960/1960/ 1998/1998/
f 1998/1998/ 1960/1960/ 1959/1959/
f 1964/1964/ 1835/1835/ 1836/1836/
f 1964/1964/ 1836/1836/ 1961/1961/
f 1962/1962/ 1961/1961/ 1836/1836/
f 1962/1962/ 1836/1836/ 1837/1837/
f 1905/1905/ 1962/1962/ 1837/1837/
f 2001/2001/ 1962/1962/ 1905/1905/
f 2001/2001/ 1956/1956/ 1962/1962/
f 2001/2001/ 1954/1954/ 1956/1956/
f 2001/2001/ 2002/2002/ 1954/1954/
f 2002/2002/ 1953/1953/ 1954/1954/
f 2002/2002/ 2003/2003/ 1953/1953/
f 1951/1951/ 1953/1953/ 2003/2003/
f 1951/1951/ 2003/2003/ 2004/2004/
f 1948/1948/ 1951/1951/ 2004/2004/
f 1948/1948/ 2004/2004/ 2005/2005/
f 2005/2005/ 1947/1947/ 1948/1948/
f 2005/2005/ 2006/2006/ 1947/1947/
f 2006/2006/ 1943/1943/ 1947/1947/
f 2006/2006/ 1942/1942/ 1943/1943/
f 1905/1905/ 1837/1837/ 1839/1839/
f 1839/1839/ 1903/1903/ 1905/1905/
f 1839/1839/ 1841/1841/ 1903/1903/
f 1841/1841/ 1888/1888/ 1903/1903/
f 1841/1841/ 1843/1843/ 1888/1888/
f 1878/1878/ 1888/1888/ 1843/1843/
f 1878/1878/ 1843/1843/ 1845/1845/
f 1876/1876/ 1878/1878/ 1845/1845/
f 1876/1876/ 1845/1845/ 1847/1847/
f 1861/1861/ 1876/1876/ 1847/1847/
f 1913/1913/ 2006/2006/ 2005/2005/
f 2005/2005/ 1904/1904/ 1913/1913/
f 2005/2005/ 2004/2004/ 1904/1904/
f 1904/1904/ 2004/2004/ 2003/2003/
f 1904/1904/ 2003/2003/ 1897/1897/
f 1900/1900/ 1897/1897/ 2003/2003/
f 1900/1900/ 2003/2003/ 2002/2002/
f 1901/1901/ 1900/1900/ 2002/2002/
f 1901/1901/ 2002/2002/ 2001/2001/
f 1905/1905/ 1901/1901/ 2001/2001/
f 1913/1913/ 1912/1912/ 2006/2006/
f 1912/1912/ 1942/1942/ 2006/2006/
f 134/134/ 203/203/ 118/118/
f 134/134/ 118/118/ 119/119/
f 205/205/ 118/118/ 203/203/
f 1434/1434/ 2007/2007/ 1436/1436/
f 2007/2007/ 1437/1437/ 1436/1436/
f 2007/2007/ 2008/2008/ 1437/1437/
f 2008/2008/ 1438/1438/ 1437/1437/
f 2008/2008/ 2009/2009/ 1438/1438/
f 1438/1438/ 2009/2009/ 874/874/
f 1438/1438/ 874/874/ 877/877/
f 1433/1433/ 2007/2007/ 1434/1434/
f 1433/1433/ 2010/2010/ 2007/2007/
f 2010/2010/ 2008/2008/ 2007/2007/
f 2010/2010/ 2011/2011/ 2008/2008/
f 2011/2011/ 2009/2009/ 2008/2008/
f 2011/2011/ 2012/2012/ 2009/2009/
f 874/874/ 2009/2009/ 2012/2012/
f 874/874/ 2012/2012/ 872/872/
f 1433/1433/ 1432/1432/ 2010/2010/
f 2010/2010/ 1432/1432/ 2013/2013/
f 2010/2010/ 2013/2013/ 2011/2011/
f 2011/2011/ 2013/2013/ 2014/2014/
f 2011/2011/ 2014/2014/ 2012/2012/
f 2012/2012/ 2014/2014/ 868/868/
f 2012/2012/ 868/868/ 872/872/
f 1432/1432/ 2015/2015/ 2013/2013/
f 1432/1432/ 1431/1431/ 2015/2015/
f 2013/2013/ 2015/2015/ 2016/2016/
f 2013/2013/ 2016/2016/ 2014/2014/
f 2014/2014/ 2016/2016/ 867/867/
f 2014/2014/ 867/867/ 868/868/
f 1431/1431/ 2017/2017/ 2015/2015/
f 2017/2017/ 2016/2016/ 2015/2015/
f 1431/1431/ 2018/2018/ 2017/2017/
f 1429/1429/ 2018/2018/ 1431/1431/
f 1429/1429/ 2019/2019/ 2018/2018/
f 1429/1429/ 1430/1430/ 2019/2019/
f 2020/2020/ 2019/2019/ 1430/1430/
f 2020/2020/ 1430/1430/ 2021/2021/
f 2017/2017/ 2022/2022/ 2016/2016/
f 2022/2022/ 867/867/ 2016/2016/
f 2022/2022/ 2023/2023/ 867/867/
f 867/867/ 2023/2023/ 865/865/
f 2024/2024/ 2019/2019/ 2020/2020/
f 2024/2024/ 2025/2025/ 2019/2019/
f 2025/2025/ 2018/2018/ 2019/2019/
f 2026/2026/ 2025/2025/ 2024/2024/
f 2026/2026/ 2027/2027/ 2025/2025/
f 2017/2017/ 2028/2028/ 2022/2022/
f 2017/2017/ 2029/2029/ 2028/2028/
f 2022/2022/ 2028/2028/ 2030/2030/
f 2022/2022/ 2030/2030/ 2023/2023/
f 2023/2023/ 2030/2030/ 2031/2031/
f 2023/2023/ 2031/2031/ 865/865/
f 865/865/ 2031/2031/ 862/862/
f 2030/2030/ 862/862/ 2031/2031/
f 2028/2028/ 860/860/ 2030/2030/
f 2030/2030/ 860/860/ 862/862/
f 2028/2028/ 2032/2032/ 860/860/
f 2032/2032/ 2028/2028/ 2029/2029/
f 860/860/ 2032/2032/ 858/858/
f 2032/2032/ 2033/2033/ 858/858/
f 2032/2032/ 2034/2034/ 2033/2033/
f 2032/2032/ 2029/2029/ 2034/2034/
f 2035/2035/ 2027/2027/ 2026/2026/
f 2035/2035/ 2026/2026/ 2036/2036/
f 2037/2037/ 2035/2035/ 2036/2036/
f 2037/2037/ 695/695/ 2035/2035/
f 694/694/ 2035/2035/ 695/695/
f 694/694/ 2038/2038/ 2035/2035/
f 2038/2038/ 694/694/ 829/829/
f 2038/2038/ 829/829/ 830/830/
f 832/832/ 2038/2038/ 830/830/
f 832/832/ 2039/2039/ 2038/2038/
f 2039/2039/ 2035/2035/ 2038/2038/
f 2039/2039/ 2040/2040/ 2035/2035/
f 2034/2034/ 2040/2040/ 2033/2033/
f 851/851/ 858/858/ 2033/2033/
f 832/832/ 851/851/ 2039/2039/
f 851/851/ 2033/2033/ 2040/2040/
f 851/851/ 2040/2040/ 2039/2039/
f 851/851/ 852/852/ 858/858/
f 2041/2041/ 695/695/ 2037/2037/
f 2042/2042/ 2041/2041/ 2037/2037/
f 2042/2042/ 2043/2043/ 2041/2041/
f 2041/2041/ 693/693/ 695/695/
f 693/693/ 2041/2041/ 2044/2044/
f 2043/2043/ 2044/2044/ 2041/2041/
f 693/693/ 2044/2044/ 691/691/
f 691/691/ 2044/2044/ 2045/2045/
f 691/691/ 2045/2045/ 689/689/
f 682/682/ 689/689/ 2045/2045/
f 628/628/ 2043/2043/ 2042/2042/
f 628/628/ 2042/2042/ 607/607/
f 607/607/ 2042/2042/ 2046/2046/
f 2046/2046/ 2042/2042/ 2037/2037/
f 2046/2046/ 2037/2037/ 2036/2036/
f 2047/2047/ 2046/2046/ 2036/2036/
f 2047/2047/ 2036/2036/ 2026/2026/
f 2048/2048/ 2047/2047/ 2026/2026/
f 2048/2048/ 2026/2026/ 2024/2024/
f 2049/2049/ 2048/2048/ 2024/2024/
f 2049/2049/ 2024/2024/ 2020/2020/
f 2050/2050/ 2049/2049/ 2020/2020/
f 2050/2050/ 2020/2020/ 2021/2021/
f 566/566/ 2050/2050/ 2021/2021/
f 566/566/ 2021/2021/ 355/355/
f 355/355/ 2021/2021/ 1430/1430/
f 355/355/ 1430/1430/ 356/356/
f 607/607/ 2046/2046/ 606/606/
f 2047/2047/ 606/606/ 2046/2046/
f 2047/2047/ 2051/2051/ 606/606/
f 2048/2048/ 2051/2051/ 2047/2047/
f 2048/2048/ 584/584/ 2051/2051/
f 2049/2049/ 584/584/ 2048/2048/
f 2049/2049/ 570/570/ 584/584/
f 2050/2050/ 570/570/ 2049/2049/
f 2050/2050/ 568/568/ 570/570/
f 566/566/ 568/568/ 2050/2050/
f 585/585/ 606/606/ 2051/2051/
f 583/583/ 585/585/ 2051/2051/
f 583/583/ 2051/2051/ 584/584/
f 762/762/ 761/761/ 834/834/
f 762/762/ 834/834/ 764/764/
f 831/831/ 764/764/ 834/834/
f 831/831/ 773/773/ 764/764/
f 836/836/ 834/834/ 761/761/
f 836/836/ 761/761/ 756/756/
f 708/708/ 709/709/ 854/854/
f 708/708/ 854/854/ 856/856/
f 703/703/ 708/708/ 856/856/
f 740/740/ 848/848/ 739/739/
f 744/744/ 739/739/ 848/848/
f 744/744/ 848/848/ 845/845/
f 744/744/ 845/845/ 843/843/
f 744/744/ 843/843/ 844/844/
f 841/841/ 744/744/ 844/844/
f 841/841/ 2052/2052/ 744/744/
f 2052/2052/ 841/841/ 838/838/
f 2052/2052/ 838/838/ 839/839/
f 839/839/ 744/744/ 2052/2052/
f 839/839/ 743/743/ 744/744/
f 682/682/ 2053/2053/ 2054/2054/
f 682/682/ 2054/2054/ 678/678/
f 651/651/ 678/678/ 2054/2054/
f 651/651/ 666/666/ 678/678/
f 2045/2045/ 2053/2053/ 682/682/
f 2045/2045/ 2055/2055/ 2053/2053/
f 629/629/ 2055/2055/ 2045/2045/
f 629/629/ 2045/2045/ 2044/2044/
f 2043/2043/ 629/629/ 2044/2044/
f 2043/2043/ 628/628/ 629/629/
f 644/644/ 651/651/ 2054/2054/
f 639/639/ 644/644/ 2054/2054/
f 639/639/ 2054/2054/ 2053/2053/
f 639/639/ 2053/2053/ 2055/2055/
f 639/639/ 2055/2055/ 634/634/
f 634/634/ 2055/2055/ 629/629/
f 1070/1070/ 1068/1068/ 1092/1092/
f 1092/1092/ 1068/1068/ 1050/1050/
f 1092/1092/ 1050/1050/ 1093/1093/
f 1094/1094/ 1093/1093/ 1050/1050/
f 1094/1094/ 1050/1050/ 1048/1048/
f 1094/1094/ 1048/1048/ 1047/1047/
f 1094/1094/ 1047/1047/ 1095/1095/
f 1095/1095/ 1047/1047/ 1001/1001/
f 1095/1095/ 1001/1001/ 861/861/
f 142/142/ 2056/2056/ 2057/2057/
f 142/142/ 2057/2057/ 141/141/
f 143/143/ 2056/2056/ 142/142/
f 143/143/ 2058/2058/ 2056/2056/
f 141/141/ 2057/2057/ 2059/2059/
f 141/141/ 2059/2059/ 144/144/
f 145/145/ 2058/2058/ 143/143/
f 145/145/ 2060/2060/ 2058/2058/
f 144/144/ 2059/2059/ 2061/2061/
f 144/144/ 2061/2061/ 147/147/
f 151/151/ 2060/2060/ 145/145/
f 151/151/ 2062/2062/ 2060/2060/
f 153/153/ 2062/2062/ 151/151/
f 153/153/ 2063/2063/ 2062/2062/
f 155/155/ 2063/2063/ 153/153/
f 155/155/ 2064/2064/ 2063/2063/
f 157/157/ 2064/2064/ 155/155/
f 157/157/ 2065/2065/ 2064/2064/
f 159/159/ 2065/2065/ 157/157/
f 159/159/ 2066/2066/ 2065/2065/
f 161/161/ 2066/2066/ 159/159/
f 161/161/ 2067/2067/ 2066/2066/
f 163/163/ 2067/2067/ 161/161/
f 163/163/ 2068/2068/ 2067/2067/
f 165/165/ 2068/2068/ 163/163/
f 165/165/ 2069/2069/ 2068/2068/
f 147/147/ 2069/2069/ 165/165/
f 147/147/ 2061/2061/ 2069/2069/
f 2068/2068/ 2070/2070/ 2067/2067/
f 2069/2069/ 2070/2070/ 2068/2068/
f 2069/2069/ 2071/2071/ 2070/2070/
f 2061/2061/ 2071/2071/ 2069/2069/
f 2059/2059/ 2071/2071/ 2061/2061/
f 2059/2059/ 2072/2072/ 2071/2071/
f 2057/2057/ 2072/2072/ 2059/2059/
f 2056/2056/ 2072/2072/ 2057/2057/
f 2056/2056/ 2073/2073/ 2072/2072/
f 2058/2058/ 2073/2073/ 2056/2056/
f 2060/2060/ 2073/2073/ 2058/2058/
f 2060/2060/ 2074/2074/ 2073/2073/
f 2062/2062/ 2074/2074/ 2060/2060/
f 2063/2063/ 2074/2074/ 2062/2062/
f 2063/2063/ 2075/2075/ 2074/2074/
f 2064/2064/ 2075/2075/ 2063/2063/
f 2065/2065/ 2075/2075/ 2064/2064/
f 2065/2065/ 2076/2076/ 2075/2075/
f 2066/2066/ 2076/2076/ 2065/2065/
f 2067/2067/ 2076/2076/ 2066/2066/
f 2067/2067/ 2070/2070/ 2076/2076/
f 1341/1341/ 1346/1346/ 2077/2077/
f 1341/1341/ 2077/2077/ 1342/1342/
f 1342/1342/ 2077/2077/ 1352/1352/
f 1342/1342/ 1352/1352/ 1343/1343/
f 2078/2078/ 2079/2079/ 2080/2080/
f 2078/2078/ 2080/2080/ 2081/2081/
f 2082/2082/ 2079/2079/ 2078/2078/
f 2082/2082/ 2083/2083/ 2079/2079/
f 2081/2081/ 2080/2080/ 2084/2084/
f 2081/2081/ 2084/2084/ 2085/2085/
f 2086/2086/ 2083/2083/ 2082/2082/
f 2086/2086/ 2087/2087/ 2083/2083/
f 2085/2085/ 2084/2084/ 2088/2088/
f 2085/2085/ 2088/2088/ 2089/2089/
f 2090/2090/ 2087/2087/ 2086/2086/
f 2090/2090/ 2091/2091/ 2087/2087/
f 2092/2092/ 2091/2091/ 2090/2090/
f 2092/2092/ 2093/2093/ 2091/2091/
f 2079/2079/ 2094/2094/ 2080/2080/
f 2079/2079/ 2095/2095/ 2094/2094/
f 2083/2083/ 2096/2096/ 2095/2095/
f 2087/2087/ 2096/2096/ 2083/2083/
f 2083/2083/ 2095/2095/ 2079/2079/
f 2087/2087/ 2097/2097/ 2096/2096/
f 2091/2091/ 2097/2097/ 2087/2087/
f 2084/2084/ 2098/2098/ 2088/2088/
f 2084/2084/ 2099/2099/ 2098/2098/
f 2080/2080/ 2094/2094/ 2099/2099/
f 2080/2080/ 2099/2099/ 2084/2084/
f 2091/2091/ 2100/2100/ 2097/2097/
f 2093/2093/ 2100/2100/ 2091/2091/
f 2093/2093/ 2101/2101/ 2100/2100/
f 2102/2102/ 2100/2100/ 2101/2101/
f 2102/2102/ 2101/2101/ 2103/2103/
f 2103/2103/ 2104/2104/ 2102/2102/
f 2103/2103/ 2105/2105/ 2104/2104/
f 2106/2106/ 2097/2097/ 2100/2100/
f 2106/2106/ 2100/2100/ 2102/2102/
f 2104/2104/ 2106/2106/ 2102/2102/
f 1044/1044/ 2107/2107/ 1034/1034/
f 1045/1045/ 2107/2107/ 1044/1044/
f 1045/1045/ 2108/2108/ 2107/2107/
f 1052/1052/ 2108/2108/ 1045/1045/
f 1055/1055/ 2108/2108/ 1052/1052/
f 1055/1055/ 2109/2109/ 2108/2108/
f 2109/2109/ 2107/2107/ 2108/2108/
f 2109/2109/ 1055/1055/ 1058/1058/
f 2109/2109/ 1058/1058/ 2110/2110/
f 1060/1060/ 2110/2110/ 1058/1058/
f 1060/1060/ 2111/2111/ 2110/2110/
f 2111/2111/ 1060/1060/ 1064/1064/
f 2111/2111/ 1064/1064/ 2112/2112/
f 2109/2109/ 2113/2113/ 2107/2107/
f 2110/2110/ 2113/2113/ 2109/2109/
f 2113/2113/ 1034/1034/ 2107/2107/
f 2110/2110/ 2114/2114/ 2113/2113/
f 2111/2111/ 2114/2114/ 2110/2110/
f 2111/2111/ 2115/2115/ 2114/2114/
f 2111/2111/ 2112/2112/ 2115/2115/
f 2113/2113/ 1035/1035/ 1034/1034/
f 2114/2114/ 1035/1035/ 2113/2113/
f 2114/2114/ 1040/1040/ 1035/1035/
f 1043/1043/ 1040/1040/ 2114/2114/
f 1043/1043/ 2114/2114/ 2115/2115/
f 2112/2112/ 1043/1043/ 2115/2115/
f 2112/2112/ 2116/2116/ 1043/1043/
f 2117/2117/ 1043/1043/ 2116/2116/
f 2117/2117/ 1042/1042/ 1043/1043/
f 2117/2117/ 2118/2118/ 1042/1042/
f 1042/1042/ 2118/2118/ 2119/2119/
f 1042/1042/ 2119/2119/ 1041/1041/
f 2119/2119/ 1038/1038/ 1041/1041/
f 2119/2119/ 2120/2120/ 1038/1038/
f 1038/1038/ 2120/2120/ 2121/2121/
f 1038/1038/ 2121/2121/ 1039/1039/
f 2122/2122/ 2121/2121/ 2120/2120/
f 2120/2120/ 2123/2123/ 2122/2122/
f 2120/2120/ 2124/2124/ 2123/2123/
f 2125/2125/ 2123/2123/ 2124/2124/
f 2125/2125/ 2126/2126/ 2123/2123/
f 2122/2122/ 2127/2127/ 2121/2121/
f 1039/1039/ 2121/2121/ 2127/2127/
f 2125/2125/ 1819/1819/ 2126/2126/
f 2125/2125/ 1820/1820/ 1819/1819/
f 1820/1820/ 2125/2125/ 2128/2128/
f 2128/2128/ 2125/2125/ 2124/2124/
f 1820/1820/ 2128/2128/ 2129/2129/
f 1821/1821/ 1820/1820/ 2129/2129/
f 1822/1822/ 1821/1821/ 2129/2129/
f 1822/1822/ 2129/2129/ 2130/2130/
f 2131/2131/ 2130/2130/ 2129/2129/
f 2131/2131/ 2129/2129/ 2128/2128/
f 2132/2132/ 2130/2130/ 2131/2131/
f 2132/2132/ 2133/2133/ 2130/2130/
f 2134/2134/ 2133/2133/ 2132/2132/
f 2134/2134/ 2132/2132/ 2135/2135/
f 2136/2136/ 2134/2134/ 2135/2135/
f 2136/2136/ 2135/2135/ 2137/2137/
f 2135/2135/ 2132/2132/ 2138/2138/
f 2138/2138/ 2132/2132/ 2131/2131/
f 2135/2135/ 2138/2138/ 2139/2139/
f 2137/2137/ 2135/2135/ 2139/2139/
f 2137/2137/ 2139/2139/ 2140/2140/
f 2139/2139/ 2138/2138/ 2141/2141/
f 2139/2139/ 2141/2141/ 2142/2142/
f 2140/2140/ 2139/2139/ 2142/2142/
f 2140/2140/ 2142/2142/ 2143/2143/
f 2142/2142/ 2141/2141/ 2144/2144/
f 2142/2142/ 2144/2144/ 2145/2145/
f 2143/2143/ 2142/2142/ 2145/2145/
f 2145/2145/ 2144/2144/ 2146/2146/
f 2145/2145/ 2146/2146/ 2147/2147/
f 2148/2148/ 2145/2145/ 2147/2147/
f 2143/2143/ 2145/2145/ 2148/2148/
f 2148/2148/ 2147/2147/ 2149/2149/
f 2147/2147/ 2146/2146/ 2150/2150/
f 2147/2147/ 2150/2150/ 2151/2151/
f 2149/2149/ 2147/2147/ 2151/2151/
f 2149/2149/ 2151/2151/ 2152/2152/
f 2153/2153/ 2137/2137/ 2140/2140/
f 2154/2154/ 2137/2137/ 2153/2153/
f 2154/2154/ 2136/2136/ 2137/2137/
f 2155/2155/ 2154/2154/ 2153/2153/
f 2156/2156/ 2154/2154/ 2155/2155/
f 2157/2157/ 2156/2156/ 2155/2155/
f 2158/2158/ 2156/2156/ 2157/2157/
f 2158/2158/ 2159/2159/ 2156/2156/
f 2160/2160/ 2159/2159/ 2158/2158/
f 2160/2160/ 2161/2161/ 2159/2159/
f 2162/2162/ 2161/2161/ 2160/2160/
f 2162/2162/ 2163/2163/ 2161/2161/
f 2164/2164/ 2163/2163/ 2162/2162/
f 2164/2164/ 2165/2165/ 2163/2163/
f 2166/2166/ 2165/2165/ 2164/2164/
f 2166/2166/ 2167/2167/ 2165/2165/
f 2166/2166/ 2168/2168/ 2167/2167/
f 2169/2169/ 2167/2167/ 2168/2168/
f 2170/2170/ 2169/2169/ 2168/2168/
f 2170/2170/ 2168/2168/ 2171/2171/
f 2169/2169/ 2172/2172/ 2167/2167/
f 2171/2171/ 2168/2168/ 2173/2173/
f 2166/2166/ 2173/2173/ 2168/2168/
f 2174/2174/ 2173/2173/ 2166/2166/
f 2175/2175/ 2173/2173/ 2174/2174/
f 2171/2171/ 2173/2173/ 2175/2175/
f 2175/2175/ 2174/2174/ 2176/2176/
f 2174/2174/ 2166/2166/ 2177/2177/
f 2177/2177/ 2166/2166/ 2164/2164/
f 2176/2176/ 2174/2174/ 2178/2178/
f 2176/2176/ 2178/2178/ 2179/2179/
f 2179/2179/ 2178/2178/ 2180/2180/
f 2179/2179/ 2180/2180/ 2181/2181/
f 2182/2182/ 2178/2178/ 2174/2174/
f 2182/2182/ 2174/2174/ 2177/2177/
f 1857/1857/ 2169/2169/ 2170/2170/
f 1857/1857/ 1856/1856/ 2169/2169/
f 1856/1856/ 2172/2172/ 2169/2169/
f 1856/1856/ 1855/1855/ 2172/2172/
f 2172/2172/ 1855/1855/ 1854/1854/
f 2172/2172/ 1854/1854/ 2183/2183/
f 2182/2182/ 2177/2177/ 2184/2184/
f 2182/2182/ 2184/2184/ 2185/2185/
f 2177/2177/ 2164/2164/ 2184/2184/
f 2183/2183/ 1854/1854/ 1853/1853/
f 2183/2183/ 1853/1853/ 2186/2186/
f 2185/2185/ 2184/2184/ 2187/2187/
f 2185/2185/ 2187/2187/ 2188/2188/
f 2184/2184/ 2164/2164/ 2162/2162/
f 2184/2184/ 2162/2162/ 2187/2187/
f 2165/2165/ 2183/2183/ 2186/2186/
f 2167/2167/ 2183/2183/ 2165/2165/
f 2167/2167/ 2172/2172/ 2183/2183/
f 2165/2165/ 2186/2186/ 2163/2163/
f 2186/2186/ 1853/1853/ 1833/1833/
f 2186/2186/ 1833/1833/ 2189/2189/
f 2163/2163/ 2186/2186/ 2189/2189/
f 2188/2188/ 2187/2187/ 2190/2190/
f 2188/2188/ 2190/2190/ 2191/2191/
f 2187/2187/ 2162/2162/ 2160/2160/
f 2187/2187/ 2160/2160/ 2190/2190/
f 2163/2163/ 2189/2189/ 2161/2161/
f 2189/2189/ 1833/1833/ 1832/1832/
f 2189/2189/ 1832/1832/ 2192/2192/
f 2161/2161/ 2189/2189/ 2192/2192/
f 2191/2191/ 2190/2190/ 2193/2193/
f 2191/2191/ 2193/2193/ 2194/2194/
f 2190/2190/ 2160/2160/ 2158/2158/
f 2190/2190/ 2158/2158/ 2193/2193/
f 2161/2161/ 2192/2192/ 2159/2159/
f 2195/2195/ 2192/2192/ 1832/1832/
f 2159/2159/ 2192/2192/ 2195/2195/
f 2195/2195/ 1832/1832/ 2196/2196/
f 2196/2196/ 1832/1832/ 1829/1829/
f 2196/2196/ 1829/1829/ 2197/2197/
f 2198/2198/ 2197/2197/ 1829/1829/
f 2198/2198/ 1829/1829/ 1828/1828/
f 1822/1822/ 2198/2198/ 1828/1828/
f 2194/2194/ 2193/2193/ 2199/2199/
f 2194/2194/ 2199/2199/ 2200/2200/
f 2193/2193/ 2158/2158/ 2157/2157/
f 2193/2193/ 2157/2157/ 2199/2199/
f 2159/2159/ 2195/2195/ 2156/2156/
f 2200/2200/ 2199/2199/ 2201/2201/
f 2200/2200/ 2201/2201/ 2202/2202/
f 2199/2199/ 2157/2157/ 2203/2203/
f 2199/2199/ 2203/2203/ 2201/2201/
f 2157/2157/ 2155/2155/ 2203/2203/
f 2156/2156/ 2195/2195/ 2154/2154/
f 2203/2203/ 2155/2155/ 2204/2204/
f 2203/2203/ 2204/2204/ 2205/2205/
f 2201/2201/ 2203/2203/ 2205/2205/
f 2202/2202/ 2201/2201/ 2206/2206/
f 2201/2201/ 2205/2205/ 2206/2206/
f 2202/2202/ 2206/2206/ 2207/2207/
f 2155/2155/ 2153/2153/ 2204/2204/
f 2205/2205/ 2204/2204/ 2208/2208/
f 2205/2205/ 2208/2208/ 2209/2209/
f 2206/2206/ 2205/2205/ 2209/2209/
f 2207/2207/ 2206/2206/ 2210/2210/
f 2206/2206/ 2209/2209/ 2210/2210/
f 2207/2207/ 2210/2210/ 2211/2211/
f 2204/2204/ 2153/2153/ 2212/2212/
f 2204/2204/ 2212/2212/ 2208/2208/
f 2153/2153/ 2140/2140/ 2212/2212/
f 2212/2212/ 2140/2140/ 2143/2143/
f 2212/2212/ 2143/2143/ 2213/2213/
f 2213/2213/ 2143/2143/ 2148/2148/
f 2213/2213/ 2148/2148/ 2214/2214/
f 2214/2214/ 2148/2148/ 2149/2149/
f 2214/2214/ 2149/2149/ 2215/2215/
f 2215/2215/ 2149/2149/ 2152/2152/
f 2215/2215/ 2152/2152/ 2216/2216/
f 2212/2212/ 2213/2213/ 2217/2217/
f 2212/2212/ 2217/2217/ 2208/2208/
f 2217/2217/ 2213/2213/ 2214/2214/
f 2208/2208/ 2217/2217/ 2218/2218/
f 2208/2208/ 2218/2218/ 2209/2209/
f 2210/2210/ 2209/2209/ 2218/2218/
f 2211/2211/ 2210/2210/ 2219/2219/
f 2210/2210/ 2218/2218/ 2219/2219/
f 2211/2211/ 2219/2219/ 2220/2220/
f 2217/2217/ 2214/2214/ 2221/2221/
f 2218/2218/ 2217/2217/ 2221/2221/
f 2218/2218/ 2221/2221/ 2222/2222/
f 2219/2219/ 2218/2218/ 2222/2222/
f 2220/2220/ 2219/2219/ 2223/2223/
f 2219/2219/ 2222/2222/ 2223/2223/
f 2220/2220/ 2223/2223/ 2224/2224/
f 2214/2214/ 2215/2215/ 2225/2225/
f 2214/2214/ 2225/2225/ 2221/2221/
f 2222/2222/ 2221/2221/ 2225/2225/
f 2225/2225/ 2215/2215/ 2216/2216/
f 2222/2222/ 2225/2225/ 2226/2226/
f 2223/2223/ 2222/2222/ 2226/2226/
f 2224/2224/ 2223/2223/ 2227/2227/
f 2223/2223/ 2226/2226/ 2227/2227/
f 2224/2224/ 2227/2227/ 2228/2228/
f 2225/2225/ 2216/2216/ 2229/2229/
f 2226/2226/ 2225/2225/ 2229/2229/
f 2226/2226/ 2229/2229/ 2230/2230/
f 2227/2227/ 2226/2226/ 2230/2230/
f 2228/2228/ 2227/2227/ 2231/2231/
f 2227/2227/ 2230/2230/ 2231/2231/
f 2228/2228/ 2231/2231/ 2232/2232/
f 2233/2233/ 2220/2220/ 2224/2224/
f 2233/2233/ 2234/2234/ 2220/2220/
f 2234/2234/ 2211/2211/ 2220/2220/
f 2234/2234/ 2235/2235/ 2211/2211/
f 2235/2235/ 2207/2207/ 2211/2211/
f 2235/2235/ 2236/2236/ 2207/2207/
f 2236/2236/ 2202/2202/ 2207/2207/
f 2236/2236/ 2237/2237/ 2202/2202/
f 2237/2237/ 2200/2200/ 2202/2202/
f 2237/2237/ 2238/2238/ 2200/2200/
f 2238/2238/ 2194/2194/ 2200/2200/
f 2238/2238/ 2239/2239/ 2194/2194/
f 2239/2239/ 2191/2191/ 2194/2194/
f 2239/2239/ 2240/2240/ 2191/2191/
f 2240/2240/ 2188/2188/ 2191/2191/
f 2240/2240/ 2241/2241/ 2188/2188/
f 2241/2241/ 2185/2185/ 2188/2188/
f 2241/2241/ 2242/2242/ 2185/2185/
f 2242/2242/ 2182/2182/ 2185/2185/
f 2242/2242/ 2243/2243/ 2182/2182/
f 2243/2243/ 2178/2178/ 2182/2182/
f 2243/2243/ 2180/2180/ 2178/2178/
f 2244/2244/ 1125/1125/ 1121/1121/
f 2244/2244/ 1121/1121/ 1130/1130/
f 2245/2245/ 1125/1125/ 2244/2244/
f 2245/2245/ 1129/1129/ 1125/1125/
f 751/751/ 757/757/ 819/819/
f 751/751/ 819/819/ 753/753/
f 2025/2025/ 2246/2246/ 2018/2018/
f 2247/2247/ 2246/2246/ 2025/2025/
f 2247/2247/ 2025/2025/ 2027/2027/
f 2040/2040/ 2247/2247/ 2027/2027/
f 2040/2040/ 2027/2027/ 2035/2035/
f 2246/2246/ 2017/2017/ 2018/2018/
f 2246/2246/ 2029/2029/ 2017/2017/
f 2247/2247/ 2029/2029/ 2246/2246/
f 2247/2247/ 2034/2034/ 2029/2029/
f 2034/2034/ 2247/2247/ 2040/2040/
f 1006/1006/ 1020/1020/ 1018/1018/
f 1006/1006/ 1018/1018/ 1012/1012/
f 1020/1020/ 1006/1006/ 1005/1005/
f 1020/1020/ 1005/1005/ 1023/1023/
f 1023/1023/ 1005/1005/ 1002/1002/
f 1023/1023/ 1002/1002/ 995/995/
f 1199/1199/ 2248/2248/ 2249/2249/
f 1199/1199/ 2249/2249/ 2250/2250/
f 1199/1199/ 2250/2250/ 2251/2251/
f 2251/2251/ 2250/2250/ 2252/2252/
f 1199/1199/ 2251/2251/ 1197/1197/
f 2250/2250/ 2253/2253/ 2252/2252/
f 2250/2250/ 2254/2254/ 2253/2253/
f 2254/2254/ 2250/2250/ 2249/2249/
f 2254/2254/ 2249/2249/ 2255/2255/
f 2249/2249/ 2248/2248/ 2256/2256/
f 2249/2249/ 2256/2256/ 2255/2255/
f 2248/2248/ 2257/2257/ 2256/2256/
f 2248/2248/ 1201/1201/ 2257/2257/
f 1199/1199/ 1201/1201/ 2248/2248/
f 1202/1202/ 2257/2257/ 1201/1201/
f 1202/1202/ 1211/1211/ 2257/2257/
f 1266/1266/ 1262/1262/ 2258/2258/
f 2258/2258/ 1262/1262/ 1256/1256/
f 2258/2258/ 1256/1256/ 1257/1257/
f 466/466/ 442/442/ 441/441/
f 466/466/ 441/441/ 2259/2259/
f 441/441/ 2260/2260/ 2259/2259/
f 441/441/ 431/431/ 2260/2260/
f 431/431/ 2261/2261/ 2260/2260/
f 431/431/ 429/429/ 2261/2261/
f 429/429/ 2262/2262/ 2261/2261/
f 429/429/ 427/427/ 2262/2262/
f 427/427/ 2263/2263/ 2262/2262/
f 427/427/ 425/425/ 2263/2263/
f 425/425/ 2264/2264/ 2263/2263/
f 425/425/ 423/423/ 2264/2264/
f 423/423/ 2265/2265/ 2264/2264/
f 423/423/ 421/421/ 2265/2265/
f 421/421/ 2266/2266/ 2265/2265/
f 421/421/ 419/419/ 2266/2266/
f 419/419/ 2267/2267/ 2266/2266/
f 419/419/ 417/417/ 2267/2267/
f 417/417/ 2268/2268/ 2267/2267/
f 417/417/ 416/416/ 2268/2268/
f 416/416/ 2269/2269/ 2268/2268/
f 416/416/ 413/413/ 2269/2269/
f 413/413/ 2270/2270/ 2269/2269/
f 413/413/ 411/411/ 2270/2270/
f 411/411/ 2271/2271/ 2270/2270/
f 411/411/ 410/410/ 2271/2271/
f 410/410/ 2272/2272/ 2271/2271/
f 410/410/ 489/489/ 2272/2272/
f 489/489/ 2273/2273/ 2272/2272/
f 2271/2271/ 2272/2272/ 2273/2273/
f 489/489/ 487/487/ 2273/2273/
f 487/487/ 2274/2274/ 2273/2273/
f 487/487/ 486/486/ 2274/2274/
f 486/486/ 2275/2275/ 2274/2274/
f 486/486/ 483/483/ 2275/2275/
f 483/483/ 2276/2276/ 2275/2275/
f 483/483/ 481/481/ 2276/2276/
f 481/481/ 2277/2277/ 2276/2276/
f 481/481/ 479/479/ 2277/2277/
f 479/479/ 2278/2278/ 2277/2277/
f 479/479/ 477/477/ 2278/2278/
f 477/477/ 2279/2279/ 2278/2278/
f 477/477/ 476/476/ 2279/2279/
f 476/476/ 2280/2280/ 2279/2279/
f 476/476/ 473/473/ 2280/2280/
f 473/473/ 2281/2281/ 2280/2280/
f 473/473/ 471/471/ 2281/2281/
f 471/471/ 2282/2282/ 2281/2281/
f 471/471/ 469/469/ 2282/2282/
f 469/469/ 2283/2283/ 2282/2282/
f 469/469/ 467/467/ 2283/2283/
f 467/467/ 2284/2284/ 2283/2283/
f 467/467/ 466/466/ 2284/2284/
f 466/466/ 2259/2259/ 2284/2284/
f 2279/2279/ 2280/2280/ 2285/2285/
f 2279/2279/ 2285/2285/ 2286/2286/
f 2278/2278/ 2279/2279/ 2286/2286/
f 2278/2278/ 2286/2286/ 2287/2287/
f 2277/2277/ 2278/2278/ 2287/2287/
f 2277/2277/ 2287/2287/ 2288/2288/
f 2276/2276/ 2277/2277/ 2288/2288/
f 2276/2276/ 2288/2288/ 2289/2289/
f 2282/2282/ 2283/2283/ 2290/2290/
f 2282/2282/ 2290/2290/ 2291/2291/
f 2283/2283/ 2284/2284/ 2292/2292/
f 2283/2283/ 2292/2292/ 2290/2290/
f 2284/2284/ 2259/2259/ 2293/2293/
f 2284/2284/ 2293/2293/ 2292/2292/
f 2259/2259/ 2294/2294/ 2293/2293/
f 2259/2259/ 2260/2260/ 2294/2294/
f 2260/2260/ 2295/2295/ 2294/2294/
f 2260/2260/ 2261/2261/ 2295/2295/
f 2261/2261/ 2296/2296/ 2295/2295/
f 2261/2261/ 2262/2262/ 2296/2296/
f 2262/2262/ 2297/2297/ 2296/2296/
f 2262/2262/ 2263/2263/ 2297/2297/
f 2263/2263/ 2298/2298/ 2297/2297/
f 2263/2263/ 2264/2264/ 2298/2298/
f 2264/2264/ 2299/2299/ 2298/2298/
f 2264/2264/ 2265/2265/ 2299/2299/
f 2265/2265/ 2300/2300/ 2299/2299/
f 2265/2265/ 2266/2266/ 2300/2300/
f 2266/2266/ 2301/2301/ 2300/2300/
f 2266/2266/ 2267/2267/ 2301/2301/
f 2267/2267/ 2302/2302/ 2301/2301/
f 2267/2267/ 2268/2268/ 2302/2302/
f 2268/2268/ 2303/2303/ 2302/2302/
f 2268/2268/ 2269/2269/ 2303/2303/
f 2269/2269/ 2304/2304/ 2303/2303/
f 2269/2269/ 2270/2270/ 2304/2304/
f 2270/2270/ 2305/2305/ 2304/2304/
f 2270/2270/ 2306/2306/ 2305/2305/
f 2270/2270/ 2307/2307/ 2306/2306/
f 2270/2270/ 2271/2271/ 2307/2307/
f 2275/2275/ 2306/2306/ 2307/2307/
f 2275/2275/ 2276/2276/ 2306/2306/
f 2271/2271/ 2273/2273/ 2307/2307/
f 2274/2274/ 2275/2275/ 2307/2307/
f 2274/2274/ 2307/2307/ 2273/2273/
f 2306/2306/ 2276/2276/ 2289/2289/
f 2306/2306/ 2289/2289/ 2305/2305/
f 1447/1447/ 1450/1450/ 2308/2308/
f 2308/2308/ 1450/1450/ 1452/1452/
f 2308/2308/ 1452/1452/ 2309/2309/
f 1446/1446/ 1447/1447/ 2308/2308/
f 1446/1446/ 2308/2308/ 2310/2310/
f 2310/2310/ 2308/2308/ 2309/2309/
f 1445/1445/ 1446/1446/ 2310/2310/
f 1445/1445/ 2310/2310/ 2311/2311/
f 2310/2310/ 2309/2309/ 2312/2312/
f 2311/2311/ 2310/2310/ 2312/2312/
f 2311/2311/ 2312/2312/ 2313/2313/
f 2309/2309/ 1452/1452/ 1454/1454/
f 2309/2309/ 1454/1454/ 2314/2314/
f 2312/2312/ 2309/2309/ 2314/2314/
f 2312/2312/ 2314/2314/ 2315/2315/
f 2313/2313/ 2312/2312/ 2315/2315/
f 2313/2313/ 2315/2315/ 2316/2316/
f 2314/2314/ 1454/1454/ 1456/1456/
f 2314/2314/ 1456/1456/ 2317/2317/
f 2315/2315/ 2314/2314/ 2317/2317/
f 2315/2315/ 2317/2317/ 2318/2318/
f 2316/2316/ 2315/2315/ 2318/2318/
f 2316/2316/ 2318/2318/ 2319/2319/
f 2317/2317/ 1456/1456/ 1458/1458/
f 2317/2317/ 1458/1458/ 2320/2320/
f 2318/2318/ 2317/2317/ 2320/2320/
f 2318/2318/ 2320/2320/ 2321/2321/
f 2319/2319/ 2318/2318/ 2321/2321/
f 2319/2319/ 2321/2321/ 2322/2322/
f 2320/2320/ 1458/1458/ 1460/1460/
f 2320/2320/ 1460/1460/ 2323/2323/
f 2321/2321/ 2320/2320/ 2323/2323/
f 2321/2321/ 2323/2323/ 2324/2324/
f 2322/2322/ 2321/2321/ 2324/2324/
f 2322/2322/ 2324/2324/ 2325/2325/
f 2323/2323/ 1460/1460/ 1462/1462/
f 2323/2323/ 1462/1462/ 2326/2326/
f 2324/2324/ 2323/2323/ 2326/2326/
f 2324/2324/ 2326/2326/ 2327/2327/
f 2325/2325/ 2324/2324/ 2327/2327/
f 2325/2325/ 2327/2327/ 2328/2328/
f 2326/2326/ 1462/1462/ 1464/1464/
f 2326/2326/ 1464/1464/ 2329/2329/
f 2327/2327/ 2326/2326/ 2329/2329/
f 2327/2327/ 2329/2329/ 2330/2330/
f 2328/2328/ 2327/2327/ 2330/2330/
f 2328/2328/ 2330/2330/ 2331/2331/
f 2329/2329/ 1464/1464/ 1466/1466/
f 2329/2329/ 1466/1466/ 2332/2332/
f 2330/2330/ 2329/2329/ 2332/2332/
f 2330/2330/ 2332/2332/ 2333/2333/
f 2331/2331/ 2330/2330/ 2333/2333/
f 2331/2331/ 2333/2333/ 2334/2334/
f 2325/2325/ 2328/2328/ 2335/2335/
f 2325/2325/ 2335/2335/ 2336/2336/
f 2322/2322/ 2325/2325/ 2336/2336/
f 2322/2322/ 2336/2336/ 2337/2337/
f 2319/2319/ 2322/2322/ 2337/2337/
f 2319/2319/ 2337/2337/ 2338/2338/
f 2316/2316/ 2319/2319/ 2338/2338/
f 2316/2316/ 2338/2338/ 2339/2339/
f 2313/2313/ 2316/2316/ 2339/2339/
f 2313/2313/ 2339/2339/ 2340/2340/
f 2311/2311/ 2313/2313/ 2340/2340/
f 2311/2311/ 2340/2340/ 2341/2341/
f 1445/1445/ 2311/2311/ 2341/2341/
f 1445/1445/ 2341/2341/ 1444/1444/
f 1444/1444/ 2341/2341/ 2342/2342/
f 2342/2342/ 2341/2341/ 2340/2340/
f 1444/1444/ 2342/2342/ 2343/2343/
f 1444/1444/ 2343/2343/ 1442/1442/
f 2342/2342/ 2340/2340/ 2344/2344/
f 2340/2340/ 2339/2339/ 2345/2345/
f 2340/2340/ 2345/2345/ 2344/2344/
f 2339/2339/ 2338/2338/ 2346/2346/
f 2339/2339/ 2346/2346/ 2345/2345/
f 2338/2338/ 2347/2347/ 2346/2346/
f 2338/2338/ 2337/2337/ 2347/2347/
f 2337/2337/ 2348/2348/ 2347/2347/
f 2337/2337/ 2336/2336/ 2348/2348/
f 2336/2336/ 2349/2349/ 2348/2348/
f 2336/2336/ 2335/2335/ 2349/2349/
f 2335/2335/ 2350/2350/ 2349/2349/
f 2335/2335/ 2351/2351/ 2350/2350/
f 2328/2328/ 2351/2351/ 2335/2335/
f 2328/2328/ 2331/2331/ 2351/2351/
f 2331/2331/ 2352/2352/ 2351/2351/
f 2331/2331/ 2334/2334/ 2352/2352/
f 2351/2351/ 2352/2352/ 2353/2353/
f 2351/2351/ 2353/2353/ 2350/2350/
f 2354/2354/ 2344/2344/ 2345/2345/
f 2355/2355/ 2344/2344/ 2354/2354/
f 2355/2355/ 2342/2342/ 2344/2344/
f 2342/2342/ 2355/2355/ 2356/2356/
f 2342/2342/ 2356/2356/ 2343/2343/
f 1442/1442/ 2343/2343/ 2356/2356/
f 1442/1442/ 2356/2356/ 1441/1441/
f 2354/2354/ 2345/2345/ 2357/2357/
f 2357/2357/ 2345/2345/ 2346/2346/
f 2357/2357/ 2346/2346/ 2358/2358/
f 2346/2346/ 2359/2359/ 2358/2358/
f 2346/2346/ 2360/2360/ 2359/2359/
f 2347/2347/ 2360/2360/ 2346/2346/
f 2347/2347/ 2361/2361/ 2360/2360/
f 2362/2362/ 2361/2361/ 2347/2347/
f 2362/2362/ 2347/2347/ 2348/2348/
f 2348/2348/ 2363/2363/ 2362/2362/
f 2348/2348/ 2349/2349/ 2363/2363/
f 2349/2349/ 2364/2364/ 2363/2363/
f 2349/2349/ 2350/2350/ 2364/2364/
f 2350/2350/ 2365/2365/ 2364/2364/
f 2350/2350/ 2353/2353/ 2365/2365/
f 1623/1623/ 2357/2357/ 2358/2358/
f 1623/1623/ 1625/1625/ 2357/2357/
f 1625/1625/ 2354/2354/ 2357/2357/
f 1625/1625/ 1627/1627/ 2354/2354/
f 1627/1627/ 2355/2355/ 2354/2354/
f 1627/1627/ 1629/1629/ 2355/2355/
f 2355/2355/ 1629/1629/ 1630/1630/
f 2355/2355/ 1630/1630/ 2356/2356/
f 1441/1441/ 2356/2356/ 1630/1630/
f 1441/1441/ 1630/1630/ 1632/1632/
f 132/132/ 1441/1441/ 1632/1632/
f 2364/2364/ 2365/2365/ 2366/2366/
f 2365/2365/ 2353/2353/ 1538/1538/
f 2353/2353/ 1517/1517/ 1538/1538/
f 2353/2353/ 2352/2352/ 1517/1517/
f 2352/2352/ 1509/1509/ 1517/1517/
f 2352/2352/ 2334/2334/ 1509/1509/
f 2334/2334/ 1510/1510/ 1509/1509/
f 2334/2334/ 2333/2333/ 1510/1510/
f 2333/2333/ 1512/1512/ 1510/1510/
f 2333/2333/ 2332/2332/ 1512/1512/
f 2332/2332/ 1468/1468/ 1512/1512/
f 2332/2332/ 1466/1466/ 1468/1468/
f 2364/2364/ 2366/2366/ 2367/2367/
f 2363/2363/ 2364/2364/ 2367/2367/
f 2363/2363/ 2367/2367/ 2368/2368/
f 2369/2369/ 2363/2363/ 2368/2368/
f 2369/2369/ 2362/2362/ 2363/2363/
f 2370/2370/ 2362/2362/ 2369/2369/
f 2370/2370/ 2361/2361/ 2362/2362/
f 2360/2360/ 2361/2361/ 2370/2370/
f 2360/2360/ 2370/2370/ 2371/2371/
f 2359/2359/ 2360/2360/ 2371/2371/
f 2359/2359/ 2371/2371/ 1614/1614/
f 1615/1615/ 2359/2359/ 1614/1614/
f 1615/1615/ 1622/1622/ 2359/2359/
f 1622/1622/ 2358/2358/ 2359/2359/
f 1622/1622/ 1623/1623/ 2358/2358/
f 1612/1612/ 1614/1614/ 2371/2371/
f 1612/1612/ 2371/2371/ 1610/1610/
f 1610/1610/ 2371/2371/ 2370/2370/
f 1610/1610/ 2370/2370/ 1608/1608/
f 1608/1608/ 2370/2370/ 2369/2369/
f 1608/1608/ 2369/2369/ 1606/1606/
f 1606/1606/ 2369/2369/ 2368/2368/
f 1606/1606/ 2368/2368/ 1604/1604/
f 1604/1604/ 2368/2368/ 2367/2367/
f 1604/1604/ 2367/2367/ 1602/1602/
f 1602/1602/ 2367/2367/ 2366/2366/
f 1602/1602/ 2366/2366/ 1601/1601/
f 1601/1601/ 2366/2366/ 1545/1545/
f 2366/2366/ 1539/1539/ 1545/1545/
f 2366/2366/ 2365/2365/ 1539/1539/
f 2365/2365/ 1538/1538/ 1539/1539/
f 1601/1601/ 1545/1545/ 1546/1546/
f 1598/1598/ 1601/1601/ 1546/1546/
f 1598/1598/ 1546/1546/ 1548/1548/
f 1575/1575/ 1598/1598/ 1548/1548/
f 1503/1503/ 1500/1500/ 1516/1516/
f 399/399/ 397/397/ 1720/1720/
f 397/397/ 394/394/ 1720/1720/
f 1720/1720/ 394/394/ 393/393/
f 1720/1720/ 393/393/ 1718/1718/
f 1718/1718/ 393/393/ 392/392/
f 1718/1718/ 392/392/ 1716/1716/
f 1716/1716/ 392/392/ 2372/2372/
f 1716/1716/ 2372/2372/ 1714/1714/
f 387/387/ 2372/2372/ 392/392/
f 387/387/ 389/389/ 2372/2372/
f 1714/1714/ 2372/2372/ 2373/2373/
f 389/389/ 2373/2373/ 2372/2372/
f 1714/1714/ 2373/2373/ 1708/1708/
f 389/389/ 391/391/ 2373/2373/
f 1709/1709/ 1708/1708/ 2373/2373/
f 1709/1709/ 2373/2373/ 1712/1712/
f 2373/2373/ 391/391/ 226/226/
f 2373/2373/ 226/226/ 1712/1712/
f 555/555/ 554/554/ 2374/2374/
f 556/556/ 555/555/ 2374/2374/
f 556/556/ 2374/2374/ 578/578/
f 554/554/ 2375/2375/ 2374/2374/
f 554/554/ 2376/2376/ 2375/2375/
f 553/553/ 2376/2376/ 554/554/
f 553/553/ 2377/2377/ 2376/2376/
f 552/552/ 2377/2377/ 553/553/
f 552/552/ 2378/2378/ 2377/2377/
f 551/551/ 2378/2378/ 552/552/
f 551/551/ 2379/2379/ 2378/2378/
f 550/550/ 2379/2379/ 551/551/
f 550/550/ 2380/2380/ 2379/2379/
f 549/549/ 2380/2380/ 550/550/
f 549/549/ 2381/2381/ 2380/2380/
f 547/547/ 2381/2381/ 549/549/
f 547/547/ 2382/2382/ 2381/2381/
f 2382/2382/ 547/547/ 548/548/
f 2382/2382/ 548/548/ 2383/2383/
f 2382/2382/ 2384/2384/ 2381/2381/
f 2382/2382/ 2385/2385/ 2384/2384/
f 2381/2381/ 2384/2384/ 2386/2386/
f 2381/2381/ 2386/2386/ 2380/2380/
f 2380/2380/ 2386/2386/ 2387/2387/
f 2380/2380/ 2387/2387/ 2379/2379/
f 2379/2379/ 2387/2387/ 2388/2388/
f 2379/2379/ 2388/2388/ 2378/2378/
f 2378/2378/ 2388/2388/ 2389/2389/
f 2384/2384/ 2385/2385/ 2390/2390/
f 2384/2384/ 2390/2390/ 2391/2391/
f 2386/2386/ 2384/2384/ 2391/2391/
f 2386/2386/ 2391/2391/ 2392/2392/
f 2387/2387/ 2386/2386/ 2392/2392/
f 2387/2387/ 2392/2392/ 2393/2393/
f 2388/2388/ 2387/2387/ 2393/2393/
f 2388/2388/ 2393/2393/ 2394/2394/
f 2389/2389/ 2388/2388/ 2394/2394/
f 2389/2389/ 2394/2394/ 2395/2395/
f 2396/2396/ 2389/2389/ 2395/2395/
f 2377/2377/ 2389/2389/ 2396/2396/
f 2378/2378/ 2389/2389/ 2377/2377/
f 2377/2377/ 2396/2396/ 2376/2376/
f 2376/2376/ 2396/2396/ 2397/2397/
f 2376/2376/ 2397/2397/ 2375/2375/
f 2375/2375/ 2397/2397/ 597/597/
f 2375/2375/ 597/597/ 596/596/
f 2374/2374/ 2375/2375/ 596/596/
f 2374/2374/ 596/596/ 578/578/
f 2396/2396/ 2395/2395/ 2398/2398/
f 2397/2397/ 2396/2396/ 2398/2398/
f 2397/2397/ 2398/2398/ 2399/2399/
f 597/597/ 2397/2397/ 2399/2399/
f 597/597/ 2399/2399/ 615/615/
f 2394/2394/ 2393/2393/ 2400/2400/
f 2394/2394/ 2400/2400/ 2401/2401/
f 2395/2395/ 2394/2394/ 2401/2401/
f 2399/2399/ 2398/2398/ 2402/2402/
f 2398/2398/ 2403/2403/ 2402/2402/
f 2395/2395/ 2401/2401/ 2403/2403/
f 2398/2398/ 2395/2395/ 2403/2403/
f 2399/2399/ 2402/2402/ 2404/2404/
f 615/615/ 2399/2399/ 2404/2404/
f 615/615/ 2404/2404/ 617/617/
f 2401/2401/ 2400/2400/ 2405/2405/
f 2400/2400/ 2406/2406/ 2405/2405/
f 2400/2400/ 2407/2407/ 2406/2406/
f 2393/2393/ 2407/2407/ 2400/2400/
f 2393/2393/ 2392/2392/ 2407/2407/
f 2392/2392/ 2408/2408/ 2407/2407/
f 2392/2392/ 2391/2391/ 2408/2408/
f 2391/2391/ 2409/2409/ 2408/2408/
f 2391/2391/ 2390/2390/ 2409/2409/
f 2409/2409/ 2390/2390/ 2410/2410/
f 2409/2409/ 2410/2410/ 2411/2411/
f 2412/2412/ 2409/2409/ 2411/2411/
f 2408/2408/ 2409/2409/ 2412/2412/
f 2412/2412/ 2411/2411/ 2413/2413/
f 2413/2413/ 2414/2414/ 2412/2412/
f 2413/2413/ 2415/2415/ 2414/2414/
f 2408/2408/ 2412/2412/ 2416/2416/
f 2407/2407/ 2408/2408/ 2416/2416/
f 2407/2407/ 2416/2416/ 2406/2406/
f 2414/2414/ 2416/2416/ 2412/2412/
f 2414/2414/ 2406/2406/ 2416/2416/
f 2414/2414/ 2417/2417/ 2406/2406/
f 2417/2417/ 2405/2405/ 2406/2406/
f 2417/2417/ 2418/2418/ 2405/2405/
f 2401/2401/ 2405/2405/ 2418/2418/
f 2403/2403/ 2401/2401/ 2418/2418/
f 2403/2403/ 2418/2418/ 2419/2419/
f 2402/2402/ 2403/2403/ 2419/2419/
f 2402/2402/ 2419/2419/ 2420/2420/
f 2404/2404/ 2402/2402/ 2420/2420/
f 2404/2404/ 2420/2420/ 2421/2421/
f 617/617/ 2404/2404/ 2421/2421/
f 617/617/ 2421/2421/ 626/626/
f 2417/2417/ 2422/2422/ 2418/2418/
f 2422/2422/ 2419/2419/ 2418/2418/
f 2422/2422/ 2420/2420/ 2419/2419/
f 2422/2422/ 2423/2423/ 2420/2420/
f 2423/2423/ 2421/2421/ 2420/2420/
f 2423/2423/ 626/626/ 2421/2421/
f 2423/2423/ 633/633/ 626/626/
f 2422/2422/ 2417/2417/ 2424/2424/
f 2422/2422/ 2424/2424/ 2425/2425/
f 2423/2423/ 2422/2422/ 2425/2425/
f 2423/2423/ 2425/2425/ 2426/2426/
f 633/633/ 2423/2423/ 2426/2426/
f 633/633/ 2426/2426/ 638/638/
f 2425/2425/ 2424/2424/ 2427/2427/
f 2424/2424/ 2428/2428/ 2427/2427/
f 2424/2424/ 2429/2429/ 2428/2428/
f 2417/2417/ 2429/2429/ 2424/2424/
f 2417/2417/ 2414/2414/ 2429/2429/
f 2425/2425/ 2427/2427/ 2430/2430/
f 2426/2426/ 2425/2425/ 2430/2430/
f 2426/2426/ 2430/2430/ 2431/2431/
f 638/638/ 2426/2426/ 2431/2431/
f 638/638/ 2431/2431/ 2432/2432/
f 2427/2427/ 2428/2428/ 2433/2433/
f 2428/2428/ 2434/2434/ 2433/2433/
f 2428/2428/ 2435/2435/ 2434/2434/
f 2433/2433/ 2434/2434/ 2436/2436/
f 2436/2436/ 2434/2434/ 2170/2170/
f 2435/2435/ 2170/2170/ 2434/2434/
f 2436/2436/ 2170/2170/ 2171/2171/
f 2433/2433/ 2436/2436/ 2437/2437/
f 2438/2438/ 2437/2437/ 2436/2436/
f 2438/2438/ 2436/2436/ 2439/2439/
f 2440/2440/ 2438/2438/ 2439/2439/
f 2440/2440/ 2439/2439/ 2441/2441/
f 2442/2442/ 2440/2440/ 2441/2441/
f 2442/2442/ 2441/2441/ 2443/2443/
f 2444/2444/ 2442/2442/ 2443/2443/
f 2444/2444/ 2445/2445/ 2442/2442/
f 2446/2446/ 2433/2433/ 2437/2437/
f 2446/2446/ 2437/2437/ 2438/2438/
f 2427/2427/ 2433/2433/ 2446/2446/
f 2430/2430/ 2427/2427/ 2446/2446/
f 2430/2430/ 2446/2446/ 2447/2447/
f 2447/2447/ 2446/2446/ 2438/2438/
f 2431/2431/ 2430/2430/ 2447/2447/
f 2431/2431/ 2447/2447/ 2448/2448/
f 2432/2432/ 2431/2431/ 2448/2448/
f 2432/2432/ 2448/2448/ 2449/2449/
f 2448/2448/ 2447/2447/ 2450/2450/
f 2447/2447/ 2438/2438/ 2450/2450/
f 2448/2448/ 2450/2450/ 2451/2451/
f 2449/2449/ 2448/2448/ 2451/2451/
f 2449/2449/ 2451/2451/ 2452/2452/
f 2451/2451/ 2450/2450/ 2453/2453/
f 2451/2451/ 2453/2453/ 2454/2454/
f 2442/2442/ 2454/2454/ 2453/2453/
f 2442/2442/ 2453/2453/ 2440/2440/
f 2440/2440/ 2453/2453/ 2450/2450/
f 2440/2440/ 2450/2450/ 2438/2438/
f 2455/2455/ 2452/2452/ 2451/2451/
f 2455/2455/ 2451/2451/ 2454/2454/
f 2445/2445/ 2455/2455/ 2454/2454/
f 2445/2445/ 2454/2454/ 2442/2442/
f 2456/2456/ 2457/2457/ 1789/1789/
f 2456/2456/ 1789/1789/ 1790/1790/
f 2458/2458/ 2457/2457/ 2456/2456/
f 2458/2458/ 2456/2456/ 1852/1852/
f 1851/1851/ 1852/1852/ 2456/2456/
f 1851/1851/ 2456/2456/ 1987/1987/
f 1987/1987/ 1860/1860/ 1851/1851/
f 1987/1987/ 1980/1980/ 1860/1860/
f 1980/1980/ 1862/1862/ 1860/1860/
f 1980/1980/ 1978/1978/ 1862/1862/
f 1978/1978/ 1872/1872/ 1862/1862/
f 1978/1978/ 1918/1918/ 1872/1872/
f 1988/1988/ 1987/1987/ 2456/2456/
f 1988/1988/ 2456/2456/ 2459/2459/
f 2459/2459/ 2456/2456/ 1790/1790/
f 2460/2460/ 2458/2458/ 1852/1852/
f 2461/2461/ 2458/2458/ 2460/2460/
f 2461/2461/ 2460/2460/ 2462/2462/
f 2460/2460/ 1852/1852/ 1850/1850/
f 1850/1850/ 1859/1859/ 2460/2460/
f 2462/2462/ 2460/2460/ 1859/1859/
f 1994/1994/ 1988/1988/ 2459/2459/
f 1979/1979/ 1988/1988/ 1994/1994/
f 1979/1979/ 1994/1994/ 1990/1990/
f 1994/1994/ 2459/2459/ 1825/1825/
f 1994/1994/ 1825/1825/ 1824/1824/
f 1994/1994/ 1824/1824/ 1995/1995/
f 1827/1827/ 1995/1995/ 1824/1824/
f 1827/1827/ 1997/1997/ 1995/1995/
f 1830/1830/ 1997/1997/ 1827/1827/
f 1830/1830/ 1999/1999/ 1997/1997/
f 1835/1835/ 1999/1999/ 1830/1830/
f 2413/2413/ 2461/2461/ 2462/2462/
f 2413/2413/ 2411/2411/ 2461/2461/
f 2411/2411/ 2463/2463/ 2461/2461/
f 2463/2463/ 2458/2458/ 2461/2461/
f 2463/2463/ 2457/2457/ 2458/2458/
f 2464/2464/ 2457/2457/ 2463/2463/
f 2464/2464/ 1789/1789/ 2457/2457/
f 2465/2465/ 1789/1789/ 2464/2464/
f 2465/2465/ 1787/1787/ 1789/1789/
f 2466/2466/ 1787/1787/ 2465/2465/
f 2466/2466/ 1780/1780/ 1787/1787/
f 2467/2467/ 1780/1780/ 2466/2466/
f 2467/2467/ 1781/1781/ 1780/1780/
f 544/544/ 1781/1781/ 2467/2467/
f 544/544/ 519/519/ 1781/1781/
f 519/519/ 1768/1768/ 1781/1781/
f 519/519/ 520/520/ 1768/1768/
f 2464/2464/ 2463/2463/ 2410/2410/
f 2411/2411/ 2410/2410/ 2463/2463/
f 2464/2464/ 2410/2410/ 2468/2468/
f 2465/2465/ 2464/2464/ 2468/2468/
f 2465/2465/ 2468/2468/ 2383/2383/
f 2466/2466/ 2465/2465/ 2383/2383/
f 2466/2466/ 2383/2383/ 548/548/
f 2467/2467/ 2466/2466/ 548/548/
f 2467/2467/ 548/548/ 546/546/
f 544/544/ 2467/2467/ 546/546/
f 2385/2385/ 2468/2468/ 2410/2410/
f 2385/2385/ 2410/2410/ 2390/2390/
f 2382/2382/ 2383/2383/ 2468/2468/
f 2382/2382/ 2468/2468/ 2385/2385/
f 1969/1969/ 1968/1968/ 1991/1991/
f 1971/1971/ 1991/1991/ 1968/1968/
f 1971/1971/ 1986/1986/ 1991/1991/
f 1971/1971/ 1984/1984/ 1986/1986/
f 1971/1971/ 1985/1985/ 1984/1984/
f 1982/1982/ 1985/1985/ 1971/1971/
f 1982/1982/ 1971/1971/ 2469/2469/
f 2469/2469/ 1973/1973/ 1982/1982/
f 2469/2469/ 1972/1972/ 1973/1973/
f 1972/1972/ 2469/2469/ 1971/1971/
f 1812/1812/ 2470/2470/ 1815/1815/
f 2471/2471/ 2470/2470/ 1812/1812/
f 2471/2471/ 1812/1812/ 1811/1811/
f 1811/1811/ 2472/2472/ 2471/2471/
f 1811/1811/ 1813/1813/ 2472/2472/
f 1813/1813/ 2473/2473/ 2472/2472/
f 1813/1813/ 1814/1814/ 2473/2473/
f 1010/1010/ 2473/2473/ 1814/1814/
f 1010/1010/ 1013/1013/ 2473/2473/
f 2473/2473/ 1013/1013/ 1014/1014/
f 2473/2473/ 1014/1014/ 2474/2474/
f 2472/2472/ 2473/2473/ 2474/2474/
f 1016/1016/ 2474/2474/ 1014/1014/
f 1016/1016/ 2475/2475/ 2474/2474/
f 2475/2475/ 2476/2476/ 2474/2474/
f 2472/2472/ 2474/2474/ 2476/2476/
f 2471/2471/ 2472/2472/ 2476/2476/
f 2475/2475/ 2477/2477/ 2476/2476/
f 2477/2477/ 2478/2478/ 2476/2476/
f 2471/2471/ 2476/2476/ 2478/2478/
f 2477/2477/ 2479/2479/ 2478/2478/
f 2478/2478/ 2479/2479/ 2480/2480/
f 2478/2478/ 2480/2480/ 2481/2481/
f 2480/2480/ 1816/1816/ 2481/2481/
f 2480/2480/ 1817/1817/ 1816/1816/
f 1024/1024/ 2475/2475/ 1016/1016/
f 1024/1024/ 2482/2482/ 2475/2475/
f 2482/2482/ 2477/2477/ 2475/2475/
f 1024/1024/ 2127/2127/ 2482/2482/
f 1024/1024/ 1027/1027/ 2127/2127/
f 2482/2482/ 2483/2483/ 2477/2477/
f 2483/2483/ 2479/2479/ 2477/2477/
f 2483/2483/ 2484/2484/ 2479/2479/
f 2480/2480/ 2479/2479/ 2484/2484/
f 2480/2480/ 2484/2484/ 2485/2485/
f 1817/1817/ 2480/2480/ 2485/2485/
f 1817/1817/ 2485/2485/ 1818/1818/
f 1819/1819/ 1818/1818/ 2485/2485/
f 1819/1819/ 2485/2485/ 2126/2126/
f 2123/2123/ 2126/2126/ 2485/2485/
f 2123/2123/ 2485/2485/ 2484/2484/
f 2122/2122/ 2123/2123/ 2484/2484/
f 2122/2122/ 2484/2484/ 2483/2483/
f 2482/2482/ 2127/2127/ 2122/2122/
f 2482/2482/ 2122/2122/ 2483/2483/
f 1039/1039/ 2127/2127/ 1027/1027/
f 2481/2481/ 1816/1816/ 1815/1815/
f 2481/2481/ 1815/1815/ 2470/2470/
f 2478/2478/ 2481/2481/ 2470/2470/
f 2478/2478/ 2470/2470/ 2471/2471/
f 1797/1797/ 1826/1826/ 1792/1792/
f 2486/2486/ 1792/1792/ 1826/1826/
f 2486/2486/ 2487/2487/ 1792/1792/
f 2486/2486/ 1788/1788/ 2487/2487/
f 1788/1788/ 1778/1778/ 2487/2487/
f 2486/2486/ 1790/1790/ 1788/1788/
f 2459/2459/ 1790/1790/ 2486/2486/
f 1826/1826/ 2459/2459/ 2486/2486/
f 2487/2487/ 1778/1778/ 1782/1782/
f 2487/2487/ 1782/1782/ 1792/1792/
f 1826/1826/ 1825/1825/ 2459/2459/
f 1639/1639/ 1638/1638/ 2488/2488/
f 1639/1639/ 2488/2488/ 2489/2489/
f 1640/1640/ 1639/1639/ 2489/2489/
f 1640/1640/ 2489/2489/ 2490/2490/
f 1638/1638/ 2491/2491/ 2488/2488/
f 1638/1638/ 1660/1660/ 2491/2491/
f 1641/1641/ 1640/1640/ 2490/2490/
f 1641/1641/ 2490/2490/ 2492/2492/
f 1660/1660/ 2493/2493/ 2491/2491/
f 1660/1660/ 1659/1659/ 2493/2493/
f 1643/1643/ 1641/1641/ 2492/2492/
f 1643/1643/ 2492/2492/ 2494/2494/
f 1645/1645/ 1643/1643/ 2494/2494/
f 1645/1645/ 2494/2494/ 2495/2495/
f 1647/1647/ 1645/1645/ 2495/2495/
f 1647/1647/ 2495/2495/ 2496/2496/
f 1649/1649/ 1647/1647/ 2496/2496/
f 1649/1649/ 2496/2496/ 2497/2497/
f 1651/1651/ 1649/1649/ 2497/2497/
f 1651/1651/ 2497/2497/ 2498/2498/
f 1653/1653/ 1651/1651/ 2498/2498/
f 1653/1653/ 2498/2498/ 2499/2499/
f 1655/1655/ 1653/1653/ 2499/2499/
f 1655/1655/ 2499/2499/ 2500/2500/
f 1657/1657/ 1655/1655/ 2500/2500/
f 1657/1657/ 2500/2500/ 2501/2501/
f 1659/1659/ 1657/1657/ 2501/2501/
f 1659/1659/ 2501/2501/ 2493/2493/
f 2500/2500/ 2499/2499/ 2502/2502/
f 2501/2501/ 2500/2500/ 2502/2502/
f 2501/2501/ 2502/2502/ 2503/2503/
f 2493/2493/ 2501/2501/ 2503/2503/
f 2491/2491/ 2493/2493/ 2503/2503/
f 2491/2491/ 2503/2503/ 2504/2504/
f 2488/2488/ 2491/2491/ 2504/2504/
f 2489/2489/ 2488/2488/ 2504/2504/
f 2489/2489/ 2504/2504/ 2505/2505/
f 2490/2490/ 2489/2489/ 2505/2505/
f 2492/2492/ 2490/2490/ 2505/2505/
f 2492/2492/ 2505/2505/ 2506/2506/
f 2494/2494/ 2492/2492/ 2506/2506/
f 2495/2495/ 2494/2494/ 2506/2506/
f 2495/2495/ 2506/2506/ 2507/2507/
f 2496/2496/ 2495/2495/ 2507/2507/
f 2497/2497/ 2496/2496/ 2507/2507/
f 2497/2497/ 2507/2507/ 2508/2508/
f 2498/2498/ 2497/2497/ 2508/2508/
f 2499/2499/ 2498/2498/ 2508/2508/
f 2499/2499/ 2508/2508/ 2502/2502/
f 2280/2280/ 2281/2281/ 2509/2509/
f 2280/2280/ 2509/2509/ 2285/2285/
f 2281/2281/ 2291/2291/ 2509/2509/
f 2281/2281/ 2282/2282/ 2291/2291/
f 2510/2510/ 2511/2511/ 2512/2512/
f 2510/2510/ 2512/2512/ 2513/2513/
f 2514/2514/ 2510/2510/ 2513/2513/
f 2514/2514/ 2513/2513/ 2515/2515/
f 2511/2511/ 2516/2516/ 2512/2512/
f 2511/2511/ 2517/2517/ 2516/2516/
f 2518/2518/ 2514/2514/ 2515/2515/
f 2518/2518/ 2515/2515/ 2519/2519/
f 2517/2517/ 2520/2520/ 2516/2516/
f 2517/2517/ 2521/2521/ 2520/2520/
f 2522/2522/ 2518/2518/ 2519/2519/
f 2522/2522/ 2519/2519/ 2523/2523/
f 2524/2524/ 2522/2522/ 2523/2523/
f 2524/2524/ 2523/2523/ 2525/2525/
f 2513/2513/ 2512/2512/ 2526/2526/
f 2513/2513/ 2526/2526/ 2527/2527/
f 2515/2515/ 2513/2513/ 2527/2527/
f 2515/2515/ 2527/2527/ 2528/2528/
f 2519/2519/ 2515/2515/ 2528/2528/
f 2519/2519/ 2528/2528/ 2529/2529/
f 2523/2523/ 2519/2519/ 2529/2529/
f 2516/2516/ 2520/2520/ 2530/2530/
f 2516/2516/ 2530/2530/ 2531/2531/
f 2512/2512/ 2516/2516/ 2531/2531/
f 2512/2512/ 2531/2531/ 2526/2526/
f 2523/2523/ 2529/2529/ 2532/2532/
f 2525/2525/ 2523/2523/ 2532/2532/
f 2525/2525/ 2532/2532/ 2533/2533/
f 2534/2534/ 2533/2533/ 2532/2532/
f 2534/2534/ 2535/2535/ 2533/2533/
f 2535/2535/ 2534/2534/ 2536/2536/
f 2535/2535/ 2536/2536/ 2537/2537/
f 2538/2538/ 2534/2534/ 2532/2532/
f 2538/2538/ 2532/2532/ 2529/2529/
f 2536/2536/ 2534/2534/ 2538/2538/
f 2128/2128/ 2124/2124/ 2539/2539/
f 2131/2131/ 2128/2128/ 2539/2539/
f 2131/2131/ 2539/2539/ 2540/2540/
f 2138/2138/ 2131/2131/ 2540/2540/
f 2141/2141/ 2138/2138/ 2540/2540/
f 2141/2141/ 2540/2540/ 2541/2541/
f 2541/2541/ 2540/2540/ 2539/2539/
f 2541/2541/ 2144/2144/ 2141/2141/
f 2541/2541/ 2542/2542/ 2144/2144/
f 2146/2146/ 2144/2144/ 2542/2542/
f 2146/2146/ 2542/2542/ 2543/2543/
f 2543/2543/ 2150/2150/ 2146/2146/
f 2543/2543/ 2544/2544/ 2150/2150/
f 2541/2541/ 2539/2539/ 2545/2545/
f 2542/2542/ 2541/2541/ 2545/2545/
f 2545/2545/ 2539/2539/ 2124/2124/
f 2542/2542/ 2545/2545/ 2546/2546/
f 2543/2543/ 2542/2542/ 2546/2546/
f 2543/2543/ 2546/2546/ 2547/2547/
f 2543/2543/ 2547/2547/ 2544/2544/
f 2545/2545/ 2124/2124/ 2120/2120/
f 2546/2546/ 2545/2545/ 2120/2120/
f 2546/2546/ 2120/2120/ 2119/2119/
f 2118/2118/ 2547/2547/ 2546/2546/
f 2118/2118/ 2546/2546/ 2119/2119/
f 2544/2544/ 2547/2547/ 2118/2118/
f 2544/2544/ 2118/2118/ 2548/2548/
f 2117/2117/ 2548/2548/ 2118/2118/
f 2549/2549/ 2233/2233/ 2224/2224/
f 2549/2549/ 2224/2224/ 2228/2228/
f 2550/2550/ 2549/2549/ 2228/2228/
f 2550/2550/ 2228/2228/ 2232/2232/
f 1975/1975/ 1930/1930/ 1917/1917/
f 1975/1975/ 1917/1917/ 1918/1918/
f 1812/1812/ 1810/1810/ 1804/1804/
f 1812/1812/ 1804/1804/ 1806/1806/
f 2198/2198/ 1822/1822/ 2130/2130/
f 2198/2198/ 2130/2130/ 2133/2133/
f 2197/2197/ 2198/2198/ 2133/2133/
f 2197/2197/ 2133/2133/ 2134/2134/
f 2197/2197/ 2134/2134/ 2136/2136/
f 2197/2197/ 2136/2136/ 2196/2196/
f 2195/2195/ 2196/2196/ 2136/2136/
f 2195/2195/ 2136/2136/ 2154/2154/
f 2462/2462/ 1859/1859/ 2415/2415/
f 2462/2462/ 2415/2415/ 2413/2413/
f 2415/2415/ 1859/1859/ 1858/1858/
f 2415/2415/ 1858/1858/ 2551/2551/
f 2429/2429/ 2415/2415/ 2551/2551/
f 2429/2429/ 2414/2414/ 2415/2415/
f 2428/2428/ 2429/2429/ 2551/2551/
f 2428/2428/ 2551/2551/ 2435/2435/
f 2551/2551/ 1858/1858/ 1857/1857/
f 2551/2551/ 1857/1857/ 2435/2435/
f 2435/2435/ 1857/1857/ 2170/2170/
f 669/669/ 656/656/ 673/673/
f 673/673/ 656/656/ 657/657/
f 673/673/ 657/657/ 675/675/
f 2179/2179/ 2181/2181/ 2444/2444/
f 2179/2179/ 2444/2444/ 2443/2443/
f 2176/2176/ 2179/2179/ 2443/2443/
f 2176/2176/ 2443/2443/ 2441/2441/
f 2439/2439/ 2176/2176/ 2441/2441/
f 2439/2439/ 2175/2175/ 2176/2176/
f 2436/2436/ 2175/2175/ 2439/2439/
f 2436/2436/ 2171/2171/ 2175/2175/
f 2552/2552/ 2553/2553/ 2554/2554/
f 2552/2552/ 2554/2554/ 2555/2555/
f 2552/2552/ 2556/2556/ 2553/2553/
f 2552/2552/ 2557/2557/ 2556/2556/
f 2555/2555/ 2557/2557/ 2552/2552/
f 2554/2554/ 2558/2558/ 2555/2555/
f 2554/2554/ 2559/2559/ 2558/2558/
f 2559/2559/ 2560/2560/ 2558/2558/
f 2559/2559/ 2561/2561/ 2560/2560/
f 2561/2561/ 2562/2562/ 2560/2560/
f 2561/2561/ 2563/2563/ 2562/2562/
f 2563/2563/ 2564/2564/ 2562/2562/
f 2563/2563/ 2565/2565/ 2564/2564/
f 2565/2565/ 2566/2566/ 2564/2564/
f 2565/2565/ 2567/2567/ 2566/2566/
f 2567/2567/ 2568/2568/ 2566/2566/
f 2567/2567/ 2569/2569/ 2568/2568/
f 2558/2558/ 2570/2570/ 2555/2555/
f 2555/2555/ 2570/2570/ 2557/2557/
f 2558/2558/ 2571/2571/ 2570/2570/
f 2560/2560/ 2571/2571/ 2558/2558/
f 2560/2560/ 2572/2572/ 2571/2571/
f 2562/2562/ 2572/2572/ 2560/2560/
f 2562/2562/ 2573/2573/ 2572/2572/
f 2564/2564/ 2573/2573/ 2562/2562/
f 2564/2564/ 2574/2574/ 2573/2573/
f 2566/2566/ 2574/2574/ 2564/2564/
f 2566/2566/ 2575/2575/ 2574/2574/
f 2568/2568/ 2575/2575/ 2566/2566/
f 2568/2568/ 2576/2576/ 2575/2575/
f 2571/2571/ 2577/2577/ 2570/2570/
f 2570/2570/ 2577/2577/ 2578/2578/
f 2570/2570/ 2578/2578/ 2557/2557/
f 2557/2557/ 2578/2578/ 2579/2579/
f 2557/2557/ 2579/2579/ 2556/2556/
f 2571/2571/ 2580/2580/ 2577/2577/
f 2572/2572/ 2580/2580/ 2571/2571/
f 2572/2572/ 2581/2581/ 2580/2580/
f 2573/2573/ 2581/2581/ 2572/2572/
f 2573/2573/ 2582/2582/ 2581/2581/
f 2574/2574/ 2582/2582/ 2573/2573/
f 2574/2574/ 2583/2583/ 2582/2582/
f 2583/2583/ 2574/2574/ 2575/2575/
f 2583/2583/ 2575/2575/ 2584/2584/
f 2584/2584/ 2575/2575/ 2576/2576/
f 2584/2584/ 2576/2576/ 2585/2585/
f 2586/2586/ 2556/2556/ 2579/2579/
f 2587/2587/ 2556/2556/ 2586/2586/
f 2587/2587/ 2553/2553/ 2556/2556/
f 2587/2587/ 2554/2554/ 2553/2553/
f 2587/2587/ 2588/2588/ 2554/2554/
f 2588/2588/ 2587/2587/ 2586/2586/
f 2554/2554/ 2588/2588/ 2589/2589/
f 2554/2554/ 2589/2589/ 2559/2559/
f 2559/2559/ 2589/2589/ 2590/2590/
f 2559/2559/ 2590/2590/ 2561/2561/
f 2561/2561/ 2590/2590/ 2591/2591/
f 2561/2561/ 2591/2591/ 2563/2563/
f 2563/2563/ 2591/2591/ 2592/2592/
f 2563/2563/ 2592/2592/ 2565/2565/
f 2565/2565/ 2592/2592/ 2593/2593/
f 2565/2565/ 2593/2593/ 2567/2567/
f 2567/2567/ 2593/2593/ 2594/2594/
f 2567/2567/ 2594/2594/ 2569/2569/
f 2589/2589/ 2588/2588/ 2595/2595/
f 2589/2589/ 2595/2595/ 2596/2596/
f 2590/2590/ 2589/2589/ 2596/2596/
f 2588/2588/ 2586/2586/ 2595/2595/
f 2590/2590/ 2596/2596/ 2597/2597/
f 2591/2591/ 2590/2590/ 2597/2597/
f 2591/2591/ 2597/2597/ 2598/2598/
f 2592/2592/ 2591/2591/ 2598/2598/
f 2592/2592/ 2598/2598/ 2599/2599/
f 2593/2593/ 2592/2592/ 2599/2599/
f 2593/2593/ 2599/2599/ 2600/2600/
f 2594/2594/ 2593/2593/ 2600/2600/
f 2594/2594/ 2600/2600/ 2601/2601/
f 2595/2595/ 2586/2586/ 2602/2602/
f 2595/2595/ 2602/2602/ 2603/2603/
f 2596/2596/ 2595/2595/ 2603/2603/
f 2586/2586/ 2579/2579/ 2602/2602/
f 2596/2596/ 2603/2603/ 2604/2604/
f 2597/2597/ 2596/2596/ 2604/2604/
f 2597/2597/ 2604/2604/ 2605/2605/
f 2598/2598/ 2597/2597/ 2605/2605/
f 2598/2598/ 2605/2605/ 2606/2606/
f 2599/2599/ 2598/2598/ 2606/2606/
f 2599/2599/ 2606/2606/ 2607/2607/
f 2607/2607/ 2600/2600/ 2599/2599/
f 2607/2607/ 2608/2608/ 2600/2600/
f 2608/2608/ 2601/2601/ 2600/2600/
f 2608/2608/ 2609/2609/ 2601/2601/
f 2610/2610/ 2611/2611/ 2612/2612/
f 2610/2610/ 2612/2612/ 2613/2613/
f 2611/2611/ 2610/2610/ 2614/2614/
f 2611/2611/ 2614/2614/ 2615/2615/
f 2615/2615/ 2614/2614/ 2616/2616/
f 2615/2615/ 2616/2616/ 2617/2617/
f 2617/2617/ 2611/2611/ 2615/2615/
f 2616/2616/ 2618/2618/ 2617/2617/
f 2616/2616/ 2619/2619/ 2618/2618/
f 2618/2618/ 2619/2619/ 2620/2620/
f 2618/2618/ 2620/2620/ 2621/2621/
f 2621/2621/ 2620/2620/ 2622/2622/
f 2621/2621/ 2622/2622/ 2623/2623/
f 2611/2611/ 2624/2624/ 2612/2612/
f 2611/2611/ 2625/2625/ 2624/2624/
f 2617/2617/ 2625/2625/ 2611/2611/
f 2625/2625/ 2626/2626/ 2624/2624/
f 2625/2625/ 2627/2627/ 2626/2626/
f 2617/2617/ 2618/2618/ 2627/2627/
f 2617/2617/ 2627/2627/ 2625/2625/
f 2627/2627/ 2628/2628/ 2626/2626/
f 2627/2627/ 2629/2629/ 2628/2628/
f 2618/2618/ 2621/2621/ 2629/2629/
f 2618/2618/ 2629/2629/ 2627/2627/
f 2630/2630/ 2629/2629/ 2621/2621/
f 2630/2630/ 2621/2621/ 2623/2623/
f 2631/2631/ 2628/2628/ 2629/2629/
f 2631/2631/ 2629/2629/ 2630/2630/
f 2632/2632/ 2631/2631/ 2630/2630/
f 2632/2632/ 2630/2630/ 2623/2623/
f 2633/2633/ 2632/2632/ 2623/2623/
f 2633/2633/ 2623/2623/ 2622/2622/
f 2633/2633/ 2634/2634/ 2632/2632/
f 2635/2635/ 2624/2624/ 2626/2626/
f 2636/2636/ 2624/2624/ 2635/2635/
f 2636/2636/ 2612/2612/ 2624/2624/
f 2637/2637/ 2612/2612/ 2636/2636/
f 2637/2637/ 2613/2613/ 2612/2612/
f 2636/2636/ 2638/2638/ 2637/2637/
f 2636/2636/ 2639/2639/ 2638/2638/
f 2639/2639/ 2640/2640/ 2638/2638/
f 2639/2639/ 2641/2641/ 2640/2640/
f 2641/2641/ 2639/2639/ 2636/2636/
f 2641/2641/ 2636/2636/ 2635/2635/
f 2640/2640/ 2641/2641/ 2642/2642/
f 2640/2640/ 2642/2642/ 2643/2643/
f 2642/2642/ 2644/2644/ 2643/2643/
f 2642/2642/ 2645/2645/ 2644/2644/
f 2645/2645/ 2646/2646/ 2644/2644/
f 2645/2645/ 2647/2647/ 2646/2646/
f 2641/2641/ 2635/2635/ 2648/2648/
f 2641/2641/ 2648/2648/ 2642/2642/
f 2635/2635/ 2626/2626/ 2648/2648/
f 2648/2648/ 2626/2626/ 2628/2628/
f 2648/2648/ 2628/2628/ 2649/2649/
f 2642/2642/ 2648/2648/ 2649/2649/
f 2642/2642/ 2649/2649/ 2645/2645/
f 2650/2650/ 2647/2647/ 2645/2645/
f 2650/2650/ 2645/2645/ 2649/2649/
f 2651/2651/ 2650/2650/ 2649/2649/
f 2651/2651/ 2649/2649/ 2628/2628/
f 2652/2652/ 2650/2650/ 2651/2651/
f 2652/2652/ 2647/2647/ 2650/2650/
f 2653/2653/ 2646/2646/ 2647/2647/
f 2653/2653/ 2647/2647/ 2652/2652/
f 2653/2653/ 2652/2652/ 2654/2654/
f 2655/2655/ 2656/2656/ 2657/2657/
f 2655/2655/ 2657/2657/ 2658/2658/
f 2657/2657/ 2659/2659/ 2658/2658/
f 2657/2657/ 2660/2660/ 2659/2659/
f 2661/2661/ 2656/2656/ 2655/2655/
f 2661/2661/ 2662/2662/ 2656/2656/
f 2663/2663/ 2662/2662/ 2661/2661/
f 2663/2663/ 2664/2664/ 2662/2662/
f 2665/2665/ 2664/2664/ 2663/2663/
f 2665/2665/ 2666/2666/ 2664/2664/
f 2667/2667/ 2665/2665/ 2663/2663/
f 2665/2665/ 2667/2667/ 2668/2668/
f 2665/2665/ 2668/2668/ 2669/2669/
f 2665/2665/ 2669/2669/ 2666/2666/
f 2670/2670/ 2666/2666/ 2669/2669/
f 2664/2664/ 2666/2666/ 2670/2670/
f 2670/2670/ 2669/2669/ 2671/2671/
f 2668/2668/ 2672/2672/ 2669/2669/
f 2671/2671/ 2669/2669/ 2672/2672/
f 2672/2672/ 2668/2668/ 2673/2673/
f 2671/2671/ 2672/2672/ 2674/2674/
f 2672/2672/ 2673/2673/ 2675/2675/
f 2672/2672/ 2675/2675/ 2674/2674/
f 2675/2675/ 2673/2673/ 2676/2676/
f 2675/2675/ 2676/2676/ 2677/2677/
f 2677/2677/ 2676/2676/ 2678/2678/
f 2677/2677/ 2678/2678/ 2679/2679/
f 2673/2673/ 2668/2668/ 2680/2680/
f 2673/2673/ 2680/2680/ 2676/2676/
f 2676/2676/ 2680/2680/ 2678/2678/
f 2679/2679/ 2678/2678/ 2681/2681/
f 2679/2679/ 2681/2681/ 2682/2682/
f 2683/2683/ 2681/2681/ 2678/2678/
f 2683/2683/ 2678/2678/ 2680/2680/
f 2682/2682/ 2681/2681/ 2684/2684/
f 2684/2684/ 2681/2681/ 2683/2683/
f 2682/2682/ 2684/2684/ 2685/2685/
f 2671/2671/ 2686/2686/ 2670/2670/
f 2687/2687/ 2670/2670/ 2686/2686/
f 2687/2687/ 2686/2686/ 2688/2688/
f 2688/2688/ 2689/2689/ 2687/2687/
f 2688/2688/ 2690/2690/ 2689/2689/
f 2690/2690/ 2691/2691/ 2689/2689/
f 2690/2690/ 2692/2692/ 2691/2691/
f 2692/2692/ 2693/2693/ 2691/2691/
f 2692/2692/ 2694/2694/ 2693/2693/
f 2664/2664/ 2670/2670/ 2687/2687/
f 2689/2689/ 2664/2664/ 2687/2687/
f 2689/2689/ 2662/2662/ 2664/2664/
f 2691/2691/ 2662/2662/ 2689/2689/
f 2691/2691/ 2656/2656/ 2662/2662/
f 2693/2693/ 2656/2656/ 2691/2691/
f 2693/2693/ 2657/2657/ 2656/2656/
f 2695/2695/ 2657/2657/ 2693/2693/
f 2695/2695/ 2660/2660/ 2657/2657/
f 2692/2692/ 2696/2696/ 2694/2694/
f 2693/2693/ 2694/2694/ 2696/2696/
f 2693/2693/ 2696/2696/ 2695/2695/
f 2692/2692/ 2697/2697/ 2696/2696/
f 2697/2697/ 2690/2690/ 2688/2688/
f 2697/2697/ 2692/2692/ 2690/2690/
f 2688/2688/ 2698/2698/ 2697/2697/
f 2698/2698/ 2688/2688/ 2686/2686/
f 2698/2698/ 2686/2686/ 2671/2671/
f 2671/2671/ 2699/2699/ 2698/2698/
f 2699/2699/ 2671/2671/ 2674/2674/
f 2699/2699/ 2674/2674/ 2675/2675/
f 2675/2675/ 2700/2700/ 2699/2699/
f 2677/2677/ 2700/2700/ 2675/2675/
f 2677/2677/ 2701/2701/ 2700/2700/
f 2677/2677/ 2679/2679/ 2701/2701/
f 2682/2682/ 2701/2701/ 2679/2679/
f 2682/2682/ 2702/2702/ 2701/2701/
f 2685/2685/ 2702/2702/ 2682/2682/
f 2685/2685/ 2703/2703/ 2702/2702/
f 2704/2704/ 2703/2703/ 2685/2685/
f 2704/2704/ 2685/2685/ 2684/2684/
f 2704/2704/ 2684/2684/ 2705/2705/
f 2683/2683/ 2705/2705/ 2684/2684/
f 2683/2683/ 2706/2706/ 2705/2705/
f 2707/2707/ 2705/2705/ 2706/2706/
f 2707/2707/ 2708/2708/ 2705/2705/
f 2704/2704/ 2709/2709/ 2703/2703/
f 2705/2705/ 2709/2709/ 2704/2704/
f 2705/2705/ 2710/2710/ 2709/2709/
f 2710/2710/ 2705/2705/ 2708/2708/
f 2710/2710/ 2708/2708/ 2711/2711/
f 2712/2712/ 2667/2667/ 2663/2663/
f 2712/2712/ 2663/2663/ 2661/2661/
f 2712/2712/ 2661/2661/ 2655/2655/
f 2712/2712/ 2655/2655/ 2658/2658/
f 2712/2712/ 2658/2658/ 2713/2713/
f 2659/2659/ 2713/2713/ 2658/2658/
f 2659/2659/ 2714/2714/ 2713/2713/
f 2715/2715/ 2714/2714/ 2659/2659/
f 2716/2716/ 2714/2714/ 2715/2715/
f 2716/2716/ 2715/2715/ 2717/2717/
f 2715/2715/ 2659/2659/ 2660/2660/
f 2718/2718/ 2716/2716/ 2717/2717/
f 2718/2718/ 2717/2717/ 2719/2719/
f 2720/2720/ 2718/2718/ 2719/2719/
f 2720/2720/ 2719/2719/ 2721/2721/
f 2722/2722/ 2720/2720/ 2721/2721/
f 2722/2722/ 2721/2721/ 2723/2723/
f 2724/2724/ 2720/2720/ 2722/2722/
f 2722/2722/ 2725/2725/ 2724/2724/
f 2722/2722/ 2726/2726/ 2725/2725/
f 2722/2722/ 2723/2723/ 2726/2726/
f 2727/2727/ 2726/2726/ 2723/2723/
f 2721/2721/ 2727/2727/ 2723/2723/
f 2727/2727/ 2728/2728/ 2726/2726/
f 2725/2725/ 2726/2726/ 2729/2729/
f 2728/2728/ 2729/2729/ 2726/2726/
f 2729/2729/ 2730/2730/ 2725/2725/
f 2728/2728/ 2731/2731/ 2729/2729/
f 2729/2729/ 2731/2731/ 2732/2732/
f 2729/2729/ 2732/2732/ 2730/2730/
f 2732/2732/ 2733/2733/ 2730/2730/
f 2732/2732/ 2734/2734/ 2733/2733/
f 2734/2734/ 2735/2735/ 2733/2733/
f 2734/2734/ 2736/2736/ 2735/2735/
f 2730/2730/ 2733/2733/ 2737/2737/
f 2730/2730/ 2737/2737/ 2725/2725/
f 2733/2733/ 2735/2735/ 2737/2737/
f 2736/2736/ 2738/2738/ 2735/2735/
f 2736/2736/ 2739/2739/ 2738/2738/
f 2740/2740/ 2737/2737/ 2735/2735/
f 2740/2740/ 2735/2735/ 2738/2738/
f 2739/2739/ 2741/2741/ 2738/2738/
f 2741/2741/ 2740/2740/ 2738/2738/
f 2739/2739/ 2742/2742/ 2741/2741/
f 2728/2728/ 2727/2727/ 2743/2743/
f 2740/2740/ 2741/2741/ 2744/2744/
f 2740/2740/ 2744/2744/ 2745/2745/
f 2746/2746/ 2744/2744/ 2741/2741/
f 2746/2746/ 2741/2741/ 2742/2742/
f 2747/2747/ 2745/2745/ 2744/2744/
f 2747/2747/ 2744/2744/ 2748/2748/
f 2734/2734/ 2749/2749/ 2736/2736/
f 2739/2739/ 2736/2736/ 2749/2749/
f 2734/2734/ 2750/2750/ 2749/2749/
f 2739/2739/ 2749/2749/ 2751/2751/
f 2742/2742/ 2739/2739/ 2751/2751/
f 2742/2742/ 2751/2751/ 2752/2752/
f 2746/2746/ 2742/2742/ 2752/2752/
f 2746/2746/ 2752/2752/ 2753/2753/
f 2744/2744/ 2746/2746/ 2753/2753/
f 2744/2744/ 2753/2753/ 2754/2754/
f 2754/2754/ 2748/2748/ 2744/2744/
f 2754/2754/ 2755/2755/ 2748/2748/
f 2756/2756/ 2757/2757/ 2743/2743/
f 2757/2757/ 2756/2756/ 2758/2758/
f 2757/2757/ 2758/2758/ 2759/2759/
f 2759/2759/ 2758/2758/ 2760/2760/
f 2759/2759/ 2760/2760/ 2761/2761/
f 2761/2761/ 2760/2760/ 2762/2762/
f 2761/2761/ 2762/2762/ 2763/2763/
f 2758/2758/ 2756/2756/ 2721/2721/
f 2721/2721/ 2756/2756/ 2727/2727/
f 2756/2756/ 2743/2743/ 2727/2727/
f 2758/2758/ 2721/2721/ 2719/2719/
f 2760/2760/ 2758/2758/ 2719/2719/
f 2760/2760/ 2719/2719/ 2717/2717/
f 2762/2762/ 2760/2760/ 2717/2717/
f 2762/2762/ 2717/2717/ 2715/2715/
f 2695/2695/ 2762/2762/ 2715/2715/
f 2695/2695/ 2715/2715/ 2660/2660/
f 2761/2761/ 2763/2763/ 2696/2696/
f 2762/2762/ 2695/2695/ 2696/2696/
f 2762/2762/ 2696/2696/ 2763/2763/
f 2761/2761/ 2696/2696/ 2764/2764/
f 2759/2759/ 2761/2761/ 2764/2764/
f 2757/2757/ 2759/2759/ 2764/2764/
f 2764/2764/ 2765/2765/ 2757/2757/
f 2743/2743/ 2757/2757/ 2765/2765/
f 2728/2728/ 2743/2743/ 2765/2765/
f 2765/2765/ 2766/2766/ 2728/2728/
f 2731/2731/ 2728/2728/ 2766/2766/
f 2732/2732/ 2731/2731/ 2766/2766/
f 2766/2766/ 2750/2750/ 2732/2732/
f 2734/2734/ 2732/2732/ 2750/2750/
f 2767/2767/ 2768/2768/ 2769/2769/
f 2767/2767/ 2769/2769/ 2770/2770/
f 2771/2771/ 2767/2767/ 2770/2770/
f 2771/2771/ 2772/2772/ 2767/2767/
f 2773/2773/ 2767/2767/ 2772/2772/
f 2773/2773/ 2772/2772/ 2774/2774/
f 2775/2775/ 2768/2768/ 2767/2767/
f 2775/2775/ 2767/2767/ 2776/2776/
f 2774/2774/ 2777/2777/ 2773/2773/
f 2774/2774/ 2778/2778/ 2777/2777/
f 2774/2774/ 2779/2779/ 2778/2778/
f 2779/2779/ 2780/2780/ 2778/2778/
f 2779/2779/ 2781/2781/ 2780/2780/
f 2779/2779/ 2782/2782/ 2781/2781/
f 2783/2783/ 2767/2767/ 2773/2773/
f 2776/2776/ 2767/2767/ 2783/2783/
f 2783/2783/ 2773/2773/ 2784/2784/
f 2784/2784/ 2773/2773/ 2777/2777/
f 2776/2776/ 2783/2783/ 2785/2785/
f 2784/2784/ 2785/2785/ 2783/2783/
f 2784/2784/ 2777/2777/ 2786/2786/
f 2786/2786/ 2777/2777/ 2778/2778/
f 2786/2786/ 2778/2778/ 2787/2787/
f 2787/2787/ 2778/2778/ 2780/2780/
f 2787/2787/ 2780/2780/ 2788/2788/
f 2788/2788/ 2780/2780/ 2781/2781/
f 2788/2788/ 2781/2781/ 2789/2789/
f 2789/2789/ 2781/2781/ 2790/2790/
f 2782/2782/ 2790/2790/ 2781/2781/
f 2789/2789/ 2790/2790/ 2791/2791/
f 2790/2790/ 2782/2782/ 2792/2792/
f 2791/2791/ 2790/2790/ 2792/2792/
f 2782/2782/ 2793/2793/ 2792/2792/
f 2782/2782/ 2794/2794/ 2793/2793/
f 2794/2794/ 2795/2795/ 2793/2793/
f 2794/2794/ 2796/2796/ 2795/2795/
f 2794/2794/ 2797/2797/ 2796/2796/
f 2797/2797/ 2798/2798/ 2796/2796/
f 2797/2797/ 2799/2799/ 2798/2798/
f 2797/2797/ 2800/2800/ 2799/2799/
f 2800/2800/ 2801/2801/ 2799/2799/
f 2787/2787/ 2802/2802/ 2786/2786/
f 2786/2786/ 2802/2802/ 2803/2803/
f 2786/2786/ 2803/2803/ 2784/2784/
f 2784/2784/ 2803/2803/ 2785/2785/
f 2791/2791/ 2792/2792/ 2804/2804/
f 2804/2804/ 2792/2792/ 2793/2793/
f 2801/2801/ 2805/2805/ 2799/2799/
f 2801/2801/ 2806/2806/ 2805/2805/
f 2806/2806/ 2807/2807/ 2805/2805/
f 2806/2806/ 2808/2808/ 2807/2807/
f 2807/2807/ 2809/2809/ 2805/2805/
f 2809/2809/ 2798/2798/ 2799/2799/
f 2809/2809/ 2799/2799/ 2805/2805/
f 2807/2807/ 2810/2810/ 2809/2809/
f 2810/2810/ 2811/2811/ 2809/2809/
f 2810/2810/ 2812/2812/ 2811/2811/
f 2813/2813/ 2811/2811/ 2812/2812/
f 2813/2813/ 2812/2812/ 2814/2814/
f 2814/2814/ 2815/2815/ 2813/2813/
f 2814/2814/ 2816/2816/ 2815/2815/
f 2804/2804/ 2815/2815/ 2816/2816/
f 2814/2814/ 2812/2812/ 2817/2817/
f 2812/2812/ 2810/2810/ 2817/2817/
f 2817/2817/ 2818/2818/ 2814/2814/
f 2819/2819/ 2817/2817/ 2810/2810/
f 2810/2810/ 2807/2807/ 2819/2819/
f 2807/2807/ 2808/2808/ 2819/2819/
f 2811/2811/ 2798/2798/ 2809/2809/
f 2811/2811/ 2796/2796/ 2798/2798/
f 2795/2795/ 2796/2796/ 2811/2811/
f 2795/2795/ 2811/2811/ 2813/2813/
f 2815/2815/ 2795/2795/ 2813/2813/
f 2815/2815/ 2793/2793/ 2795/2795/
f 2804/2804/ 2793/2793/ 2815/2815/
f 2791/2791/ 2804/2804/ 2820/2820/
f 2789/2789/ 2791/2791/ 2820/2820/
f 2820/2820/ 2821/2821/ 2789/2789/
f 2788/2788/ 2789/2789/ 2821/2821/
f 2788/2788/ 2821/2821/ 2822/2822/
f 2788/2788/ 2822/2822/ 2787/2787/
f 2787/2787/ 2822/2822/ 2802/2802/
f 2823/2823/ 2824/2824/ 2819/2819/
f 2824/2824/ 2823/2823/ 2825/2825/
f 2823/2823/ 2826/2826/ 2825/2825/
f 2823/2823/ 2827/2827/ 2826/2826/
f 2828/2828/ 2827/2827/ 2823/2823/
f 2828/2828/ 2829/2829/ 2827/2827/
f 2806/2806/ 2829/2829/ 2828/2828/
f 2806/2806/ 2828/2828/ 2808/2808/
f 2830/2830/ 2825/2825/ 2826/2826/
f 2830/2830/ 2831/2831/ 2825/2825/
f 2824/2824/ 2825/2825/ 2831/2831/
f 2831/2831/ 2830/2830/ 2832/2832/
f 2831/2831/ 2832/2832/ 2833/2833/
f 2834/2834/ 2833/2833/ 2832/2832/
f 2831/2831/ 2835/2835/ 2824/2824/
f 2819/2819/ 2828/2828/ 2823/2823/
f 2819/2819/ 2808/2808/ 2828/2828/
f 2801/2801/ 2829/2829/ 2806/2806/
f 2801/2801/ 2836/2836/ 2829/2829/
f 2827/2827/ 2829/2829/ 2836/2836/
f 2800/2800/ 2836/2836/ 2801/2801/
f 2837/2837/ 2836/2836/ 2800/2800/
f 2837/2837/ 2838/2838/ 2836/2836/
f 2837/2837/ 2839/2839/ 2838/2838/
f 2840/2840/ 2839/2839/ 2837/2837/
f 2840/2840/ 2841/2841/ 2839/2839/
f 2832/2832/ 2830/2830/ 2841/2841/
f 2840/2840/ 2842/2842/ 2841/2841/
f 2832/2832/ 2841/2841/ 2842/2842/
f 2834/2834/ 2832/2832/ 2842/2842/
f 2843/2843/ 2842/2842/ 2840/2840/
f 2843/2843/ 2844/2844/ 2842/2842/
f 2834/2834/ 2842/2842/ 2844/2844/
f 2845/2845/ 2844/2844/ 2843/2843/
f 2843/2843/ 2846/2846/ 2845/2845/
f 2847/2847/ 2846/2846/ 2843/2843/
f 2847/2847/ 2848/2848/ 2846/2846/
f 2847/2847/ 2849/2849/ 2848/2848/
f 2850/2850/ 2849/2849/ 2847/2847/
f 2850/2850/ 2851/2851/ 2849/2849/
f 2850/2850/ 2852/2852/ 2851/2851/
f 2852/2852/ 2850/2850/ 2853/2853/
f 2852/2852/ 2853/2853/ 2854/2854/
f 2855/2855/ 2854/2854/ 2853/2853/
f 2855/2855/ 2856/2856/ 2854/2854/
f 2854/2854/ 2856/2856/ 2857/2857/
f 2854/2854/ 2857/2857/ 2858/2858/
f 2859/2859/ 2854/2854/ 2858/2858/
f 2859/2859/ 2860/2860/ 2854/2854/
f 2861/2861/ 2852/2852/ 2854/2854/
f 2860/2860/ 2861/2861/ 2854/2854/
f 2861/2861/ 2862/2862/ 2852/2852/
f 2862/2862/ 2851/2851/ 2852/2852/
f 2860/2860/ 2863/2863/ 2861/2861/
f 2862/2862/ 2861/2861/ 2863/2863/
f 2862/2862/ 2864/2864/ 2851/2851/
f 2864/2864/ 2849/2849/ 2851/2851/
f 2864/2864/ 2865/2865/ 2849/2849/
f 2865/2865/ 2848/2848/ 2849/2849/
f 2865/2865/ 2866/2866/ 2848/2848/
f 2866/2866/ 2846/2846/ 2848/2848/
f 2866/2866/ 2867/2867/ 2846/2846/
f 2867/2867/ 2845/2845/ 2846/2846/
f 2867/2867/ 2868/2868/ 2845/2845/
f 2862/2862/ 2863/2863/ 2869/2869/
f 2864/2864/ 2862/2862/ 2869/2869/
f 2864/2864/ 2869/2869/ 2870/2870/
f 2865/2865/ 2864/2864/ 2870/2870/
f 2865/2865/ 2870/2870/ 2871/2871/
f 2866/2866/ 2865/2865/ 2871/2871/
f 2866/2866/ 2871/2871/ 2872/2872/
f 2866/2866/ 2872/2872/ 2867/2867/
f 2868/2868/ 2844/2844/ 2845/2845/
f 2868/2868/ 2834/2834/ 2844/2844/
f 2867/2867/ 2872/2872/ 2873/2873/
f 2873/2873/ 2868/2868/ 2867/2867/
f 2873/2873/ 2834/2834/ 2868/2868/
f 2874/2874/ 2875/2875/ 2876/2876/
f 2874/2874/ 2876/2876/ 2877/2877/
f 2874/2874/ 2877/2877/ 2878/2878/
f 2878/2878/ 2877/2877/ 2879/2879/
f 2879/2879/ 2880/2880/ 2878/2878/
f 2880/2880/ 2881/2881/ 2878/2878/
f 2880/2880/ 2882/2882/ 2881/2881/
f 2882/2882/ 2883/2883/ 2881/2881/
f 2883/2883/ 2884/2884/ 2881/2881/
f 2885/2885/ 2874/2874/ 2878/2878/
f 2885/2885/ 2878/2878/ 2881/2881/
f 2881/2881/ 2886/2886/ 2885/2885/
f 2881/2881/ 2887/2887/ 2886/2886/
f 2884/2884/ 2888/2888/ 2881/2881/
f 2884/2884/ 2889/2889/ 2888/2888/
f 2881/2881/ 2888/2888/ 2890/2890/
f 2881/2881/ 2890/2890/ 2887/2887/
f 2887/2887/ 2890/2890/ 2891/2891/
f 2887/2887/ 2891/2891/ 2886/2886/
f 2888/2888/ 2892/2892/ 2890/2890/
f 2892/2892/ 2893/2893/ 2890/2890/
f 2892/2892/ 2894/2894/ 2893/2893/
f 2890/2890/ 2893/2893/ 2895/2895/
f 2890/2890/ 2895/2895/ 2891/2891/
f 2892/2892/ 2896/2896/ 2894/2894/
f 2894/2894/ 2897/2897/ 2893/2893/
f 2894/2894/ 2898/2898/ 2897/2897/
f 2896/2896/ 2898/2898/ 2894/2894/
f 2897/2897/ 2899/2899/ 2893/2893/
f 2897/2897/ 2900/2900/ 2899/2899/
f 2901/2901/ 2895/2895/ 2893/2893/
f 2901/2901/ 2893/2893/ 2899/2899/
f 2899/2899/ 2900/2900/ 2902/2902/
f 2899/2899/ 2902/2902/ 2901/2901/
f 2896/2896/ 2903/2903/ 2898/2898/
f 2904/2904/ 2891/2891/ 2895/2895/
f 2905/2905/ 2891/2891/ 2904/2904/
f 2906/2906/ 2905/2905/ 2904/2904/
f 2906/2906/ 2886/2886/ 2905/2905/
f 2906/2906/ 2885/2885/ 2886/2886/
f 2885/2885/ 2906/2906/ 2907/2907/
f 2908/2908/ 2907/2907/ 2906/2906/
f 2909/2909/ 2907/2907/ 2908/2908/
f 2907/2907/ 2909/2909/ 2910/2910/
f 2874/2874/ 2907/2907/ 2910/2910/
f 2885/2885/ 2907/2907/ 2874/2874/
f 2874/2874/ 2910/2910/ 2911/2911/
f 2874/2874/ 2911/2911/ 2875/2875/
f 2908/2908/ 2906/2906/ 2912/2912/
f 2912/2912/ 2906/2906/ 2913/2913/
f 2913/2913/ 2906/2906/ 2914/2914/
f 2914/2914/ 2906/2906/ 2915/2915/
f 2906/2906/ 2904/2904/ 2915/2915/
f 2914/2914/ 2915/2915/ 2916/2916/
f 2905/2905/ 2886/2886/ 2891/2891/
f 2915/2915/ 2904/2904/ 2917/2917/
f 2917/2917/ 2904/2904/ 2918/2918/
f 2917/2917/ 2918/2918/ 2919/2919/
f 2904/2904/ 2895/2895/ 2918/2918/
f 2917/2917/ 2919/2919/ 2920/2920/
f 2919/2919/ 2918/2918/ 2921/2921/
f 2919/2919/ 2921/2921/ 2922/2922/
f 2920/2920/ 2919/2919/ 2922/2922/
f 2921/2921/ 2918/2918/ 2923/2923/
f 2921/2921/ 2923/2923/ 2924/2924/
f 2901/2901/ 2923/2923/ 2918/2918/
f 2901/2901/ 2918/2918/ 2895/2895/
f 2923/2923/ 2901/2901/ 2902/2902/
f 2923/2923/ 2902/2902/ 2924/2924/
f 2920/2920/ 2922/2922/ 2925/2925/
f 2926/2926/ 2927/2927/ 2928/2928/
f 2926/2926/ 2928/2928/ 2929/2929/
f 2930/2930/ 2927/2927/ 2926/2926/
f 2931/2931/ 2927/2927/ 2930/2930/
f 2931/2931/ 2932/2932/ 2927/2927/
f 2933/2933/ 2932/2932/ 2931/2931/
f 2934/2934/ 2932/2932/ 2933/2933/
f 2934/2934/ 2933/2933/ 2935/2935/
f 2936/2936/ 2934/2934/ 2935/2935/
f 2937/2937/ 2934/2934/ 2936/2936/
f 2937/2937/ 2938/2938/ 2934/2934/
f 2939/2939/ 2938/2938/ 2937/2937/
f 2934/2934/ 2940/2940/ 2932/2932/
f 2934/2934/ 2941/2941/ 2940/2940/
f 2934/2934/ 2942/2942/ 2941/2941/
f 2938/2938/ 2942/2942/ 2934/2934/
f 2943/2943/ 2932/2932/ 2940/2940/
f 2943/2943/ 2944/2944/ 2932/2932/
f 2944/2944/ 2927/2927/ 2932/2932/
f 2939/2939/ 2945/2945/ 2938/2938/
f 2945/2945/ 2946/2946/ 2938/2938/
f 2946/2946/ 2941/2941/ 2942/2942/
f 2946/2946/ 2940/2940/ 2941/2941/
f 2938/2938/ 2946/2946/ 2942/2942/
f 2945/2945/ 2947/2947/ 2946/2946/
f 2947/2947/ 2948/2948/ 2946/2946/
f 2946/2946/ 2948/2948/ 2949/2949/
f 2946/2946/ 2949/2949/ 2950/2950/
f 2946/2946/ 2950/2950/ 2940/2940/
f 2943/2943/ 2940/2940/ 2950/2950/
f 2949/2949/ 2951/2951/ 2950/2950/
f 2951/2951/ 2952/2952/ 2950/2950/
f 2951/2951/ 2953/2953/ 2952/2952/
f 2953/2953/ 2954/2954/ 2952/2952/
f 2954/2954/ 2955/2955/ 2952/2952/
f 2954/2954/ 2956/2956/ 2955/2955/
f 2943/2943/ 2950/2950/ 2957/2957/
f 2957/2957/ 2950/2950/ 2952/2952/
f 2958/2958/ 2718/2718/ 2720/2720/
f 2958/2958/ 2720/2720/ 2724/2724/
f 2958/2958/ 2716/2716/ 2718/2718/
f 2958/2958/ 2714/2714/ 2716/2716/
f 2958/2958/ 2713/2713/ 2714/2714/
f 2827/2827/ 2836/2836/ 2838/2838/
f 2826/2826/ 2827/2827/ 2838/2838/
f 2826/2826/ 2838/2838/ 2839/2839/
f 2841/2841/ 2826/2826/ 2839/2839/
f 2841/2841/ 2830/2830/ 2826/2826/
f 2959/2959/ 2960/2960/ 2961/2961/
f 2959/2959/ 2961/2961/ 2962/2962/
f 2960/2960/ 2963/2963/ 2961/2961/
f 2960/2960/ 2964/2964/ 2963/2963/
f 2964/2964/ 2965/2965/ 2963/2963/
f 2964/2964/ 2966/2966/ 2965/2965/
f 2966/2966/ 2967/2967/ 2965/2965/
f 2966/2966/ 2968/2968/ 2967/2967/
f 2968/2968/ 2969/2969/ 2967/2967/
f 2968/2968/ 2970/2970/ 2969/2969/
f 2969/2969/ 2970/2970/ 2971/2971/
f 2969/2969/ 2971/2971/ 2972/2972/
f 2971/2971/ 2973/2973/ 2972/2972/
f 2971/2971/ 2974/2974/ 2973/2973/
f 2974/2974/ 2975/2975/ 2973/2973/
f 2974/2974/ 2976/2976/ 2975/2975/
f 2976/2976/ 2977/2977/ 2975/2975/
f 2976/2976/ 2978/2978/ 2977/2977/
f 2979/2979/ 2966/2966/ 2964/2964/
f 2979/2979/ 2964/2964/ 2980/2980/
f 2981/2981/ 2970/2970/ 2968/2968/
f 2981/2981/ 2968/2968/ 2982/2982/
f 2970/2970/ 2981/2981/ 2983/2983/
f 2970/2970/ 2983/2983/ 2971/2971/
f 2984/2984/ 2976/2976/ 2974/2974/
f 2984/2984/ 2974/2974/ 2985/2985/
f 2985/2985/ 2974/2974/ 2971/2971/
f 2985/2985/ 2971/2971/ 2983/2983/
f 2986/2986/ 2978/2978/ 2976/2976/
f 2986/2986/ 2976/2976/ 2984/2984/
f 2982/2982/ 2966/2966/ 2979/2979/
f 2982/2982/ 2968/2968/ 2966/2966/
f 2980/2980/ 2964/2964/ 2960/2960/
f 2980/2980/ 2960/2960/ 2987/2987/
f 2987/2987/ 2960/2960/ 2959/2959/
f 2987/2987/ 2959/2959/ 2988/2988/
f 2988/2988/ 2959/2959/ 2989/2989/
f 2988/2988/ 2989/2989/ 2990/2990/
f 2989/2989/ 2959/2959/ 2962/2962/
f 2989/2989/ 2962/2962/ 2991/2991/
f 2992/2992/ 2993/2993/ 2994/2994/
f 2992/2992/ 2994/2994/ 2995/2995/
f 2995/2995/ 2994/2994/ 2996/2996/
f 2995/2995/ 2996/2996/ 2997/2997/
f 2997/2997/ 2996/2996/ 2998/2998/
f 2997/2997/ 2998/2998/ 2999/2999/
f 2999/2999/ 2998/2998/ 3000/3000/
f 2999/2999/ 3000/3000/ 3001/3001/
f 3001/3001/ 3000/3000/ 3002/3002/
f 3001/3001/ 3002/3002/ 3003/3003/
f 3002/3002/ 3004/3004/ 3003/3003/
f 3002/3002/ 3005/3005/ 3004/3004/
f 3004/3004/ 3005/3005/ 3006/3006/
f 3004/3004/ 3006/3006/ 3007/3007/
f 3007/3007/ 3006/3006/ 3008/3008/
f 3007/3007/ 3008/3008/ 3009/3009/
f 3009/3009/ 3008/3008/ 3010/3010/
f 3009/3009/ 3010/3010/ 3011/3011/
f 3012/3012/ 2997/2997/ 2999/2999/
f 3012/3012/ 3013/3013/ 2997/2997/
f 3013/3013/ 2995/2995/ 2997/2997/
f 3013/3013/ 3014/3014/ 2995/2995/
f 3014/3014/ 2992/2992/ 2995/2995/
f 3014/3014/ 3015/3015/ 2992/2992/
f 3003/3003/ 3004/3004/ 3016/3016/
f 3017/3017/ 3007/3007/ 3009/3009/
f 3017/3017/ 3018/3018/ 3007/3007/
f 3019/3019/ 3017/3017/ 3009/3009/
f 3019/3019/ 3009/3009/ 3011/3011/
f 3018/3018/ 3016/3016/ 3004/3004/
f 3018/3018/ 3004/3004/ 3007/3007/
f 3015/3015/ 3020/3020/ 2992/2992/
f 3015/3015/ 3021/3021/ 3020/3020/
f 3020/3020/ 2993/2993/ 2992/2992/
f 3020/3020/ 3022/3022/ 2993/2993/
f 3003/3003/ 3016/3016/ 3023/3023/
f 3023/3023/ 3001/3001/ 3003/3003/
f 3023/3023/ 3024/3024/ 3001/3001/
f 3024/3024/ 2999/2999/ 3001/3001/
f 3024/3024/ 3012/3012/ 2999/2999/
